longitude,latitude
0.745071229516849,-0.6784947304872218
-0.20739645175677698,-0.3054994630536529
0.9715328071510387,-0.5973810610451429
2.284544784612038,0.11041804694611956
-0.35123006208500396,1.1971785314619128
-0.3512054354237708,-0.7710421571412046
2.368819223261087,1.000820497768414
1.1511520937293631,-0.7816720723468876
-0.7042115789024281,-0.8476272124968842
0.813840065378947,0.8185946183432132
-0.6951265392186934,0.9219363780076167
-0.6985946303553853,0.8514099367626543
0.3629434073490512,-1.3157974082181412
-2.8699203669866966,-0.46595097807205077
-2.5873767487695494,0.8229885920033214
-0.843431293861459,0.04154184056389461
-1.5192466805016358,-1.0736928461974642
0.4713709988929108,0.4583179391254417
-1.3620361132818164,-0.7148072589914705
-2.118455552002937,1.794524848392212
2.198473153382331,1.5448414624182585
-0.3386644507298035,0.6040974263555673
0.10129230703188576,1.3610067047697736
-2.1371222793201854,0.0647913501233811
-0.816574086787774,0.7654374943750158
0.16638388456479913,1.477720295302075
-1.7264903661334543,0.2454986817943127
0.5635470275185079,-0.25518717151428366
-0.9009580348782075,-1.7046219581771158
-0.43754062468991517,-0.08313352572149399
-0.9025599183440953,0.8234231845623113
2.7784172767634066,0.9456334275676297
-0.02024583710690088,0.5043650657184098
-1.5865663934338505,-0.5412990949622398
1.2338173681547835,-1.9768215689475905
-1.8312654749565334,-0.4952150980047351
0.3132953925071331,-0.3043448710539514
-2.9395051858196632,-0.3129289671900141
-1.9922790733476456,0.6185563569779244
0.2952918538036853,1.9856764110148397
1.1076998699931155,0.12352920184109302
0.25705242178495574,-0.21673178915646166
-0.17347242358236079,-0.2592218130040925
-0.4516555433839332,0.1243847669077142
-2.217782985551141,-0.828293760348399
-1.079766312592063,0.12019855874605508
-0.6909581564396813,0.4508123363317998
1.5856833393283736,0.20968606357448813
0.5154274343526921,0.4575419340047812
-2.6445602330441007,0.4337476093485353
0.4861259540921925,-1.7718966822464437
-0.5776234206244748,0.6368701583954032
-1.0153830004589381,-0.6710148456624536
0.9175144332613019,-1.095839163003958
1.5464992837439264,-1.1044518278549962
1.3969201786742977,0.4335416104725293
-1.2588262848339578,-0.22257492722485295
-0.46381856377682185,-1.6819687839854107
0.49689514710534594,0.47803781519228344
1.4633176906835388,-1.4396081307988273
-0.718761356767935,0.13982135851821087
-0.27848846499572566,0.23849892567305414
-1.6595024610090423,0.8855770816950449
-1.7943099361210062,1.7816847864668515
1.218788733591297,-1.3646763259005417
2.0343600428562345,-0.05247385606304944
-0.10801518237050077,-0.27633529504421733
1.5052993468380362,0.43374968596096225
0.5424540375714513,0.21566877093361858
-0.9676796319076864,-0.35254624273661994
0.5420934082626209,-0.4409021886108555
2.307054849698954,-1.1164508551840475
-0.05373905866492731,0.9878615824065092
2.3469654837210094,0.45920418159952925
-3.9296176561346163,0.9177681977951373
1.2328537565628357,-0.3103961364755137
0.13057060235725684,-0.6568354686944304
-0.4485110256988012,-1.0783150666292278
0.13764116480325345,0.3589175837406595
-2.9813533719013394,-1.0397932245282346
-0.3295078317562679,1.8486630689665502
0.5356688572676196,-1.3076425810934404
2.216841067112274,0.2736601192125019
-0.7774053274104711,1.5668547072137862
-1.2127404043397814,0.599089759263809
-0.7526355653768049,0.17567371249177932
1.3731031765531112,-0.9684836469618956
0.4931266644895267,-1.381769188567704
-0.7946403056505582,0.7700501089175859
0.7699011496700341,1.5061472407749465
0.1456163240220606,-0.43884999047817147
1.4529674857993338,-1.139061507616351
-1.0530796408160286,-2.4581694305490185
-0.4914932198966523,-0.9807648436625377
-0.5881622296982365,-0.11365684249904019
-2.195272422198178,1.5991232408367342
0.44418041559686405,0.6731336922329685
0.391582908269834,0.305085404706753
0.007670184963691335,-0.40011966130113097
-0.3518807000627204,-0.5831657172559563
-2.1230561130756214,1.4056475975079636
-0.6309679841480386,0.20073854075838948
-0.5140717747901542,-2.102600691921022
-1.2034159038324284,-0.6735396478972429
-0.2419285674990137,-0.8582160317716268
0.6060762852218076,-0.5462640091774649
2.829278851815795,0.5629106602850852
0.26186671924775845,-0.10744488179424941
0.3863255860841466,-0.07686540700366203
-0.11166887364925082,1.3134731613252366
-2.8781568229485623,-0.6964610897866884
-0.03977081317382532,1.8641995258873496
0.09034531491153966,-0.6713075913710861
3.694863168727929,0.08919819661257138
-0.2885414471716838,-0.2812035954027669
0.4523210135004187,0.12341913350096105
-0.05206765455786497,0.44459199507312896
-1.753017056429298,0.43383524008887653
1.7142342217725308,-0.75311733062058
1.127899549030161,-1.1229146774475707
1.1865479205645704,2.5031717909057107
-1.3640811821921084,-0.4839843396005531
2.104191466404149,0.6992124386719866
-2.1027765941884216,-1.6076413105231968
0.8802856407004054,-0.2796127199046768
3.285683438714968,-0.12719938398244293
-1.4858044876960326,0.4728150699278325
-0.8494465944041578,-2.722454140991939
0.14947704763146183,0.16614061307833064
-0.7552134811742988,-1.1497414553678929
-2.3259951465991993,0.32434571119492384
0.10284446220904099,-1.036329196838163
-1.5934555705891573,-0.8554826959255813
0.7103886459527724,-0.27362761039326816
-1.3791363513507047,-1.0523294696031953
2.324901607526309,-0.47553444673535483
-1.1748799385043556,-1.1933757685433153
-0.48309227430851337,-1.8331704516987275
1.2202758260545046,1.0179570524293595
-1.846296474650933,-1.2960486928239283
0.34118990190619414,-0.17868088760798354
1.960714131423642,0.7528910814937849
-2.4112248518418413,-0.6149441025160431
0.27695078779845633,-0.8251658997455379
0.3898241913726353,0.22623808866742148
1.1727343076659655,1.117933822727152
-1.855426066317123,-1.1693152650864689
-1.9806849196264145,-0.15014783201743892
0.7829123484253464,-1.7324945949673274
0.4454770098497791,-0.39320100368219
0.3757392755188148,0.034204684538075444
0.5196723142454636,-0.8546246417550657
-1.0200370823677363,-0.45699183382523145
0.34838054574150534,-1.40822676830745
0.43960870994802187,0.07707861138149362
-1.0715271270395517,1.0556942488831498
2.7986617667171347,-1.0971438697704636
0.7107493813676813,-0.6226717665523829
-1.786955245803973,0.5025462464541818
0.9848304129507446,1.2120907193227362
-1.462022505340982,-1.4931898122089313
1.180626905613678,-0.16878473741594932
1.7378933685111062,0.283130822319525
-1.2310234775275657,-0.10205639062884797
1.4450641938664828,-2.476792066877087
0.6191713904047474,0.5010900093087719
1.233090239991735,1.5193363510906441
2.845189473980921,0.11666175116950343
-0.36808217400430576,-1.0311060532942633
-1.1306042465362345,-0.5131272463642831
-1.334271644438285,1.769913067655593
-1.2237154274481574,0.9099625408605586
-0.11565256412115629,0.6400266183843293
0.5117279622249659,0.35641258353437605
0.4150361989950286,-0.6611371121909724
1.2407748735540358,-0.20057118065576857
0.01950283781686053,-0.07792273567851586
2.1803011157359755,0.549574316064444
-0.3969852498569341,1.5089188942669034
4.080253749884428,1.118338136793128
0.9385010216475094,-1.4193843557960406
-1.2857363346244237,0.22399496890104872
-1.6063387470916686,0.736763345167897
0.723708622864778,0.6188603301446354
-0.3351941779887764,-0.6292337633874194
1.071000741138138,2.9141092157683617
0.7098564368603173,-1.2770845623311189
-0.10924336898530916,-1.08318844666605
-1.2701905771026074,0.2335950812615763
-2.272270837028797,2.1168030549638535
-0.6697724281005316,-0.8361948507041709
1.2845981914852085,-0.2658283656469923
0.32114061619530593,1.0772936730156928
-1.868608168067982,-0.0178621548877335
0.25977138877677297,-0.3346038545302957
0.5779760695932552,0.5656329018867201
-1.3257861543016995,0.2725179902295931
0.23058765891829186,1.0304387856367914
0.08731307766899984,1.2914688890653634
-1.7144554467459345,0.3070030600053617
0.5366810405224249,0.291732725378309
0.8411767895523516,0.21411098228613354
1.6245768647629155,0.4891305566492876
1.5807030780523545,0.05517063787146392
-2.0665040519356364,-0.0006084823222894505
-1.4067375598726841,1.1966271208272423
0.7725529008129897,1.5161161803550431
0.7706789263683131,-1.5075529446334208
0.7725715294590718,0.010021151740569072
5.779097235982082,-0.6886944334452347
0.8563357660397505,-0.3109714664860723
1.7033484602708984,0.40251620973532143
1.4310026452398035,0.6694383715424684
0.977086876958697,-0.1121264436113449
-0.47290386696051845,-1.9133403347228028
1.138453830739901,-0.9650455805761796
-1.1592378218063577,0.896499670200166
-0.3552279101100133,-2.7404264220349313
-0.7280453217436552,1.1874271516819999
0.12281120907948384,0.5212299906445413
3.471987850010263,1.316176081530022
-2.800897788887622,-0.19856918688096045
1.0293902855617703,-2.061405424022905
-2.4190738067844775,0.430362641506498
-0.7078977986841501,1.2746531240383412
1.6334258954510492,0.924721805513421
0.09642002864319416,-0.6626914834880354
-1.6166171668939593,0.0867610754626467
-1.0729555638899524,-0.532836268779924
1.0193966234020138,-0.8192664641893721
-1.0955499475757051,0.955388571179851
0.3246878843729623,-1.1975323112651621
0.06835775985572068,-0.8938164305816126
-0.9774005214087256,-1.1040256334723855
3.2159161339879887,-1.4902475232990466
0.9508785334770169,0.14641429184260343
-3.037713879986411,1.161503048481976
0.27968147215414146,-0.18487675624526564
-0.992679697152582,-1.5057478005641665
1.2786500021943359,0.8399445397420275
-1.188781107649051,1.6857017540349715
-0.17210466220034853,-0.6462423241465945
0.7574809184706857,-0.4785542667177183
1.2986327912551823,0.5156606300833942
-1.8004446105836642,1.6218737477850513
-0.5017518537614225,-0.5198341457252261
-0.7124179667414343,-1.332449780998205
-0.9799938488605678,0.6314186062724064
2.6481813604216455,0.7990680731422993
0.6074725664414333,0.006131450435226853
-1.8913259315025677,-0.5581332596574506
1.376792920582164,0.9943787309920463
3.18323429551895,0.5280360045479643
1.5486978908267202,-0.7684355169034929
-2.2790549489310203,0.0490947313056715
-0.7263511092993771,-1.3517075320246466
1.9003667237799342,0.6858904564379201
-1.061504198428171,-0.2622335693828559
0.6657291422193427,-0.4357108323847371
1.1619510801440052,-0.03287448515243416
-1.3903957073671245,0.040307699330247825
-0.08928803409270011,0.8949300615655605
-4.861901010103609,0.5910905313252215
-1.5365814620014349,-0.1564092787928027
-0.3788522270897404,0.7636681497189952
-1.8716747729472742,0.40073725369161306
2.448616955897453,-0.4265996362860371
-2.145212066940949,-0.1247181582364859
-0.6600667300454757,-0.1482228888431208
0.196110865929137,0.5052613431742017
2.161909933599173,-0.36702261472164177
-2.1537932267691593,-0.3904091864216333
1.7447456282324394,1.9687573094339588
0.015349591529380573,0.9397354817471042
-1.4722629765719264,-0.7606006644251391
0.6931552113949061,0.5709409939421983
0.29858954336020505,0.11835006565517724
-0.9003253157381921,0.3915511752600938
0.10470312748502837,0.13734132456510456
-0.5779703952926403,1.1896426454852358
0.17027601787687208,0.34562034465144587
0.99319601178157,-0.062088698214287405
2.379025224218028,1.0421905769830173
-1.8567232482402736,0.233285041087872
3.1995500619844,0.12147857932905783
-2.9281316992837527,0.3140226024861145
-0.22767764255337497,-0.0936090233663665
0.8824758097268648,0.009226992995468902
0.42148780160254895,-0.5866945887618727
-0.9340492797308907,-0.7511672196238788
-0.3121833755359128,-0.9985703864824396
-0.7395014019882492,-1.391983286797076
-0.8840471354163173,-0.8797173613845565
1.274403145531537,-0.17426703446692562
0.535523228947571,0.10311758244563701
-1.0393643928909813,-0.2712965631476405
1.3493998131498761,-2.355703490127358
0.460949281314914,1.5745863577623422
1.2192931782584402,1.0864801228903818
0.9444432628854184,0.4457598512171287
-1.2434925163831085,1.907490672553268
-0.8402715602954544,-0.9773641174837107
1.1209404076848928,1.8876251206260046
0.9155553981501973,-0.9652140767505479
-0.0313523909462222,0.23873792529135657
0.17599107496317298,-1.2738373251342043
1.9164973436826374,0.014694095544366792
-0.887357083253745,0.3861664979983887
0.8206460717550569,-0.1546903311345547
-0.3032889786508411,0.7138774440901375
-0.32652180484083043,0.09901444948725731
1.6481652779807852,-0.5224147283775092
1.2381245234820448,-0.5668133178023392
1.2202644540009577,0.8109137726156964
1.9582182107314936,-0.6537420298069675
0.03150576244913857,0.9154029704849369
1.0229294569424459,1.2227117928319309
-0.46540013489018406,-1.66871386234613
0.48624952873266314,1.1329263873010347
-0.19521458155152688,2.060422698444699
0.1454939474890773,0.25200376120192847
0.8927355381553704,0.5990841852948223
-1.2273310248502087,1.0370053243691586
3.13858091352819,-0.2754823151790223
-1.509026072249553,0.1822802235378697
-1.8212829191815982,-1.3141995296231093
1.7371663102501018,0.13863502853045098
1.187494040944404,0.4981119956445415
0.9361797255782327,0.5161630229264693
0.9425182638964198,1.0654247235975804
-0.018370159270371934,-0.7748021781355291
-1.3458815572287472,-0.5326067566734964
0.1137068372905895,1.8955073459913552
-1.0157425672681675,-0.15032837376370992
1.4626796001266267,0.200033787312328
-0.22058607225320798,-0.06701004172522106
-1.2382457951887673,-0.8216808263050224
-0.48207876247949016,1.6235292108918062
0.6193971814134365,-0.5277014119206057
-0.8455868292059621,-1.12728552370693
-1.2333305933496472,-0.4507402773027516
0.36553081723786846,-2.0017060017255335
0.36744985666308416,-0.6512874649831818
-0.7604147630566946,-0.9681285978523266
-0.7065574584274842,0.6174286309273244
0.3480749060364544,-0.6734142395598725
-2.172126512245986,0.8878039355788485
-2.1111956615648326,1.3984839930693214
-1.0776663318786541,0.7811753362875992
-0.3201707275677709,-0.2153882888600766
0.4663613483970069,0.14111449670559295
2.213034325424328,-1.5249849401440596
1.2864894348030291,-0.13377937252123967
-0.23990779494514067,-0.8604384680668331
-0.028524311854033244,0.6943263811492989
-1.5037940469567133,2.572752389244474
-0.027769703988584894,0.49982163597380935
-0.4329879583802075,-1.9911401489546665
0.4840778405071342,-0.36123019291437297
-1.2408464153284844,0.12249092537445466
0.7790197713617584,0.0873574252602637
2.2991083695038665,-0.7308131256087531
-0.16314022268528638,0.2452917426369353
0.6025675831484122,-1.2425008369193873
1.0352159875666689,-0.944908722685067
-0.6018307078287544,0.6457976416037114
0.33613872271562517,-1.015663230879826
0.01888860117269229,0.5382116054922572
0.14651414782324756,-1.369463774656058
-1.1595146757831998,1.764825883791736
0.03676526138841407,-0.7742699224040547
0.7469974368681747,-0.22366657180344413
2.1767154116925624,0.3306132610904059
1.4389062391278102,-0.5653499525010943
3.2297736862673343,0.14340596107130443
-1.1510213443320743,0.5753567245201257
1.3084809550810172,0.9606132325034853
0.27501300860752764,0.7914974359729572
3.2847043998265084,-0.171810463802674
-1.212447428032727,-0.14663177404360228
-1.259582763271164,2.3491085580250326
-0.8990889681660332,0.9498890682492921
-3.1858435864647103,-0.9218236563202137
-0.7886325325211416,0.0999881637655518
-1.1386989923305468,-0.3351431387781925
0.22559067971431146,-0.1353342339231097
0.5126339636657391,-1.229495157708088
2.8142562588238293,-0.41192323438595313
1.4256357572790754,1.8115557731939131
-0.8653554834936046,0.579076300875503
-1.3476220070225369,-2.49116140815146
0.7378787572597586,1.2167234924979469
-1.9803498105309632,1.0896295229091613
2.7471881487815306,-0.35928530430641653
1.7691601810819306,0.7172635437832151
-0.7037634781570572,-0.8593992108172007
-2.569701793636316,-0.47025571626635737
2.0308085612481195,1.4985463606698537
-0.17180976787892682,-0.2717300398697084
1.8567244679601926,-1.869731661954991
-2.3916414881915506,-0.06330322278133675
-0.8990625344306593,-0.0785883929143568
0.007865549577274748,1.1983685693734596
0.07047089064711308,0.014336422175760023
-0.6750982072188655,-0.42158231144029273
0.9342748985212481,1.045056145231206
-1.6014306440738917,0.12079023250111028
-0.21356922753194024,-0.750022681565717
0.1804434475678483,1.1549975605416176
0.7716582510881236,0.19366176451679923
1.0674223171333348,0.002925966679437699
-1.6869631377568037,0.1779083914116544
-2.3011712561034336,-1.070668371416597
1.9165152328477637,-0.5276537761783373
0.4984710179693875,0.003582601832783283
-1.1227298048348304,-0.19466369502467995
2.3267279632837843,1.2724283828165954
0.173511951439288,0.21740585272700344
1.7689457760957397,0.8549039226364025
0.10127772211516342,0.009395354575849457
3.0911218873229807,1.056288483746123
2.6330112636648066,0.3975277565731539
-0.3734462227186103,0.01342048538846011
1.457356426431533,-0.013283088959019524
0.9680639243777214,-0.9544386262909633
2.052947336298523,0.5069157201363107
-1.4473851908701567,-0.04020473453637896
1.029077189997659,-0.5019919601812046
1.5876367302743817,1.1064617708120716
-2.6381092296346713,-1.2502160258948012
-1.7748877689986626,-0.422495895432434
-3.058848266640151,1.0277187487795334
-0.4041102516668367,0.31552294092025324
1.0763133836939436,-0.04785892765275731
2.2535355781440423,0.25100354315014656
0.11114217062966278,0.1794141710488413
2.4429233183569377,-1.5166625462859213
-2.070152187322337,-0.3492618853479615
-2.555073659032732,1.6165216545137489
-0.08332154834492816,-0.6593241347771676
0.576098173408961,-0.31830101410433403
-0.04904212214113966,-0.5416207633091875
-3.101163150059815,-0.08701522331813741
-0.1336800592691826,-0.5831228313242981
-1.9567042507572798,0.48674150215806
1.0045088232450576,0.19731341229026655
0.5498973691452724,0.7735476151070181
-1.409819679491033,-1.0509411661889605
-0.7708003760050404,-0.34034048288290325
-1.5888202828334275,-0.22572263161213502
-0.09401864590975781,0.45564691008859476
1.4327134807518573,-0.7932211972070344
-1.4785890695033155,0.9156538042583441
0.7560697732767666,1.1864155905176088
-0.7953864275586612,-0.9888723476355838
-1.1893092483935161,-0.4908728948935657
-0.16054553993183673,-0.5319315082920923
-1.5528634836290611,2.6323862046774984
-0.8304739580207731,-0.4299001052078867
-1.7968168388832728,1.6776254421561345
2.947087699374584,-1.2666319951066096
0.052895327957592914,-0.9896509661643634
-1.0495882619888783,-0.6866045318482008
0.32096986610133305,-0.8456893114465224
-0.16849207453624473,-0.26789873415849874
-0.33145439929983445,-0.7087782027214982
0.9212500500651378,-0.8193415927345735
1.1362615650709578,1.1584719964733277
-0.7957517214157912,1.2237936225131651
-0.86372736096702,0.9492964983753157
-0.412577545727466,0.5239989555843281
-3.452881747103377,0.09274306577955228
-2.2727865932978286,-0.4970306906659087
2.050311401166787,-0.953157504755092
2.4674515702519253,0.3629957034326874
-0.3735540593345675,-1.173630392546798
0.8648354445836497,-0.9939209291753933
0.46687523181530416,1.1529132562048097
4.618321212682856,1.900649041722087
1.6793623671518652,0.39329513816648076
-0.1918763872211498,1.1064571522946443
-1.4333106609006387,-0.24584831744398336
-2.4096694803863588,-1.3376741860876842
0.3051954538008347,0.612171618618584
-1.134526117926455,0.5692893232700639
-2.133380564396511,0.07166855388024412
-0.9698593263637898,-0.24237545810511135
-1.6223220054215926,0.9622105785810979
2.530712452608847,-0.9857330334274744
1.3224596354241758,-0.7737805788906578
-0.011958961974926057,-1.008106506760428
2.2199162083350386,0.08497296263582721
0.11605246147142745,-1.0878930121092583
-1.2919263019923954,-0.6842421805152435
2.284686115904486,-0.7057555622271979
0.8083650655269881,-0.2606083323339582
-1.5558692314896847,-1.4873744464039769
-0.2855080171254123,0.087204992037267
-1.3134273800771359,1.2473036506646777
-2.074199596446504,0.13549137231676192
1.389266321297462,1.5413211448013207
2.8641249607051957,1.3339981858769252
-2.0978513607287117,0.7777350472478546
0.8444538550358562,0.07468584263688564
-0.9759638536827404,0.02250038824543957
-0.7306880756470441,0.7637997723632599
-0.8885908863583037,-0.39167060950403243
-1.295986154519724,-1.8825207514674638
0.07278244191724048,0.49200405410295983
-1.2464251746165567,-1.1310686299349713
0.40568523866975825,-0.9621412281903847
-0.07535716417370543,0.00022394799578804667
-0.3584220702996146,-0.09512487755346981
-1.3613454930623967,-1.4120756063156303
-0.8651569958524992,0.1654915641331403
1.1330868387386341,0.9661396608610485
0.7513757814365711,-1.1283415702657829
-1.4663328671978266,1.2724833308487593
0.1489984581438388,-1.560170825129944
1.1270806850576836,2.1173241443709534
-2.5041079216820576,-0.4112604304834833
0.8150402885699026,0.14561699682689125
-0.9939356384187701,-1.89203357248567
0.8558980028897389,-0.06213606646930852
-1.1448887348137753,0.22848217771819174
-2.7073231509967783,-0.08616210409949455
-2.441313656824744,-0.5630810770523736
0.07212741999207299,-0.9465645185278149
0.3895837525822228,1.130526619537311
-1.3564749376566128,0.03080713499795014
0.9578886881660609,1.5407523765167723
-2.4922800934034397,-0.526482354794923
-0.09911969797097486,-0.43479469337221693
-1.816524299643685,0.8155942445961629
-0.9777541617032388,-1.622974962003564
0.07109800697462103,-1.213463360152923
-1.2906200479259287,1.0974849713531636
-0.576833316344738,-1.1719339292231947
1.5094392138216608,-1.8190510153025476
-0.8653378042847231,1.868527188073091
1.2535381680977127,-1.3938176478742055
-1.6945602819864272,0.18411939832816962
0.7947062668729241,0.06908519272427115
2.1623529309868506,-2.8106283166180837
-3.707466750190934,-0.2673170231678089
-1.1953428832057151,0.44841324947910954
0.86560819077081,0.3543093815188606
-0.304568079064489,0.9035206838035016
0.5567188100569632,-0.38749131490543404
-0.9059777800737309,0.7125044420921607
0.12988468120934987,-0.6893290680800719
-0.23351585308811923,-1.410467416412775
1.751673092489711,-1.2977283756812326
0.38163126495181965,-1.4621104551954147
0.5064039931128033,1.0095859678911938
-0.6178154491837011,-1.5145735090585566
-0.7314093361087404,0.27403884064930323
-0.6488372817294313,-0.265924194072433
0.5916782135674452,-0.1026485734506316
-0.6314767212303944,1.3636072951996998
0.43466228534461937,-0.4384273672152734
3.113101197968158,0.6116015615496833
1.3066870551475385,0.037563351381111706
-0.48903529825176173,-0.15201890563269788
1.8018208832459173,2.2999691243864735
-0.6121130595323271,-1.4413417457153697
-3.057186802766781,1.2891318354374448
-1.512129466376106,0.6564065654899721
-2.8061878815387837,-0.47952499463178405
-0.527270226061963,1.629318517441612
0.02762756878432755,-1.8481101123885366
2.514655968412924,-0.5217666572990717
0.49039106064624394,-1.2084822042690762
-0.3286507932132964,0.41208346487146014
1.2441083717752337,-1.1130641011871776
-3.316702963511828,0.4330639467413191
0.3534218371628489,-0.18643641582155404
1.1562977908304504,-0.47935394265608433
-2.217879368669762,0.3886472460333105
1.7156310648103936,-0.2686216239380641
0.5077446112416212,-1.0886348430590387
-0.6229318708512019,2.8013729896349786
0.9491727991594272,-0.4871671830291446
3.406039286706594,-2.2176090801520147
0.2727993825877427,-0.8420986897213886
0.37233087945050414,-1.2672766883727302
-0.6890413493103662,0.8261456160405156
-1.2747665541971878,0.321652659591586
1.2455037248163685,0.3987128017903442
-1.2841257388633007,-0.3700224658372443
0.1073493558290887,-0.2793502470569215
-0.716486170147675,-0.37093110360766823
0.7184697386195877,-0.08119318413546972
0.5004931579304224,0.8353334353648353
1.5563099163868488,0.33607541250534645
-0.7650245982821205,0.5001128296208667
-0.4048124029400569,0.49955890824920274
-1.468145573673461,0.8844424373817379
-0.6664398901141674,0.28815004154025464
0.5659507395672783,0.3588480726789188
1.1354829249680278,1.1888062411931566
-1.3832479862664382,-0.6650459180031121
1.3044088801584903,-0.8557425799515072
2.0334567882074266,-1.185921599186856
0.6201523548355513,0.18291456362025593
2.815193718837099,-1.8537322412191233
-1.1606837986553595,0.46215409605967733
-1.8669820549671257,-0.10919309450055267
-2.668080373356418,1.1346396998210568
2.2440664672337745,-0.6719173104649906
0.9815484845310867,-0.20331828541750677
-0.0833770063656826,1.1222033332933687
0.41995293947973045,1.3831356467781524
-1.6882335709475647,-0.68015236575182
3.6686279694252395,0.1817812325871601
0.19383177296284126,0.2944189776840481
0.16409219190733934,0.3736534056211483
1.088649935848038,-0.26257565931562216
0.7215138476050699,1.2813833981236349
0.33582603641869707,-1.8897034836215454
-1.185711683167968,-0.421130234801084
0.7072025357039936,0.4479307327729469
2.8230367447125504,0.45722481194934356
2.0181300692324666,1.352759030614763
2.3897799399590953,1.198225393201287
-0.7668235146467777,-0.28554162530722377
-1.4844072303878713,1.2998712435306046
-0.18868038014947222,-0.7140417437774549
0.0835873684330419,0.9308873827918375
1.641287277706423,1.8105224784209932
-2.538696944572229,1.2149441068549691
2.2943254791909204,0.10577038352412323
-0.23701184786848412,-0.3317787717721222
-0.64032160492113,-1.5285912962592862
-1.5181565628902511,0.310539637914204
-2.4822850077986542,-1.1152172279709192
1.2347558759428718,-0.7931346636139368
0.10997695078260583,-1.1907458007366716
-1.9349413496115808,-0.46039233265665513
-1.9426181580954243,-0.027969414486982293
-0.5036770489351923,0.27361458116570514
2.5035322879340893,-0.6005066354139633
-0.3893870270454072,1.0692837063951832
-2.2547144296771595,-0.20820525798996595
-0.36861459612891645,-0.7877224332655192
-0.40908535462150575,0.22629226724343637
-4.045329964412358,1.963552833543816
-0.08144229977671831,0.33516056653511783
-0.34640179531301696,-0.3628556273736071
1.0443095472201276,-1.527461356118704
2.773434142418018,-0.21941232097207036
1.689847544321636,0.23492812508811559
-0.40333303583224583,-0.38758089125557005
-1.6597888631125055,-1.6653846382409996
3.8600397048747905,-0.8505653895034339
0.08882765102173239,1.4545384608877576
0.020893937869419305,1.434001003730461
-0.03618763066500492,-0.8866391692045981
0.2971271411517824,0.6727567871994219
-0.21654061788591372,-1.1785727847701737
-0.8604930103203544,1.4043162819949524
-0.8202884118605882,0.24523584789423636
-0.04912990532399758,0.9496414986165338
-0.8151371567006475,-1.715093347182539
-1.0692686740157464,0.6776371019248881
0.15964534153784526,-0.007674063684503472
-0.3824658261312829,0.8519290707908426
2.255989482874033,0.9148677980978497
-3.976454712589518,0.06578468947474944
1.6372602778836927,-0.6008296390959147
1.8691277887464435,0.7796961821794943
-3.110085348612224,-0.06015449940512768
-0.5140313911205232,-0.8727849535276425
-0.5571612989936872,-0.9201522314576858
-2.1112675420767317,-1.4771644163123816
-1.166725031386313,-0.5102911595630633
-1.6658637681987432,1.1026920460743783
2.628405665135434,0.17782979970543425
1.4035175897211918,-0.5297677059230407
1.9073326424912382,0.8048559381800797
1.0825080960648528,-0.8324766217233888
-1.6935776568258438,0.09535027433277855
-0.7867803994196605,-0.17963037272551532
0.7340618418418771,0.7791306255883522
-1.833191713337918,-1.5772283709195007
1.069497645258582,-0.8501977458146558
-0.36048809723720254,-1.6382456590945336
-0.5622312113243962,-0.25959672180927
1.0664399523052372,1.2114275036324305
0.6663949672290597,-0.5054472096535272
-0.5414492487286199,-0.5106839381956507
1.738994705046372,0.8717244241841364
-1.621594991399846,1.0685495584552998
0.9239034104163957,-0.08857106726878992
0.8896518869525756,0.6847148540498922
-0.4643196589709854,-1.0769545408779464
0.489199533363177,1.3779743339254138
-1.8766703645779543,2.1487062939370514
1.3860405288103514,0.5212157911887249
-0.27735320466448354,-2.0843316213428005
-0.7840845307785593,-0.5582302623977843
1.5735138387553338,0.6128253216693214
-1.056515535814139,-0.4214829971663628
-2.1126919445453396,1.2721985542500975
-2.3349437602858556,0.5881572644358652
0.9090149270184594,-0.7064755007657966
-1.9206440287444246,0.032264810771252796
2.632191272976547,-0.8938332206390901
-3.122894111825583,-0.1825848784124418
2.5446845524350574,-0.5545932404325518
0.3165262008039276,1.1747618002330382
-0.14506966780558858,2.116012056830995
-0.8173786302134246,-1.431188333235752
0.5987041715281063,-1.9232162862097522
-0.05645205363727254,-0.2451724218513857
1.6549528230247823,-1.5184156988286825
0.17134147299305946,0.04621160367091715
0.2254526421928164,0.7489361138059267
-0.5454183183207838,1.494141897266825
-0.08541843558160118,0.20139455871528109
0.4617026533380888,-0.193155224849579
-2.5652525889849382,-1.9783849165730842
-2.0222781331585695,0.026185149185798437
1.1148961410340725,0.07128726054946169
0.2562981571919128,0.6389568142127453
-0.2759750045290187,-0.7084881015290911
0.027650899598089737,-0.4350526002358597
0.5213725580425066,-1.4780022553041843
-0.8096395204640423,-2.2912928068840652
-1.167457088103469,-1.1084970907967833
0.2937678826465223,-1.5703258142530165
-1.467559166422548,0.3367122954206112
0.6123791335717077,-0.5181340566668573
-2.5538754063567604,-0.5382371300747891
1.5437334559884655,-0.9844130461752121
0.7088962236195645,-3.2325654325124336
0.3840446014708135,1.5083107487475504
1.474036475918271,-1.0002705227767883
2.498211666693865,-0.412420069849907
1.5215550975271956,-1.4548921652893105
-2.761311346997468,0.9719303434406339
-1.9193654501035522,0.14342893703732443
-0.9372278665435183,-0.8263652852658686
0.03913657531625068,-0.39222961134402384
0.7764885307036846,1.67817992212487
-1.0886157197301984,-0.07296943188127829
0.2801501467156175,-0.18173353761590585
-1.1330743985299838,-0.9413814861392652
-0.9172767044879224,-1.894581150472303
-2.1099916452723333,-0.16003867357934443
-1.3848498691663564,0.32548511232461763
-2.0275269084245005,1.0995844643276695
-1.463809879465999,-2.2484965344996555
1.5804626949117593,-1.125096327023029
-1.4240983332479145,-0.5807410905564503
3.9485730972560864,-0.0034808485732018284
0.7399768513213338,-0.14503369152842244
0.27725418554231085,-0.12168868568726955
-1.2875366702718203,0.4080960585699445
1.050464819113487,-0.9032931107791092
-0.8634567393566609,0.9341414422336946
0.18301472196804217,0.4334524416994807
3.840126807403192,-0.31983226412807936
-0.1440898495869748,1.6009079918889153
1.7239099894285137,1.5564160355717669
-1.054764637688831,0.9328953551938086
-0.052482735745442544,-3.0185567705677925
2.656200953453265,1.5789450927179753
-0.940450586681651,0.7947585224719341
2.718672836995393,2.0064086377129366
1.0616279031832132,1.2374645917335385
-0.8437001638414015,1.5783426774972855
0.9486116085832814,0.878654850180379
1.4588316744400949,1.3486931986455122
0.9327149433257946,1.9941237407344399
-2.3553370798356847,0.21655473837820582
-1.090705763737303,-1.5722305440781297
-0.3712779533272571,-0.30746090001514215
-0.11165014365006942,0.3899455993834367
0.9310081463260169,0.07488758437155775
0.26655150139988076,-1.2465619661594265
-2.003016538065152,-1.631067625194979
0.5702967765089448,-0.7411626686348293
0.9158786179257348,0.807739555984151
0.8396856718965597,1.5803397708229694
1.6211710883319328,0.9165676137777012
1.250883231823356,1.0574272871141361
0.688770118842655,-0.08081557316355767
-0.10524856718797054,-1.742082457705964
-2.4914414002739873,-0.4552205808827054
0.6444273286988788,-0.25876441187237875
0.3115315307446667,-0.49705248683568226
0.4073682557930602,0.05469486537462616
-1.9151228637304643,0.4414197598929505
-1.6215848106123936,0.8530151882434975
1.5797292799993552,-0.27811986436633407
-0.059332730784982565,-1.9037594056445934
1.0222510460589367,-0.4828777192911349
0.04247756419569176,0.04371039699198385
0.04463420924361779,1.2228079221334083
1.4074257089639965,-0.5678078421841054
-0.7740670923260609,0.5125436283994018
0.14418116541147505,0.29008789963543236
-0.6934129330575637,0.043900533123388444
-0.6517443411484733,0.9305333193245915
-0.4637581852029591,-0.6608411967525808
0.33320065745056926,-0.5751864496435164
-0.718122932495216,-0.011900823094228097
1.8836341883602812,-0.6401465050936997
-1.341910953329256,0.5080122910545997
-0.28030746624203856,-0.7131923043661328
-0.6595965874112624,0.2263042077451344
2.1704668265305993,-0.10017276878675659
0.29483216476736196,0.2149259647767057
1.5477668092029524,-0.4597413950630392
-2.228340559555458,-0.33908829452682704
0.40057539880388826,0.09600926799704997
1.3344461934351557,0.20207450616131267
0.12342598391313628,-0.004201915391156093
1.5982205625980268,1.705362356513084
-0.7759326751505582,-0.9907369187412842
2.11402116027837,-0.06420379495271358
3.4483471854288754,-1.5736290221169846
-0.5442578406594886,0.3720814786673863
-0.6682537821011577,-1.115246536376814
2.1800767156765515,-0.27831025587657626
2.3693582185960684,-0.3720643253313259
-0.7842900407299025,0.2808911266011715
-0.6302802256437858,-0.5527909175451801
-0.42267691329076085,-0.5953056976939823
-2.0166757665514154,1.435856464085898
-1.3779779197262974,0.28456679047452627
-1.506211150128102,-0.561050852022268
-1.1516963476561926,-0.25083367181123084
-0.05202733108017177,1.645354952270745
0.35132209880478116,-0.235164878251097
2.325750739221115,-0.6892766231523877
-1.4975310611081865,-0.6849961501263927
1.4764835977148756,-0.5491264809895774
-0.32098326633826346,-0.5944977224267224
-0.07419556447864942,-1.279647848349243
1.0122292382499056,-1.124200096946978
-1.684083032343448,-0.82932037436137
0.5736146192760759,0.5915710184530977
0.24967831231958415,-0.3812372872728735
0.7386768960122236,-0.20716168909404023
0.4337529658617272,1.270088025254897
3.682950209866341,1.2950071499384181
-0.956609976376974,-0.28212494313773495
-0.7964954325027265,-0.630863510683409
-0.9347107896371465,-0.8644303136735378
-0.8332156787403819,0.6927757697082377
-0.9560806909597765,-0.20470723352228773
1.7835247966613277,-0.3864948903227902
2.1307563719847824,-0.8136645751375527
-0.8561194406242144,-0.7696664090113885
-1.248533359656343,0.32005819149324455
0.7071233345796062,-1.315438265887262
-0.8283345664214569,0.9948686937879384
0.9493977266332662,-0.5338446438149185
0.30438453127694953,-0.14963594425179252
-2.273616172495848,-1.3369779581405543
2.3212578019950927,-0.012365938242364536
2.6938165096432827,-0.32832094269055984
-0.9191830357265793,-0.05008059885646664
-0.5815523399039763,1.4717088983618904
0.4287980860873575,0.17769804579023982
0.5016851849805375,-0.7946591841458039
0.9878164090092456,-0.7113199105465682
3.0153068081495245,0.5951311859137686
-0.2654208412410741,1.298693290993424
-1.1974458668076806,0.28191802075105005
-2.068978842021791,0.6887127445547695
-1.0963950599128787,0.6097377233367051
-0.04969045931069564,1.419064413357521
2.6918367952766813,-1.9495901727260327
-0.7764169485542571,0.6672189393045282
0.33568192745834774,0.9837360439035638
-0.024634344109128112,-1.3387237061355735
1.7825899101721259,-0.885668184006416
3.7903986388104327,-0.8507827486281534
-0.796303159380481,-0.7287901963773834
-0.7341591637773333,-0.48171705093552597
1.566241315603608,0.24260281305494147
1.0228372344394672,0.8656746511673697
2.77006098860405,1.0813169577685364
0.8758922779889459,-0.8378230611677818
-0.5389381361805893,-0.8447029987029827
0.8859822460384639,1.315821840016223
1.6630553708743616,0.6467439354186445
1.2307232717960461,0.08286484186899613
0.7609110466609466,0.4733366755549671
1.600012034383731,-0.029803781851440635
1.7539433856685092,0.5245846830476146
2.0732384865562907,-0.3360666965057405
0.973064831384464,0.2688049344392308
-0.2506771204752815,-1.5105460503694963
0.22007052964998425,-0.687784294825431
1.8097634497625352,-0.6770111767903435
-1.2254035064808542,-0.3743900332069141
0.5530099633093517,-0.9265132547797481
-0.590008218491041,-0.5335436258230818
0.04311723440222623,-1.5144140623981206
1.917677793910948,0.5487004763949003
0.286648602029855,-0.08251351891139448
0.06965482223422322,-1.7052076077760168
-2.039784211469879,-0.8348299105466731
1.119380349040831,0.3366014275621669
0.9682262717116131,-0.5430219463857897
3.2448820849581903,-0.6969414601380967
-0.46166735242950124,-0.07459267700807634
0.32872549149590846,0.3435975351782162
0.3740755255661329,-1.4363524570391606
2.3661799196452113,0.5501284812178794
-0.14294329858042815,-0.8002932816073767
0.41853228865550884,-0.01792796824979873
0.9118447645748088,-0.035420140691509526
0.27991368473453715,-0.5270661182397741
-0.6696504218257924,-1.0236597461307144
0.2911349893474614,-0.28568654809226357
1.610447624789658,1.625330309075195
-1.5397729491165904,-1.361675030463631
0.199454511220314,1.6923130191048756
-1.0501812224087599,-0.2597211710765324
1.7925699433872637,0.03537141708863912
-2.284780357175662,-1.0867108113847272
-0.8383827709073826,-0.7712694166774808
0.5658178125967813,-0.5029096500380191
2.3482860438515107,-1.0456949708779122
-0.0986253916094817,-0.20891795737087174
-0.8327992900397976,-0.4070158918067711
2.821735604160885,1.8507811424357334
-2.172020850624366,-1.165974185680461
-3.298208934930123,0.10269051674858726
0.6600216750799985,0.24784628190182476
-0.7530813365289167,-1.0703205486518375
-1.5318492256960698,0.6868274954528385
1.06253467094903,-0.3983270128816281
0.36570107065679824,-2.4923896515830672
-0.8461179461050925,0.659849612104565
-1.9204565980063415,-1.1169408841023638
1.308685992420217,-1.047774946139099
0.9753017669379914,0.6879020828923982
-0.14876379566907436,-0.3471614824184498
2.7699554940714988,0.9177721505515003
-1.605127149489229,1.2101660953653188
-2.288287756387108,-0.6449284603222979
-1.0378621048218666,0.7932624959550306
-0.06837902453324671,-0.7554608013928819
0.36500917398403776,2.2331159171321766
-0.3618540867844948,-0.6929570045312151
0.5280830947714452,1.026087440960004
-1.8773091362856662,0.8437900258815756
2.165646906109889,0.3160878221089338
-0.1232267675888532,-0.6705431614166831
1.6759437473821914,-0.1513974919414092
0.5140880195665563,-2.153588112944552
0.6851298287306758,0.22442003838225033
0.8546509203483059,0.34961533102838527
0.6715628400259724,0.13349941906137147
0.9640841398013158,-2.9733061712925575
1.993728795198647,-1.265636445089811
0.2947817545522052,-0.7480909828486626
1.0635056363827684,0.2916589331890461
-0.13460354143084008,0.2893389056429845
2.1601758231742094,-0.17022379197117923
-1.0145884530889044,0.6352455366039567
2.7014106493662235,-1.0262423753029
-0.060236925966515115,0.6102350056939962
-2.1461626531770723,0.47474210483989104
0.19215662236618392,0.3775547328379105
-1.0215774862123213,-0.18204043108565582
1.2609653234830862,1.8307438248312617
-0.9789359689535864,0.4931956884898786
-0.6692751498221696,-0.9683358632535589
-2.8343110964182965,0.2483054757359842
-0.6784594788736151,0.7524833770742185
-3.635818989943435,-0.5881085989243096
-2.375854235228585,1.089272246931099
1.140621984216446,0.3820337057160107
1.1787002379762483,-2.342478337665347
0.6381863426774471,0.29967197733792633
-1.4504642146938194,-0.40602915441271537
-0.07156703421296978,0.537179814541736
-0.005403808635852606,0.9442148402518143
-1.7375470337888141,0.195162047141818
2.255097452650726,1.6652522339446956
1.3160434358635071,-0.17870688456349573
-0.3314462607444959,0.6248178230538752
0.040328758491796166,0.8049425736373473
0.3125742119213287,-0.09734596889273275
-3.062602302636436,0.7787743079777822
-0.3707660737808954,-0.5946729871621688
-1.0229763719966978,-0.4225684190212185
-1.5024300148423733,-1.3124886903363124
-0.4216504393289323,0.24140911637004694
2.6965297902742837,0.32525167585434406
0.9612642919005148,1.1792631585792293
-0.8567684846741952,0.7911400043558836
0.8588741720342379,-0.28479555664743317
2.0990331548790033,-1.178179687334277
1.3869505243691531,0.432850402519974
0.0894455548802612,1.110753172414642
-0.9704051665583608,0.7551849738039433
1.047334970420385,1.0844775248572875
0.5902280781326243,-0.21188953119824255
1.3427898300415984,-0.4666189681756455
0.9527577025229543,-0.736901352231799
1.5743290729790027,-0.05589646661359551
-0.802852817340852,-0.0785907959688194
1.9760910984514886,0.2066776285391162
0.29639940703859946,-0.129297457035508
3.1128913089378982,-0.13362772972677125
-1.0337817271343517,-0.7766940529721439
2.603945704747874,0.9416190135514908
0.2968661751939717,0.0765180622437113
-0.9771270054216725,-0.17444393428528215
-0.7258287510814824,-0.7474292532492047
-0.4805209622914802,-1.331913110391086
0.6362489196028747,1.3079641925493437
0.7842532320532494,0.5546387081318072
-0.8605500059078686,-1.6239178425699672
-0.03653188839147426,0.7631423007096569
3.2134055379177955,0.9224811702331092
2.591314755151067,0.12437612230092951
0.6544855045110481,1.598110895751759
0.05700521725230043,0.21671964212288297
0.18004699007739194,-1.4168235279491899
0.920276959095625,0.365169001048321
-1.5341888477976084,0.24489730171272925
-0.38606480613501765,-0.6032968487781549
-2.502876110816384,0.573558836877425
0.5988346839079188,-1.667665266190862
0.9707939095541116,0.9905668274427895
-0.724779693449061,-0.8781217036054526
2.3609801449350494,-0.9849461251170324
-1.838648494503512,-0.11382477230747688
-2.1965623203147304,0.4329729280436354
0.3366777278399581,0.16392406359342962
1.5706474539182318,-0.7426591657723782
2.525891537186803,-0.5060892911918885
-0.68832639430341,-1.133042347377462
1.6180212501469433,-0.22467990162987012
-0.05776270425106081,1.0750212145109097
-0.25894094991122946,-0.004262937643876164
1.3254899062300085,0.8594142547594531
0.9784843176201294,1.4554013377261916
-2.364588235476374,-0.588018519036967
2.2148105245888434,-0.18657325305536468
2.0701370312211775,2.171192861062495
-0.9383440522642941,1.4443434119799452
0.5937053001561136,-1.6724045258123525
0.7410452794241082,0.38714831606090655
0.39101064873586067,0.0005599923396953997
-0.8254577307681301,0.8264531108587624
-1.0074350519070774,-0.7449787674850553
-0.03833110648716792,-0.8396083720406722
1.759093528889047,-0.6760707152936095
0.8154002318916485,-0.5719285461984328
-0.5559214981291589,0.8153241668090142
1.157548065972517,-1.18120117314888
-4.272813930945113,-0.6226138999593189
1.7231485505581552,-1.7890123905014412
-2.6095706681671493,1.007117823412373
-0.5436614121046982,1.2710300994311405
-1.6795048419392158,-0.3270734308637865
-1.9420222135813585,-0.297949364813223
1.7412401810677791,0.45322190228289727
-0.7015518019678371,1.4744820073782556
0.5197558225960737,0.40861074756391724
-0.0703808683187761,-0.6975419424751146
0.7155612408346822,-1.6188225719864404
0.11523283659038304,-1.1151262626634877
-1.9244883362828544,0.07321945031246505
1.4944002291707101,-0.6553275232007943
-0.7406348747419688,0.1949677059907586
-2.334872847989627,-0.552924016236234
-0.6421727414488687,-1.0581464312944115
2.2511396859514665,-1.177031631453071
1.2753326131702394,1.5623545093732296
-0.5229782016117888,0.8889877491836431
-0.5238865564776432,1.7305179518279585
-0.4824525768260739,0.5399509007551029
3.1151219753412613,-0.42999140861483903
0.57290317834733,1.323340922489938
0.6450624707866044,-0.033068001361767865
1.5454251810477633,0.22084177029035232
0.35818373853977026,-0.042824379075518997
-0.3885632187310547,-2.9469042192840145
-0.29452477362746743,1.6047350122948532
-0.10740188912109593,0.49100394595775343
-0.05583335476476239,0.32982306086851004
1.0914443154554698,-0.0617760622705607
0.07791882871094916,0.163427820386131
1.0989601158233688,-0.5972789358462477
-0.12107487016287348,0.6165793523072711
0.11795278547413589,-1.3070983443991324
-2.9973010267981612,0.18606843247054689
1.3744915120537222,0.5615734705711045
0.519732713846989,-0.198669133822903
1.4970151647894783,0.37086779247102475
-4.344383067290534,-0.9913343922342502
3.132562057171091,-0.9658267708959641
-0.20938444223276065,0.23671712102639317
1.6622742251062748,0.6785496546210517
-1.5598588906882962,-1.874865655501711
0.9191608575938546,0.5220206351107666
-1.580123344760484,-0.5432015003763371
-0.9356534410437076,-0.19280608730741247
2.871047030800179,-1.3395179235650372
-0.2860236011450199,-0.8516172401867081
0.32614930976958434,0.9661253255303113
1.3051015960331314,0.032863373980213176
0.743522831958907,-0.3827784017095585
0.22562835771536463,-0.11648835263103476
0.5474415036993381,0.4892118246643012
3.6051233778574128,0.44049449616333775
-0.08642819555037809,-0.07502700039680087
0.30164857007245127,1.0929591108966683
1.575981594011418,0.9704626369066661
1.6582888994369758,0.4133720291303957
1.7805454583405702,0.05461178291007045
0.9580953330437769,0.6573210951195391
-1.7145073690957253,0.3142674218011834
2.450147298451644,1.0608000718059476
-1.719518089528032,0.8995613767383077
0.4539531978585498,-1.0182539014177285
-1.131413775029037,-1.0859631707417063
-0.09620751988948881,-0.7012495444040763
0.4931436154552206,0.9761386900669211
0.4820358231754096,-1.5763089967712456
0.6328811313529271,0.3947573891079933
2.4205669035879707,0.36254309109296134
0.6803014522709697,1.1626480586861927
-0.366234952935973,0.18033869066388744
1.446130752432536,-1.3432093905839007
1.784205733386961,-0.9593549606481229
-1.8414117227054887,-1.1819955218978246
0.8961001047747871,-0.5379439663331403
1.0517591134663475,-0.1829015674239269
-0.4463452550399879,-1.165441526221057
2.063560219967429,1.4706619906522893
-0.22508338054879007,-1.325281371952441
0.1883646802073134,1.3461034238624805
-0.2596077364258044,1.1851630314393404
0.023368571372201302,0.8983025496890353
-1.6444126303428028,-0.6937666074967505
-2.1600763238914418,0.3424508791769014
2.3917575948374585,-1.277371133550618
-1.2704420224774917,0.9109070350337493
-1.4870885241844607,-0.07398478153626888
-3.230085170405572,-0.4093202145866852
-0.9584426215342533,-1.2237448466562693
-1.9846346901112475,-2.477506118629017
2.4630227402045537,-1.038540857035756
1.5147256340139512,1.1127981956129065
-1.0322255177665856,-0.402833428474804
3.378653708016463,-0.1693288571150473
1.4726482304873914,0.6555543582884528
-0.48724707526293365,1.805668878116265
-3.7491085723103597,1.3250046549456387
3.4364138588861124,-0.9723350038161881
-2.084358700145394,-1.9425705714374064
-2.4680981204353376,2.3596142591001037
1.5338556480144603,2.2689916116594535
3.6596286095089092,0.1884535964292827
2.0764092277657773,-1.2704882455818216
0.8458636800785394,0.9632265338939392
0.892131512497929,-0.10798368601261019
1.2801233381704615,-0.11298112310661049
1.1383928846801477,0.894458843105129
0.4217871359540637,0.3343747468732986
0.1563016559278141,-1.1858149110149452
-0.09388969184928361,-0.32474193508197385
-1.1309468833000145,0.6611529286613466
-0.4210126153001611,0.5102522224050186
-2.539435221293078,0.26201657435847575
-0.14750944019212484,0.9334229544758642
-1.4828866607263762,-0.3617169878172646
-1.6553839758236564,0.17866977521907204
0.2698412267302177,-3.3755791001776
2.088003429516899,-0.4496501938428139
1.3774749090034695,0.7639029085756444
-2.3557509054347654,-0.39039446711714254
-1.4844422048555064,-0.466227391717112
1.4111567819823239,-1.0414529517748186
-1.4737310903074645,1.0033658927291456
-0.3369497249955369,0.5484632735405707
0.8250781485368278,0.8254145978230849
-1.452516682295453,-1.7262139619578896
0.15806325921893985,-0.16045004326563395
-2.0010382423773065,-0.2801110077500062
-0.9020514659268205,-0.2805717065985525
0.47967290121380546,-0.6160275437179559
-2.389490600297504,-0.34610427178001524
0.6607121069405985,0.8496447827066518
-0.029456698390021824,-1.9128513533478293
0.8287349316257216,1.7772947680304536
0.33587120109699214,0.4838411250264615
2.0462106449607664,-0.04233189566021276
0.1878367539718609,0.9068341463729263
-0.6441083116878794,-1.451834745168435
0.18344625454842567,-0.664700905151014
0.8149470435545818,-0.12107543239055386
0.0732901054885565,1.3655603704321775
0.060887536805823574,-0.046496581126557926
-1.0529875317101332,0.45005467118514625
-0.9943513763264222,-0.5895789959361277
-2.1039079076995404,0.486842068967491
2.6243651147804092,1.6772395929744568
-1.8657948530869275,0.9955266916741141
-1.039357796693861,-0.08145598777787942
-1.0776108983537962,0.6754908472654697
1.3423865654166618,0.5775169546072118
-0.4424245174380417,0.5065876716972757
1.8716131090106007,1.1119533608604089
-1.010235936365803,1.1044777038374665
0.418491243335703,-0.1271585968748843
-1.253020579889636,0.6418790614777692
3.2177236916600824,-0.38309492115979377
-1.7813976285442692,-0.9230723963155776
0.46473106534054126,-0.2694937557039864
0.9506653213981477,-0.07627815173958268
0.6206986461772473,-1.661580989177992
-0.27793148831656245,0.8603325594167204
-0.19473104960013926,-2.767325422602398
0.0657172079686644,2.7148169394863215
-0.2205030024427329,1.5018791337963189
1.4458186751923645,-0.2610087241723136
3.315784502387027,0.009426360563773238
-0.8362376775117504,0.30297187358728317
-2.054704469368617,-0.589160387988942
-0.13242307252688224,0.19261914758693635
3.869564006481478,-0.1439999777016611
-1.2055118519545962,-0.09427271723096599
2.458675208166101,0.18146106348063867
2.516551221114661,-1.3135277983539944
-0.8303823625619919,0.039569724133648135
0.853474618777913,0.16344774661747724
2.4425949346928073,0.1288496213559143
-0.5686916114812306,-0.21583075543615446
-0.30537054015354265,1.1378577759693718
-0.8725213709229656,-0.3536525548815512
-1.5221350960393003,0.22732590682319032
-0.9739163175990107,1.2972975339255457
-1.8359104001433848,-0.07937614002031229
0.05112520238883911,0.21446326746755132
-1.1549598465879627,-0.0963846363148971
0.35067886768612155,1.2373697935635992
-2.333843469305441,-0.25772456158629525
0.4963203483216856,1.2833545772882056
1.250293442413387,-0.1035878946470647
-2.990603463857183,-0.8594597234480168
0.5610848547713582,0.679373170574121
1.8415034887099382,-0.30466783375565604
-1.8144615280368082,0.6205008990991628
2.508858580256555,-2.729404384923734
0.6285285140490677,0.005205261894946381
-1.0575177836376133,-0.4596052987574804
-0.08365361648655902,-1.063258686531278
0.8374903687825836,-0.5532410018397994
0.11400808711861725,-0.5737031442926516
0.8081339886695538,-0.04798579485058113
-1.3810103896190493,-1.3673264612849558
0.254041236054117,0.3162737802597137
-2.1205717453574704,1.366214785205788
-0.16683909202305047,0.28092849694782634
-1.3558614621971845,0.808988609229009
-1.1032949138846497,1.0945624546137955
1.854139762815656,1.2364895121841768
1.6369651808914036,1.8701386928213053
0.9137071813607656,-0.49920199827593026
-1.6384691470088684,-0.7184839851611164
-0.4746126745422029,0.7834656483247346
1.819646549968775,0.7082662196573998
0.2125753704598571,0.7756752996156893
3.478994309972541,1.889282454250252
0.5899767590915578,0.011369908798494166
0.2880736747350474,0.4261565596461849
-0.4636746963037521,-0.9803882514834749
0.20031135717342347,2.1353211239759577
-0.22870475457081585,-0.336544921209111
1.0621630150328856,-0.30821592816082993
1.435053475191876,-0.3467498910082427
-1.1789841907619243,-0.6448958586443377
-1.996849430336667,-0.7294370488476493
-2.754308059654945,-0.5237042828895252
0.7619869903688155,-1.3657959280509446
-1.6550499092608104,-0.7853179202632383
-3.2293358894287243,1.9489631114476191
0.5828679067964462,0.7356551436413686
3.7394992761491856,0.925904176727718
-0.009106367309839986,1.1772087874169148
1.257736161677463,1.8341345643623908
0.12274403782134752,-1.771422551443844
-0.148334479786714,-1.2298831152865406
1.378614724481653,-0.8037236608946853
-0.435411816282977,-0.4697297964895977
0.4010884711078544,-0.30056939058524895
0.48254670929402044,-0.4469775528060408
-1.0021356804645731,0.21930891313205408
1.4880635243047842,0.0352953907452159
-0.26243963504311296,-0.7228347951782497
-1.133617739239267,-2.17554877698757
0.8047647653556054,-0.9928687053786982
-1.347701972686556,-0.5492386533125753
0.042271736053692374,-0.24707943680771946
-0.013678494966305316,-1.129667459310537
1.6288433487473672,-0.4908064664964202
0.7120473493199292,-1.1309873884855863
-0.037540438117715874,-0.125819351548333
1.2266494488004307,-1.0730913283626153
2.08531132352597,-0.8489046563704645
0.8367154595277934,-1.308684130989139
0.01552892976507091,-0.15350069556978385
-1.9677543485252393,-0.8664477699523984
-1.5976704946130589,0.9067842666754293
-0.45783705653200146,0.405850266692899
-0.9142683032389247,-0.069851868183643
-0.280456954478169,-0.7974854973437886
0.08497488734566075,0.3805203053163029
0.7945391315350963,0.690700889348637
-0.10574816708863682,0.14268841220163028
0.7297524657393029,1.6037018554669304
0.09671162221518037,0.45963731807481595
-2.963199849530807,0.9136072175680342
-1.4090030907281315,0.1335654155359782
-0.2161313335824232,0.6756644532569765
-1.8145421142616613,-0.7967812326691753
0.8998930949943067,-0.4583983632127938
2.296126248515546,0.34936355348237974
1.8281427775459749,0.3420994815573816
-0.320164306395312,0.5076118229432475
2.236089205274928,1.1003928922787292
0.22300118580316733,-1.424971171815412
-0.505628956677059,-0.9744525476102961
-0.9201039953114096,0.22957264107425313
-0.4537045297321925,-0.7243636318034608
-0.5822652278118432,3.377768241289362
0.25562433356323155,0.515719619170136
0.24086097157479688,-0.07833084893015722
0.004569030230121705,-0.5154692730838591
0.6554072546195248,-0.48016228319304444
1.785969412179512,0.030140661315177376
1.4243312031619855,0.11198193262125772
-2.2273469526748553,-0.45669914469351297
-3.830881702352932,-0.2731522465199018
1.4014798668589106,1.3442845752345964
-2.0503180476231315,1.3845049626510342
-0.3371481028390253,0.25203397993487703
-1.7551695390890392,-1.3412597272367377
-2.7029706563700295,0.5385031566390435
0.812194092307182,1.554282441611026
1.1387327404539702,1.3697811019623787
-0.8647656010900792,0.7344258528096671
-3.886563438217365,1.4224229552858216
-0.8193666723787241,0.053384272479021756
0.5877060081038198,0.628102969833705
-2.2183673531611934,-0.6807755663251802
0.27503987966873344,0.29226545615571214
-0.022964773759493337,1.3295342439705244
0.8689372494016325,-0.589423411486891
0.1793705526212299,-0.8614434294642864
-1.4596034113223333,0.09748893902369685
1.794857252496737,-0.22666220372399956
-0.23779435954045502,0.6491477210704204
-0.04095680926489779,-0.45325952594704233
-1.3999019386097942,1.718439615602714
-0.6649233767872655,-1.2896760979610558
-1.3272040710403514,1.2537347862197346
-0.2594190898851345,-0.7648492283081031
2.567562720213515,-1.7959827345840234
-2.0578517143970343,0.23787515634886738
-2.4203420968151117,-0.25460798601388357
2.206755491240413,-1.1096093679030308
-0.3139855157277992,-1.681376891715264
-1.0036091079898748,-0.00836078727145676
1.5598570310941147,0.9758368916238178
-0.9084233096052962,0.5849534930864443
2.7390145703204043,0.056706648839265496
1.0168888070089035,0.4788475732177351
-0.731867112218554,-0.027214132377857005
3.2359623198982552,-1.4297242430303712
-0.9085723845050075,-1.4208939852234432
1.1131430580139605,-0.20316852898467888
0.4489388706097379,-0.16065328636607445
1.952611934098197,0.8509826785067651
2.342266795090279,0.7573042237747472
0.048006223598649936,0.6051330157589494
-1.1301268055192752,-0.2802827130771807
0.6899582144086747,-1.3806521701101395
-1.016573054628159,0.41207113706602394
3.0200808712899345,0.5251693132621684
0.20480299662410617,-2.388531462477686
-0.5479823269681631,-0.8343381865826627
0.2770204587973626,-0.691054377393896
-2.0206894342945447,0.11835020112343628
-1.4574210577659774,-0.8033604327656939
1.800620861916638,-0.03813456882464037
-0.9853414184570937,-0.21053494035299194
-1.5703664740229093,-0.15914947153772793
0.8049791287909293,-0.7163942937007461
1.7785562319944954,-0.6389850540666776
1.0784299659976,-1.0802670597806927
1.4940715287087245,0.380067440573832
-1.1351926328541913,0.5711026285913683
-2.1327160001127656,-0.7706179501253388
2.25200047793323,1.5206400960170445
-0.48401975826320365,-0.3146014474420489
-0.376249524682571,1.5301856237965608
1.992291212773587,-0.6421271738316033
0.8343450141009898,-2.0265777765994355
0.6838316581224114,0.4021978249123513
3.247503517351626,0.24854510511898723
-0.9652773455702145,0.034393795307583075
1.3917601921218559,-0.6422324784439893
0.08551968734562676,-0.034572225485819015
0.4028884182948854,-0.5112594578695273
2.2927026396187973,-0.30234956633175064
0.7617536344344356,0.841632255765075
0.8074441185744494,0.18421722953009348
1.6087610059647033,0.6099513873319773
-0.547429094314328,-0.23186850662578992
-1.2588145010085094,-0.34201734580477505
-1.5672137910315502,-1.1534825308886436
-2.9495348840640028,-0.370036612568197
3.0843106949104833,-3.321114555589139
-1.6548125485825247,-0.5902219663056348
-0.33188043537865797,-0.08187417719083905
-0.415219949833381,0.563673654270156
0.4611100467136511,-0.26867787752495675
1.2236058188089451,0.3476735422449994
1.290710232539618,-2.1797886613902455
-0.8746161578534077,-0.056836852206949735
-0.25068257067961724,-1.6795027929134034
0.42386992573244947,-1.2083035156593327
-0.37303668927532063,-0.18716554786386091
2.4110183640299887,1.2762639878735544
0.736462427457377,0.37120676347005876
1.1023166790747263,0.01823099713711716
0.994321903001119,-0.019530389467102203
1.7602107862279874,-0.7136288932044673
0.27153233805556043,-0.5439834133726836
-1.94524792193377,0.42737604547079716
0.5995319276289623,-1.3853605184444944
-0.9770353406877436,0.5930540502830212
-0.7929250226246353,-0.38850706711885274
0.8795460281326399,0.8255570748695653
1.8574246071504534,0.9610934572320833
0.03190736510409248,-1.67308401250574
0.4632495188984457,-0.5815807632272181
2.5533224169528568,-0.8555276879406237
0.36112976923285245,-1.812727965073143
3.9025246712705925,-1.0325332762094106
0.8482644684473162,2.44125584526534
-2.6411441387337264,0.6095098962124401
1.1300124316567988,1.917287968605754
0.5717375773241666,0.8290984400183357
1.9346291311241184,-0.7418431610084755
1.0097720269049375,-0.381771196674043
-0.20768397597566074,0.5884361802403073
-1.8364473544340485,0.4375062034730363
-0.3135348859290379,-0.5773420157083338
-1.2757806813139503,-1.509993170579207
-0.870785174707084,3.287761187388739
0.8828676066309145,-0.14114967234280568
2.5048567565271096,-0.32573889318261995
0.5920072947344717,0.11333446390530184
-1.7938245930527765,-0.24272858931102861
0.6669040023302111,0.1227289077054837
1.7949472299684768,1.2869472861164193
-0.9146743564790734,-0.12454847968642378
-0.20102575000937653,-1.1627104393277614
0.02203229209379564,-0.16164379447861094
-1.17734746962336,-0.4644017814099108
0.9724206507657885,1.4238989372468513
-0.18142222291167234,1.1711190647375707
0.6292986658605416,0.10752500043079882
-1.3312382667031502,-1.2787358548192564
-0.6561874504851156,-1.2258922634399458
1.083572036741657,0.015123261584553639
-0.5592497281376505,0.3363229693212808
2.5904457768501077,-0.3746228193260549
-0.5994542784219035,-0.48016958420723416
0.3370270886278289,-0.5927992331786469
1.3988862478096349,-0.023393960243946223
-2.1275485993995478,-2.382762352073065
-2.641213217971164,-1.1013266287697099
-2.288484471855142,-0.6270508454473506
1.8938761551407732,1.2075031949519206
-0.8277872188386701,-0.8138136419289294
3.8372989285023786,0.18046814183120646
-0.846371397986083,0.22654275093099605
0.27682695479555547,1.2979165056607622
2.3131649288518137,1.2625774069641502
3.0091393322386844,-0.05750296879491637
3.092255364954597,-0.47548474118944284
1.8125493458897135,-0.6638331028256903
1.5360937887171935,-0.2410632224657809
0.8887904238017746,-0.43403335432359996
1.1675416142499566,0.553627409358232
-0.8267785744928001,0.4203098174852043
-1.2272983251334608,0.5918011911450157
-0.005061686116428077,1.2592837114361684
-0.2552769337873927,1.862869121400177
-0.6798420739909128,0.12466339340755687
1.044581171185073,1.0994637713956532
1.432957812855766,-0.35166018383421516
0.13261032943777104,1.1850069835830157
2.2162951215828928,1.0615091571758442
-1.7125336712002577,1.0084159699429913
-0.2904891889195772,0.09406984119152385
-1.0752334809042075,-0.6683581639908888
-2.79980492560959,-1.3945284378654765
-0.12402102876404887,-0.04003720752109928
-0.1826212625749253,1.533012542249183
2.2701746148631967,-0.3098449013640731
0.9462175268321663,0.7851265854600545
-1.5362802364938073,0.8439514005189311
2.7811388495012825,-0.28368622092717277
1.8315505432880292,1.3163448375195195
0.8731465552029236,-2.9086607444805037
-0.3397261482747479,-1.222750278738175
-1.4391588550852197,-0.9156322963584598
-0.5583101641065795,-0.8197150228673898
1.633122929556279,0.3362629511858955
2.8268794589019137,0.29003780305390187
2.3148652924082835,0.3939905721750079
-0.7332741326794112,0.596081494132487
-1.6794261499335168,-0.9501045691456493
0.2113293703668059,-1.218176066807319
-2.6526590483442773,0.39631968200786294
0.48475157127717217,-0.6302320736464391
-0.22140387944800302,-1.5704750453679706
-0.6990547528023634,0.9713442845414815
-2.392054600900193,1.3951019065022976
0.7704001598545749,1.5571608896986593
-0.7990512594928671,0.18700772147472028
-1.754875253565432,0.6259320959729026
-4.308393319922474,1.3698682233619108
-0.041272357575954384,-0.6414157900234342
2.6583773950046163,1.110677684054092
2.4918888218218047,0.2753962341432087
-0.6856443848794078,0.913711652342591
-0.9033180905426708,0.18609302087593527
0.7031613841125357,1.2962567097480018
-1.4975781587824373,0.22352376254153686
0.45268784972919895,-1.4839790594674176
1.1491204175770355,1.451926632314722
1.8403998358264615,-0.947530740972112
-0.15023111471992917,1.2530582102439143
-0.3055106252654488,-0.09024288144032204
-1.3169738801348416,1.1760109851977065
-1.24032053105979,1.134768614866765
-0.3397183378522901,0.4301429743153713
0.5510482602242671,0.5085353176271308
1.3703769393498741,0.42262861719256595
-1.2047684260205171,-2.013824756281078
2.2390328534392827,0.11833021889820218
-0.40668540156385313,-1.116064176071895
-0.03205094152265424,0.17118714374566293
-1.120817518721735,-1.1429425463832155
-3.636360390409412,-1.184951941226075
1.3260680945415746,1.6049345017539018
1.10526584563865,1.0694473881241897
-0.42199133567732006,-0.004142584944154457
0.10048607583730787,0.1847686502490239
0.7739088265561491,-0.24791602574300886
-2.3438187853298142,0.5698763759795229
-0.7935790160194423,-0.6760543665488049
1.1913970194327406,0.9937402628679574
-1.881434134753874,-0.25308684101411083
0.44033689824994393,-0.4198469958312289
-2.034872706935108,0.0217130184848427
0.6996449736502895,-0.5911468299256105
-0.05346222344622535,0.32868234949648295
-2.4226977238582643,-0.5373625893133998
1.7471090316857572,0.46852360281883604
-1.1018873651970738,1.2160065389114765
-1.2153786555215715,-0.7193216868081737
0.30085379584641425,-0.1305754572951713
1.7229560241430728,0.4613307130354217
-1.5237327284675954,-0.4358573549814069
0.09251977477195748,0.4643205608266651
0.6432247504958595,0.5553988606517399
1.0396584108947162,1.083261776294304
0.2646623329158378,-0.6059900460849119
-0.5505417586249834,-0.9427752402304745
-1.2413853309730796,-0.3075773895637438
0.12921582456956213,-0.9677523395470999
-1.6082085179784102,0.5644982040474971
-4.3820257252419115,-1.1617513001764113
0.6548397062365017,2.3330164182526882
1.3559022616292928,1.2959278615737506
-3.544398653312758,0.012575769600314238
-1.5145960570649062,0.867394492997976
0.9287313915077966,-1.6368018643107916
3.0862432045675483,2.523373331399558
0.031190561513111843,-0.5902146122004895
-1.0920044118437016,-0.12049741389935952
-0.27434466165726024,-1.8559332871884366
2.062314628722277,0.4862873047408947
-0.9689462686868029,-1.1063441570771089
-1.1987880099753805,0.1016557615660292
-0.7241152832730486,-0.5442744329245381
-1.4299929123880686,-1.0777439349303435
0.1840054739921933,-0.8043615017626171
2.437017687704341,0.2257880340855212
0.48461890967404364,-1.2814909728688244
-0.3785302531894314,-0.748811671023577
-0.43771690337331615,0.6632733812644779
-2.3447862130449857,2.602479874874313
1.3246646657207384,0.47758881955300486
-0.11675579551920305,-0.9172616421772875
-0.2707198703859385,-0.367114170072311
4.7896613517672915,0.03158900615257829
0.44812936254852936,-0.3494249506357074
-1.1276865751427765,0.903058166736933
-0.639536394308315,0.21747348301422456
1.7226685637951322,0.9078523849098702
0.1699056158066467,-0.31444379029762937
-2.15741696747605,1.3255002197212566
1.3788434018628053,-0.1664855842815459
-1.002216128308491,-0.9711898691379917
2.8099466643263185,2.1773203810422213
1.6200720985719728,-1.8249777469611168
-0.6709828434881268,-0.7387387253049276
1.9215245426026692,-0.6270278518303946
0.10178326579110494,2.5083062730565633
1.2791605126833292,1.8068588841465116
0.7270992259417122,1.4939281436421976
-1.2695349824863102,-0.3306586623763318
-0.965324748476193,2.426178003841775
1.544941226371742,0.3683520038409712
-0.5021629981598112,0.9772633703031223
-0.605472694862995,0.17969538110620695
-1.4326838690240296,-0.04946657132325152
0.6353985983901915,-0.25177867392637926
3.093787378864717,-0.20963999341916223
-1.6012993713814092,0.6084916486780788
0.0363291850091371,0.367199798775388
2.118330833123144,-0.031471370203683895
-0.11946208686857272,1.5095239926988544
0.6785576943746008,-2.9667530687407306
-1.5935902922203196,0.509887247921195
0.6424606458114729,0.7177387066589793
-0.2807163975068232,1.1469628682551696
1.4785949935197944,-0.06487144105336112
1.7810790773471268,0.2079200673839576
3.8843454630279206,0.9859483833147212
0.8694497598203634,1.49116640428018
0.4886944748732497,-0.3005359851787682
0.29157645236600405,0.2669757831275602
-0.5297494392160325,1.6785739643487574
0.5077257651925366,-2.124027075878851
-0.44310211520854415,-0.6900125998145852
0.2526914644044214,1.465835978602963
1.9763963034119394,1.0925378336083031
-1.5098138479194616,0.5224452109266943
1.709817841693568,-0.44859687310912016
1.9756726010097978,-0.8818184989854194
-0.17710279048661812,-0.5912156192423738
-3.182782348512892,1.5480082208186925
-0.9117329806416488,-0.6284426891553463
1.945491819841664,0.10142296423965788
-0.03430209344832318,-0.753707644861746
-1.4989533484423663,0.842774030099027
-0.7571623818423261,-0.5387262803464412
1.2609300397568295,-0.09759389015441426
0.8201003523020689,-1.6833821330428256
-0.35839814875454146,-1.6133682362049397
-0.5502366177220314,0.007673193321506307
-0.5876372235657328,-1.325157155197762
-1.3836152767477539,2.1050866393345022
2.4230635342041627,-2.0615231121122495
-0.4834807038170098,-0.8001752986641041
1.8257377812382447,0.01670086726755042
2.2819740778836772,-0.3651329377957845
1.4974663472219405,-1.104145456663919
-0.6474304690770726,-0.957927839495268
0.6055951355049142,-0.9906540774992385
-0.036293409586374246,-0.2867216948200629
-1.3555527910951923,1.9519290895174237
0.4865389225824045,0.0779372965582097
-1.7685596867397038,1.182900489387524
1.7815190826923457,0.5069763458281417
-0.6969259459475896,1.1138623979822204
0.30173948380925897,-2.799964302593586
0.4249318073192132,-0.30445802114822945
-0.388357460556116,1.3071354231507137
0.8800407022129121,-0.5717358227493337
-0.7123554849337866,1.7624731648696121
1.3069459461858663,1.4838901537677616
-2.018969520370123,-0.4691307161274624
0.18956936931961774,-0.5031635190463567
2.908393498587427,-1.0136058423544687
-1.5004969869083622,-0.6295942318637977
-1.0166174557872774,-1.2325890641689152
0.7708617744883726,0.4288111804330056
0.2693726729093969,-1.4560464933464334
0.5259451489103388,0.6037330161902218
0.7337806952214952,0.6280786969002486
0.9520822028426549,-1.6612044051839225
1.6645497629343349,1.5498186063283395
0.6147279853927688,0.5136092944152219
-0.3618864819278137,0.749698021444869
1.008860551804097,-0.7586652015427723
2.849822902342823,0.6223791184731187
-0.19895061957386034,1.1263934497220656
-1.4617939570059622,-0.09860839900467729
1.6606210039304592,2.001922459248361
-0.18057174593039738,0.04406463491293769
-3.259004319021054,1.1407858004524745
1.2711325157256324,0.293008807258655
-0.8029922789308841,0.5855215328568677
-0.13579992345624115,-1.6713322676347722
0.4979704958535218,0.37105373821536314
0.2857495196685996,-0.734975101257266
1.0641777257085592,-0.8463983057776877
-0.653229555854765,1.7441031844659785
0.7696586972641241,-0.2137702480623489
-0.38932001637587577,-1.0033018309754966
1.1082157213312545,-0.3591316281088747
0.9230512260195801,-1.3004502289219138
-1.403158053066893,1.43388446819627
1.6289731742625484,-0.695680744166515
-0.803945167671072,0.5292999339436693
1.2120866974217177,1.3561067142103251
0.550930970102011,-0.5001526812147293
2.757275515192684,0.532022432272786
-0.3351989735577782,-1.03008605490443
-0.5239751941772962,2.445769569113684
-0.029129408831598914,0.9363801346166222
-0.4547696742514131,-0.19260643876080602
1.1999128529130751,-0.7728337308889638
-2.424465912654882,-0.11399655283962636
-1.580523628719531,-0.3399837223515192
-1.6017043823687898,1.9529445539995067
1.4254613879603637,-1.2255347222149022
2.565920058872888,0.13480142329020342
-0.15667382780620726,-0.01833806663370996
-0.2532325847850159,-0.11741030034486948
0.10507824466977207,-0.10861665493834241
1.7428174539122856,-0.11607081012048345
-1.391029701285861,0.8730660663320997
0.3575534741021777,0.6089844464924351
1.4627964446736446,0.4189116113727865
0.7516412549097679,-3.033989362145269
0.2843724248981151,0.2997948741631638
1.5015691388507117,-1.6556393601700825
-4.054848439498856,0.6463201631358254
1.0168129792963614,1.4744973675705146
-0.9811135246911358,-0.9262391125885509
-2.7459493452846853,-0.2617807223427068
0.7668038992874711,-0.599355705052997
2.060487817744437,1.2354317757568007
-0.2061727719415378,0.09502788527207305
1.4293118208044082,1.7283293805663333
2.418417386982968,0.4137542029473876
1.972371680376071,0.24245018063581938
2.4599467940570894,0.06820678260283634
1.1131912366078383,0.8179920992573367
0.1131504583523892,-1.7376861982453433
-2.402948717845753,0.08534395552050993
-0.36909373219492286,-0.07004644372796484
-1.2648698929742876,0.7254188271577661
3.2564140762467204,-0.18770160587403686
-0.26382871864850493,-1.03873443416267
0.18480721017672852,0.007350674919699149
0.8272280640607013,-1.0828405288683434
0.06540366955868059,-1.9252622125874854
2.5425765606461295,0.727122481485493
-0.9339740426016779,0.5790615726946706
0.29191118285586404,0.4670909439935746
-1.1137058785470724,1.302928421945811
-1.9800337668310588,-0.6650318903039252
-0.9176536363579282,-1.431114142771255
-0.05555519557261803,-0.07002977680804456
-0.64395333677589,-0.34750029970591045
-1.038631469810784,-0.8422957167700686
-2.109476195507751,-0.07984915348779596
-0.12465835894304214,-0.6116051462045847
-2.2570805610465032,-1.8360052833568312
1.1400839455344038,-0.4411766907937603
0.12365962940175493,-1.1363751667038573
-2.186327249197396,0.2316480716109227
-0.46381361557479517,-0.6560347582406549
-1.1282346083858747,1.1116314741410516
0.47876176562877065,1.6038660672678657
2.010675669034717,0.6793813730119062
-2.812758704468617,-1.55102618198332
0.17253911872112576,1.5051959988790395
-0.2401991933499606,1.575720450373765
1.0070101146756985,0.018790511307940762
0.3197949423565337,1.322926160335532
-1.1279539976082287,-0.5516751380466781
-0.4785809034999272,-1.8662459348495894
-1.1940387852052337,-0.7602844386215937
1.6140107078978976,1.7293008660447564
0.03196747300791333,-1.4910799236114736
2.851786028629511,-0.0004787180685054915
-0.09099122072193117,0.034143893340212214
-1.0626101503656942,-0.5129742439678118
-2.270571588919241,-0.44352159983711503
-2.7047095143839175,0.07224913423620272
-2.3762039145082348,-0.5621623419347272
0.40068997651722515,-1.422058497167931
0.7630875348449008,0.215031942943456
-2.3717860530482002,1.0733665824449723
1.3425574711141732,0.8695725186534211
-0.7245915775251592,-0.8097354673898115
0.22018951797832403,-1.2512279153776757
2.4183309423831365,-0.2841878821547786
1.3452589737982978,1.567791509795664
-0.4027959718587485,0.6455980789595456
-1.336788338122931,0.7039646767942336
-3.2277231019939574,0.8898569517854946
-1.0787299788636302,0.42076656251858635
-0.31669535824154166,0.12060854761357863
-1.480769290726776,0.6623068966479679
-0.19688545063845708,-0.5461661042180197
0.11527782443815232,-1.4144630113663208
-0.33728397271211785,0.7229969346243232
-0.9750038712351896,1.2377381057492252
0.2529820079500915,-1.1182319393560314
0.6629109743541135,0.8219214824159002
-1.635598616164269,1.68076571338819
2.116398569619405,-0.0022462017571209794
-0.1478821984263926,-0.8180021847417462
0.028274434417271493,0.12301867352675562
1.0623216348848357,-0.5505339682007013
0.34982419689525246,-0.6167301099564017
1.4297049508698676,0.4331840672715426
0.43068624780273634,-1.6037294750298954
-0.9186560619606569,-1.4439289224922272
0.5422552878091524,0.019290880373942807
-1.7155893109809925,-0.02230853891243119
0.16283955866478472,0.34355457703993575
-0.049844985966691194,1.8752253884833885
-0.31217528590880955,0.10451403607582113
-0.1928062671583961,0.5981721503347945
-2.8227735682464585,-0.975532935614632
-0.8230873616114422,0.7679376635165371
0.13926735171167207,-0.5263908651106778
0.23978458799610056,0.07142083258109318
-1.541512711388937,-0.1088486250691617
1.8985617612970511,1.032974234914031
-1.2992622723217513,-1.3099765543749995
1.4541858007901052,-2.2832386346150395
0.6407915428075273,-0.2134326970879245
-0.9693409647657045,0.4685312569051241
2.662966338914268,0.15226937580750002
-1.79045524763472,1.2322042374139113
1.3787312604150022,0.43737267417966835
1.5008734770644674,-0.5638483318598599
-1.0059303136149673,-2.3254201541396804
2.0886979500964933,-0.23731223419521827
-0.37506977189842916,1.027959002257798
0.4330404439197856,-0.3920477826671146
0.3904827581568311,0.028320263677764197
-0.2014631122058217,0.42136025430670854
1.2162124097396732,-1.0152923742498159
1.1902330808283195,0.6232358966388174
-2.6227979598572713,1.6371217900017057
1.9565103643172288,-0.17281335189340633
-2.4937379820535117,-1.1290644218323018
1.548819306512486,-0.06660102702197371
1.690057705241375,-2.2243841086088687
-1.6364496453227972,0.336903263976616
-0.6162214319318772,0.4522743776485788
-1.6585570027289036,1.6756362938455622
-0.322381545433103,-0.19399479256662508
-0.46205142627861184,0.40848533814647026
1.1694907984040097,-0.8612881023859011
1.9654631191794125,-0.3564271205250787
2.093525716184934,-1.525185436662198
-0.8432520398674532,-0.1947896212832356
-0.3138328106167917,-0.30530915351856486
-2.5251572883314255,0.29919976608889587
-1.2088050997442832,-0.6235968803326393
1.4472774496461864,0.0833453509750919
2.4233742353223473,-0.33338005560766565
-1.8515233078198832,-0.33149938829951425
-0.8886963887293413,0.08036232596303014
-0.03960863543839055,0.04052294231700992
0.4202417382294102,0.7611740390516385
-1.2144052798824692,-0.12064303412983486
0.6360915666961345,-0.3498853491230032
-0.7107590206063742,-0.18080744508722618
-0.021678406317418655,-0.7146641168409925
0.8194263720055494,-0.35991109356667156
0.009633404716406724,2.031158713073231
-0.654578835789853,-0.9126787606958671
-0.16441470588874624,-0.2786563338793094
-0.13254443880800298,-0.3874886632696904
-0.5550165448231915,-0.24717161224439949
-0.3881940940006535,-0.33123930887839503
2.3979707557570755,0.27924010122099974
0.8413791719118581,-1.7101751013917943
-0.44322047704374057,1.0371714725320045
1.0454316067661034,0.6325827996421973
-0.5007292346340149,-1.2428715860631347
1.759686956379962,-2.2690772729524014
0.5544632882971409,-0.9770721461414011
-0.16095321600634332,-0.24266646142712253
0.6715753887154164,2.580291898690775
-2.356314228102749,0.5432569649742733
-1.690151203364708,-1.8075896491814576
-1.790887509598583,-0.689655504900944
0.21441464214556014,-0.05321243627298323
2.5987724992276378,0.2536835542980969
3.3469502192889484,-1.314748860310423
0.9570766521611358,-0.1349902279770614
0.7512667124166854,-0.7176391376105407
-2.7015866012291085,-1.1037585626023165
-0.8140106996010326,0.2595956466989539
-1.1816756278623584,0.7738771734428223
-0.931271397376674,0.8410412769616195
-0.2522157278771844,0.574386351133876
-0.708135866545691,-0.49736953314026283
-2.9689497155636815,0.7145497614635058
1.1218653841763007,0.3090544381042879
-1.6091145386097097,0.13394188295201317
0.3588702961667243,-0.6116931217017983
3.11112400462496,-0.49687612734152825
-1.379076887379635,0.07388693612455402
-3.795431284119495,2.4398744669855015
-0.4290063328201662,0.30124248009139015
1.6514394524978566,-0.611188502250286
2.937521181330891,-0.8323894449694428
-1.8443243916786254,-0.4917666126562028
0.7450488348547826,2.1772934475490655
-0.69796568517008,-0.39925664594596205
-0.1589225314562035,0.906870534610285
3.966515020525552,-0.3759282454713564
-2.25445549259273,0.26118454127962865
0.38060949224186014,0.7917452740087223
0.7015397576481498,-0.571902849809924
1.6286794874090207,-0.6411116541527696
0.14697473020634316,1.6588696944553298
0.4620758092561535,0.9845928948957969
-0.5874728511326867,0.7906723186907282
0.40369041186766097,0.787276293122914
-0.5147884132461158,0.4595754883110654
0.9323578347840762,2.017775813175065
-0.5544155040654509,0.043908301877156795
0.5656505908532797,0.5772623672009194
-0.04389422052746753,-1.4509129285940126
1.6890753761582522,-0.8249606865912409
-0.07709058538272937,-1.2008189998350405
-2.659548702310322,1.2740635835161493
1.8928822510709875,-2.55254015202075
-1.3585984512939284,-0.40231002275272265
-0.9806495079732298,-2.9937066026606227
-0.8934919410652382,-0.8312878954818901
2.061657139756226,-0.49094894973186637
-3.203511320968043,1.384871093794044
4.70662280048999,0.39662793922145717
1.5840852135990777,-0.8331415233289663
0.3348583711937395,1.065963719731826
-0.08234100092442959,0.01783225452975753
0.4283311122864854,0.03756685870725232
0.7816836425690075,-1.202671507771992
0.9678233789250855,-0.9900137139031393
0.8334066990051727,-0.8250972999455244
0.13437102188287323,0.046461273154189575
-0.29600763046098916,0.0778857269806748
-0.22690992548026756,1.544092663524045
-0.2923624205290215,0.38505516793783434
1.7006551453005967,-2.707565693672108
0.8903350834212929,0.26264198787169046
-4.41058295199642,-1.4500163561675328
0.9838511647946415,-0.9659709246115364
0.29210429207816224,-0.8121694717263299
-0.028063134668846124,-0.6633383235123018
-0.5827776796333287,-1.375149392040303
1.6861690799790203,0.20348200345228765
1.4212896931842867,-1.4108022850909592
-1.1593165017354137,0.3566676072498469
0.6105784306868027,2.2369710770616296
-1.457485101811929,-1.3293590589340638
-2.0694272471833957,-0.28451030433922214
-0.9400758368849478,-2.52345736251247
1.2935902085741382,-0.30093529297013316
1.4296875680641299,0.6427171526314838
0.7696281301459394,0.720639231357267
1.0876436802719958,0.0773637302840967
0.7742674306724375,0.8892634247589758
-0.9622223928344283,2.5460545359427917
0.6478838170109109,1.7123046874375993
1.2006142878415234,-0.5225209294096369
1.1314369947203615,-1.4511039864667385
1.7833700572119644,-0.40615141657380355
1.0624557708015956,-0.9469827656173482
0.5271723113123743,0.45134754786463266
1.6052253574746411,-1.1811935394294981
-0.03978188887359009,-0.07282243259034207
-1.3228119768415767,0.8380140545363104
-0.24460044591564584,-0.10069587281717701
-1.1173539672096737,-0.9463138227477964
-1.0127674124615722,1.1748140575856918
-0.21677800607327674,-1.8789809447538273
-1.1886298814999419,-0.3277950558774631
-0.4619422944585604,-0.04166002338133474
-2.8404220004306784,0.01590865839963108
0.3199405610594078,0.1804960560780812
0.0018082130433363553,0.6104398198094931
-1.225632946602286,-0.03540743904535086
0.9888685026486076,-0.3680582821436807
1.4063552064398377,-0.4075893446596956
-2.4113397965534613,-0.6115158020383546
-1.1440871678493214,0.7875433243268652
-1.1537135246809473,-0.6465284794765146
-1.409854651663297,0.8467711090082444
1.2442122628976227,0.018999082259871004
-0.2907392081592053,-0.5212548068561296
-0.39677226196591614,0.6184072157441348
-3.00579354661013,-0.7274539247231182
0.9531270453138396,0.6381840407282129
-1.8588875922802088,0.21272612119178486
0.08989894539949238,-0.5963246890919207
0.41606540693728755,0.5286348153345591
2.0409878937579764,0.5465897256886387
-1.9632305986786682,1.1575196058099577
-4.529268233731238,0.9661470124092959
0.2757743171305423,0.49127402072628285
2.7007667722662805,-1.1275909512087632
1.8584195294091561,2.448586988174057
0.31448912291193865,-1.4036162110718102
-0.7374542784480711,0.949263174282309
1.2106838949559655,0.43128381688629847
-1.460319299556703,-1.1741423724811146
0.7145366540343289,-0.12430093887849918
0.7582052387499403,-0.07875288624464047
1.5903148612483196,1.3055827158105235
4.139490058366617,-0.7133109002802115
0.5886239507681506,-0.2619450064243539
-0.7634454385612481,-2.336069605021263
-0.038361468287991654,1.7347627931235772
-2.6536138573336774,-1.0704682430200712
-1.0420696966335874,0.3269108642391749
-0.613923657169656,-0.10140782972186395
-0.7861325969018887,-0.09800096678333993
0.228532308050583,0.809861984870875
-1.2336298985733007,1.6712624603036346
1.6815460009867071,0.25149366994199174
0.00031059737729564077,0.6550780176305259
-0.013950481707921625,0.32889153672704086
-0.4918420747693768,1.0175314239306263
0.2327860257884687,-0.46291637948632713
1.237647397001452,1.075390554416414
-1.3006953235663505,1.110499865647384
-0.987174733612885,1.0825370086829098
-0.455589043164997,-0.660147867336476
-2.0188063852098224,-0.16833763423719086
-1.2288867895822466,0.23946698878043493
-0.7143313103169886,-1.3708420448290057
1.3115837710690914,1.5949202080860148
0.39384199350288746,-0.012276533502175885
0.29038486705131655,0.2839278876047216
1.2763469432519583,-0.577004439727203
-0.20605768259909496,-1.3268775593670228
0.5856972748933343,-0.604029885474771
-0.15483262939874434,0.21920418763358843
0.39804352409944266,0.6734288127536935
-0.8741379864173731,0.16179154060272016
-3.658225737414644,0.3467240162419504
-0.20141874327945622,-0.33702637468137664
2.13412220414991,0.4962485662454281
1.3893231033623885,1.482832866385907
1.448096226886756,0.7047894424389869
1.854196082709327,0.8095418882529403
0.13298638644215616,0.29401639930663104
0.2959735611083934,-1.5031550695996019
-0.9264778431515253,-1.0446665306312433
-0.4741092840405746,0.4548758006638433
0.9236567246567123,-0.010939051960085844
1.8058266557532243,0.439842886472828
-0.20916941352149931,1.6764234178440736
-0.6752838972771174,0.7260359992293337
0.0007919382848959391,1.2588862057428216
0.9018101233936723,0.09468138947073004
-2.1657822242003126,-0.8072156774844398
-3.444271429705857,-0.05786615921434102
-0.8258052742373754,-0.8047518137191378
-1.8310686388712378,1.558294956772448
-0.7622102964709663,0.7903910765354696
-0.22167047822620728,0.5205124966282796
-0.6798726135345201,1.2359432022281034
2.178701301706118,-2.0200564145232254
0.49011714690348007,0.5881379513426596
0.45071153941624253,-1.3106457843043726
0.9333107160651029,-0.0072556984656611655
-1.7082496766711537,-0.31170759246721447
1.558667681130403,0.6617366120969479
-0.11364642980318983,0.22818728896095541
1.005720925861819,1.3451171736117884
-1.607785849560233,-0.6018971609326136
-2.3306381490240966,0.7091143896332839
1.226834487037543,0.16222321689883193
0.5646142891462749,-1.6352902700715526
-1.3530773315362656,-0.9186164585230326
-1.3044946219120415,-0.1498780335221683
1.688152176622154,1.1122924498917277
-1.7841178393009918,0.4637230575571145
2.4640094298839452,-1.1675008238807143
-1.350931101971803,-0.14031622804715976
0.9575878884125745,2.01780644879303
-0.4929277136234769,0.11122333484085803
0.9047811466235146,-0.32732557507239574
-0.8161710031712889,0.4917396407562205
-0.2441893591084413,0.76339307958197
0.0613787630935817,-0.4561683474800591
-1.503281183672209,0.502574774371437
1.1112365181301889,-0.32888949667080924
-0.7698203497073779,0.7193276018294383
-0.3428998730100279,0.16969315797128373
-1.4915240619127683,0.4819678270528922
-3.8435004881929657,-0.7591835461675044
-0.2865416439002535,-0.8212863840728593
3.618923132419374,0.9454973046593947
1.1769064318470357,-0.07939638138549375
-0.02889056960159196,0.2850347420993615
-0.3943362438124015,-0.30639542708651957
0.03369883921806957,0.898726774013644
0.8206786727628149,-0.6078099800296577
-1.7712192229632673,-0.13560123990088283
1.6714825420033081,0.7859928127031317
1.073071973161866,1.172967699164266
1.0772785885619016,-0.5237592910266834
0.6577136082145909,1.959683981955883
0.029424986540984854,0.3132416936936163
1.0092918539502298,-1.0429282618087377
0.887721200612067,0.36905204858996804
-0.5310610664115357,-0.3829992144834577
-0.8604026593453514,0.4340684871831768
0.15278444289298004,-0.04285624766033802
2.323530227242781,0.07427369019014479
-1.8586606134808514,-0.9115933765861459
-2.20128789862866,0.99006123071636
0.2471412618547751,-1.1561273671510321
0.07633155278402709,-1.1087648954049951
0.2600124965556123,0.36736034914748666
0.3659297968627504,1.6028442471779696
-0.33480338195220766,-0.3525930970644072
2.234795157903123,0.7009723227039657
-2.4013559677147733,1.0733401768635453
-1.242745537170369,0.8146844372940691
-0.15488214022357108,-0.31120828917368143
-2.464783216731251,-1.0910467171940745
-0.2637816066481068,-2.207547565671355
2.492205248592027,-0.26284049946239324
0.03132973244394268,1.1780873685621747
0.3460513585780252,-1.124165984761934
-1.8902471477588705,0.7002098475187654
-0.9245421120592162,-0.9501525300518722
-0.5627945704859054,0.10607257638683824
-0.47657264513435105,0.7077916141550177
1.9224656925056531,-0.6594954368384278
0.8365365910876867,0.17048468069691408
-1.667186935405548,-0.4150913367253287
0.3697571676480073,0.7051486589381767
0.7473326227451778,0.2353171684846372
1.7102235577818998,0.05650767442926739
2.37081102985256,1.5583499601419777
-1.522641287741803,0.6623061423683021
-1.2162862668155072,-0.6903518661262891
-1.8863667883719244,-0.08586390079776185
-0.3510297886604721,-0.07589878507966075
0.6995375616695018,0.0803195726252119
1.4810017748836528,2.524509276607495
-0.11392653546378415,0.37085189271099683
-0.47977128488226595,-2.035902570104776
0.22763698837311055,-0.5427989717169651
-1.2527143524450346,-1.9323720874958086
3.13430808254216,-0.3297982570458398
-2.411491540677088,-1.9873102297264285
0.27711086834358667,-0.871590471068428
3.035409328844459,-1.5207215296341199
0.010199766839996653,0.38416017796747753
-0.2850585525022417,0.0005393626288786419
-0.5361681342156408,0.3029623074987311
-0.27058752264361174,-0.1045513885685264
2.059272712014795,-1.3942977502044178
-3.3177928669942602,0.5135213692547353
2.3001505519444883,1.9222245602694528
-2.135935728675218,0.40921257860654675
-0.3999784938516222,-0.425924599317566
-0.6438666304479927,-1.428067176105445
0.8828299046560797,-0.9080669707599653
-2.3971865278256215,0.45303965657205897
0.6932589991229143,1.073118026799375
3.036464434930279,0.26086617472197593
-2.0447610068892157,0.7998872897059834
0.28455925141559346,0.7076782440272429
-0.9929732666949136,0.5065343913859176
0.6388308092895536,-0.6584735952612559
0.028721666123628087,0.17392351197515246
-0.9622303635664644,-0.8483778038821382
0.731808427306611,0.01742895295810179
2.7065221646801145,0.3308635310669119
-0.28635568759094804,1.6787838073868548
1.0796369132222727,-1.3097319743676321
-1.9399094368067455,0.4815076309913054
-1.434654565227013,1.4812365916235948
0.7086094168205661,0.7588477658387964
2.2261740428039474,0.8329454428250415
0.53342002317849,0.5876949018678121
-0.46958704578473154,1.2983344897754168
-0.0010628918649688759,-1.087478168112368
-1.8756116009545762,-1.3859266659702465
0.9067729895330501,-0.006334140465255962
1.3234995934851137,-2.16116210357171
-0.6781354992496206,1.2306458041780113
-0.7050632216392523,1.2207151954954414
0.3988173444780727,-0.4333505550845262
-0.6550796040608933,-0.37077059666050965
-0.09919892193873368,-0.07234747515067134
3.149582683749773,0.05202065043961975
-0.37053855111899503,0.1271739191942854
-0.5375102280318333,0.5582321068783032
-0.9713127084527388,-0.17262635300847812
1.1162879572499051,0.943193303477794
-0.2718362598271545,0.4459477771253033
-0.974059557482139,-0.6069634458726355
1.981956048409518,1.3351126678040974
2.129404506770456,-1.358256986122487
-0.9006353486080577,-0.09216581082147648
-2.7998099270409242,0.9669174010754679
1.5112705347553832,-0.7230731049121446
-1.026944738640006,0.30955564676715147
1.185938398744153,0.543339596999048
-2.955155726567753,-0.860523867981239
1.3388960074489638,-0.07247771959403507
-1.8167578939211717,-0.15650383020921016
1.0961461785997868,-0.5517378518322928
0.02140960175465116,2.3016748520507746
-1.4309091290949674,-0.7631063534454757
-0.6105544693901708,1.0049302940678833
1.0294776854350511,-0.39280101688114194
0.15884167967285134,-1.0866361888852818
0.8766194707087264,0.1028142431550689
2.9646608767732285,0.6490933843875007
-2.346362417566577,0.9205095750656788
2.4258188624529358,1.5622651106550693
0.1565339062848194,2.9452462899351
-1.3481760724846923,0.25051420375559713
-1.9954704386084847,-0.6630921738253879
-0.28368058616555025,0.4528743267948912
1.382475167886689,-0.2662129504064916
-0.19132368056630134,0.9259661298522298
2.2667323953710214,-1.2971642963657217
-2.176763535077338,2.3683345424004374
-0.01813342176908184,0.8560480947755128
-1.8785901666196785,-1.6840040177961646
0.5454478239374518,-0.7090289023149722
1.3303310851459504,0.8160810441139388
-0.6311426905215799,1.1763440561714547
-3.9063207849407013,-1.2722376272319633
0.2984222201947418,0.7130258504329489
0.6551078276002642,-1.9473398726619233
0.6064421324425464,-0.08933586547104598
1.8536732877332311,1.1120468421032064
-1.6065805194735732,-0.5515157301029805
1.0203241581756741,-1.5069222991380136
1.7887612687169625,0.1462147963775593
-2.6678813760097753,-0.6047188666354781
0.47947773887846584,0.6295583660658357
-0.7562697465115072,-0.8853264322180604
-0.12228400965246883,-0.7726368896531003
0.5215147253075045,-2.0210023208762435
-0.7308428461703285,0.16994471105148284
-1.0135621187424178,-0.16090493827659874
0.051228626232036896,-1.188384670740071
-1.6308689082942038,0.193798713767092
-1.6287376933277782,1.027070300644139
1.019059924434755,-0.21556794341894983
-1.7231910527379841,0.26816694982197375
0.9994687513638179,0.2733112495851642
0.6938869392809268,-1.2043298271789604
-2.5887100931858953,2.0565858207075958
-1.0163469785034827,-0.4708498301222839
1.7911641045710587,0.6561162018602708
-1.4717482967095226,0.7692152772290496
-0.6966063934640815,-0.13959512711575175
0.6930913398778447,0.6067950250596347
1.1750857639238932,0.24581922181638913
-0.37730832906674355,-1.417639757227406
-0.8962652920374623,-0.33227270125008823
2.1335547925477614,-0.6125509023540618
2.6083494956963684,-0.4617450413461271
1.4682870761726932,-1.3040031778366379
0.12797721384753608,1.12643371674603
-1.2123985824613897,1.601992654613413
-1.245666609834848,0.9780029759984087
0.7837711578986362,1.2705292241471429
0.6275973313330256,-0.34463483700815617
2.102397889419644,-0.6362568349860365
0.9756751388042088,-0.7785870468117115
-2.254620452639727,0.6440649229572226
1.577921426584378,0.22706305314414962
-1.4970909409716193,-0.07722171159842571
-0.5759569079285274,1.295148544195343
0.3753003093775417,0.404941353815343
2.9935012346759464,-0.8386576375205848
4.664877834008041,-0.6809088291356947
0.9100845887042741,0.6819932992541455
-0.2747949280805818,1.041732852654597
0.8017584727208253,0.5516802322559695
1.331483138810754,1.8968887478720813
-0.48100143833578757,1.635007165731419
2.6928170338684834,0.44103583485076286
0.3451061387871031,-0.8385806594815023
0.7466146336370914,-1.3099875117317676
0.9988863780816921,-0.38738174501471484
0.6323799159216835,0.753213446416157
1.2584107507044182,1.8266470793119378
-0.9258797798203848,0.41744703441079983
-0.8374526309190458,1.1687227942312366
-1.6502313494575422,-0.24530748618780235
0.6592518459303396,0.6227691252275501
1.1684047552681711,0.8233568294771726
0.6866592992278286,-1.9795942758525282
2.511738650021306,-0.41343880237651026
-0.008394028243569832,0.9497003842778697
1.003112483388769,0.2744683356365649
-1.6375513142089715,-1.196515048150933
-0.5806495537116015,-2.4301223757273562
1.0433066363486663,-0.3657807453020064
1.2736531661147161,-0.07158569289387905
-0.4409504214962734,-0.8839229498283454
-0.10739887778710025,0.1430849370279944
-2.276810620021214,0.5063867472328947
-0.5355438012099141,0.6706871707262329
1.3355747452796793,-2.3559189249323222
0.8628075241598494,-1.3142850978081202
0.7509985820718146,-0.30462264835473557
0.07466053077144011,0.5721731310374635
0.010594737942264678,0.48923401355003554
-0.9904817092101705,0.4718699478766758
1.0482426303038022,-0.3834179419689318
0.6314594165840848,-0.32763343730996075
0.7380282719891988,-0.7283292684217407
-0.7890522640013706,0.7681941281058479
-3.2300143798068666,-0.9204887877395782
1.6457290676305436,0.8500363951895699
-0.7182561840126063,0.20785323813764608
-1.294163646064681,-0.04504447845515359
1.0402183678709904,-0.6567103997764666
-0.5880189598786945,-1.3555418611641263
1.5899045760699329,-0.6476527563780456
0.9255089243650463,-0.3300068686248863
1.0253539848007165,-2.3690243115812515
-2.0489335668008013,-0.19735515533466427
1.8179159780796006,0.9243573680260055
0.3918757968507841,0.5672179054338725
-0.5539157088693047,-0.49620587574150743
0.21508270101337662,0.04693629841522772
-2.66435284934748,-0.5561645694219997
0.6129792172210062,0.14876073333569612
-1.5440572622731072,1.5401078237440315
-2.0290054287653017,0.968498802624876
-2.283538779326837,0.5207943056927528
1.6690325624848878,-0.4928849123837183
-0.9438950905391831,0.7499383929448385
2.3005915648747486,-1.686876951373053
-0.8037021945784467,-0.2523534819908905
-2.56103693638942,0.5837114198239499
-1.6747866599229888,0.7404212140477514
1.853717430010408,0.669884490215741
-0.2338472669050013,0.2948306892096945
-0.8224309447359014,-0.19572497908388292
0.24002733877918153,0.5379759698264889
0.7526741042513174,-0.9528610405863005
1.6760982238536912,-0.8446772632932499
2.1727488448393895,0.06173467646029673
-0.5396529686836287,0.17319764270874738
-1.9890715291230574,-1.8256151785646464
-0.620197741684914,0.45514638094951854
0.3904207598743292,0.7727283779193933
-1.4456383893159164,-0.07728523746629531
-1.4357263723425644,2.3744662832839922
0.5156818223248282,-0.6829351063151862
-0.07297852735567673,-0.3610871633868695
0.049195493117379765,-0.39506690612720935
-1.1377430020501043,-0.07618761129101755
-0.345601071308651,-0.3287248129662911
-1.3863497164024565,-1.4068105446048718
1.3352976166871802,-0.5465482962364754
1.5528740020856289,-0.09762069577407609
-2.7692817933571408,1.2285720820619974
-1.394266290288615,2.2022432733729134
-2.2447938826351184,1.3354738978506546
-0.9750359016103474,-0.7753790296726064
-0.12515695468554128,-0.6958096106261655
-2.1744678295477953,-0.15932857750935098
-1.3827897196879697,1.7845588888535862
-1.5059360581222476,-0.1654240521818934
0.31090099409841593,-1.3275074905374307
0.10401650555437564,-0.5011771369530351
-1.08260633000588,0.757056001819417
0.26523130820909696,0.6899402768960868
-0.820020126880898,-0.2002166664916561
-0.4074826654890799,0.6834146735600306
2.5101781354478057,-2.273172202546832
2.010691577685522,0.10382923503269768
-1.9493718553913966,0.8606854213686301
1.2445986268187617,-0.8328632751545352
1.2170948317373882,-0.836338536496288
-1.7223949331289274,-1.8664481527634753
1.2281664656322908,1.589895594810694
2.3068978776188294,-0.7201539770215667
-1.6838172093666208,0.24104327786211174
-1.3762542315213955,0.6039170414833746
1.5264922002652537,1.512067949141453
0.407242966238472,-0.15389777398563528
0.8272144128592849,-0.5394297937784186
0.5108838246007452,0.17306764857055348
0.5860438813922162,1.284080276542287
-1.9897081924666244,-0.17017253140078376
1.5709765599321726,-0.9548690815840764
1.7543849886416603,-1.5407578083153624
-0.34408611610204165,-1.2212973846052253
-0.06521542472079364,0.8643914974066649
-2.2966612538335833,-0.3206244763068115
0.7713821340267524,-0.6075209099207104
0.8580861625712162,-0.7159672231839423
-0.0932865254989665,0.08504586020018182
1.686530039805754,-0.23945509376558377
-0.5011158464699108,-0.2731321437192525
0.8469088888404004,1.3493239278107392
-1.5294965080381733,1.5380162818616334
-0.03532822631135718,-1.6100216729089964
-0.26153138685425376,0.3275927311429576
0.3379618830614124,-0.7768620986213922
-0.5542903932500378,-0.24825111386109355
-0.1972088935075017,0.3092783851266944
1.2390707571622595,-0.21271991693091935
-0.6551463558573262,0.23045988062763317
-2.409865651108019,0.6729702060319175
2.6243758563081307,0.29457680054031987
2.0721811180357297,-0.6468363041676235
-1.938394042658428,-0.6291996069703238
1.0345617078677916,-1.4397052966180355
-0.7544621558270146,-0.8539202975207183
0.39523082299658935,1.9620683618985282
0.44133619352024056,-0.7920035740952445
-0.351611700474483,-1.1933788124438198
-1.1756484983795947,0.31992786184477334
-1.035811578474389,-0.11036475929185985
-1.3742878732218637,-0.19559323684922542
-1.247733312345667,1.40904596641209
-0.10076743507403288,0.5491266755583651
-1.0736399836661277,-0.5299929317034754
1.0230780985689298,-0.42447591759177994
2.230869233003891,-0.5025865139056851
-0.8700798620550645,0.8747396215802571
0.3591067508030656,-0.30814762945313745
0.7495276654544007,-1.7931535024541505
0.7080034063789116,-0.04831967873434432
0.1139329018741311,-1.537026001127929
1.1140236275395836,2.184230601754902
0.7233734290209858,-0.9656679138472309
-1.8564936334909468,-0.16186476535773067
1.3037340965839097,0.2582027347011369
1.330936255900113,-0.28865816067923
-1.1449291562678723,-0.29003040146619263
0.05690675317140304,0.4218272861608771
1.0249934892166042,1.5262159587962787
-0.31397072936904236,0.7675090818172975
1.6094670716490178,1.4785138785735428
3.545808741929041,-1.046619108093502
-1.1789790489524736,0.31736263325536135
-2.071566904730662,0.15524605205827927
0.45572789340731357,0.3510912916767348
1.0823437576892152,1.3762319706355726
-0.34629956076715346,-0.22078914979205405
2.1798909949815517,-0.4055033665540877
-2.007908699584873,0.5339807974186639
1.0393779345474168,-1.7782027275658474
-0.90879123113834,-0.2368520491221783
2.579066859310945,-0.13419768928545298
2.9887730297521777,-0.9203586163069253
-1.1499848816750218,1.0570590113565772
-0.8243357038628703,-1.0622403173432842
1.289381830469703,-0.1358730483637962
-0.5806959746842719,0.29315722532296834
-0.06811682689835732,1.3534515614761184
0.03808263081361527,-0.010556434880853316
-2.8795097342964846,0.9361535941282105
-0.020756619141355875,0.7005953972771274
-1.0345916610962607,0.12345755616914253
-0.7396842335996581,-1.0895134082734554
2.1654480052032214,-1.4345808609043489
-1.8847603414188845,0.10650540141918646
1.219807780121966,-0.5426968739026136
-0.4184443954977128,0.9192610916812918
-0.4196402527437516,0.7458565180985776
1.185557844077567,-0.1846109944370498
0.5100769418533356,-1.1577129239412693
0.8559194958292964,0.5107355496072734
1.4522769907992916,-1.0179494461351504
-0.49696257477498407,-0.758463922930865
-0.9183551017616254,-0.9794157382151545
-1.6277257898366972,-0.13850102193995345
-1.2381157949684327,1.1701923340705616
4.423641637963088,-0.005040870223528701
1.8670193711051801,-0.44321869242769574
-2.0266115493120322,-1.5256149300452442
-1.9836869351153552,0.5521245847298429
0.7227990925777372,-0.7804046059286275
0.8208971960669504,0.11751761915809661
0.8233257529760466,-0.3542186159166406
-0.38243369033054675,0.8381772195994377
-0.18818139000435033,-0.15723639202855216
0.4918192862390361,-0.05892635452305161
0.12883950943999561,0.4857471474554596
-3.328950559121303,2.1069401822631857
-0.3446994458627907,0.8884469303585544
-1.2771096513904703,-0.08860610634860941
0.26281712836276805,0.003197990615288397
4.477888503905115,-0.5248594603244346
0.5512224982114566,-0.9499957035196952
-0.4702945292585968,-0.552750787066322
1.3827022529658783,-0.7721489637119425
0.724031830813819,0.6533683837958855
0.6301417356777619,-1.071194857868986
0.9102758898235066,1.3332105613800442
3.0848153472443123,0.7520463836188297
-1.6963326529888736,0.02050172936766847
0.7104481152171818,0.00031861146506831443
-1.3895716949723076,-0.5572813096145535
0.8332689695133724,0.27008441134776406
-1.3780297672291415,1.088092463208589
-0.6260502204076266,-0.7031564622558137
-0.44263487135685947,-1.5333920889187305
1.4637250790170635,0.7032182548567439
1.3776816659136206,0.3243659742438005
-1.8685760646695768,-1.1201988014411794
0.08240116649977308,-0.733391370914118
-1.064369782123759,-0.8591042740501407
-1.8877573660130018,-0.7245322690342489
-0.3255255756365556,-0.32368275404118774
-0.4627241826837296,-0.2665473042807473
3.6400747295182834,-0.6507936550684602
0.6494397380410443,-0.7581638194999282
-2.066426251131356,-0.22878434391938154
-0.8471610062564134,0.16769153485956126
1.5320749431440976,-0.3162965363648446
3.1326641593048876,1.1586670233413017
-2.3789749683569372,0.5080877144207865
-2.8198865777085675,-1.5908458568586958
2.8064477630576734,0.5237277654138535
0.5844212660563558,0.6055439825855826
-1.3024390978145497,-0.43473496812419127
0.801943629183653,-1.4951975873031556
-3.9536216085253164,0.00806675941113609
0.005063259895741499,-0.007708651482244078
0.49173175926462787,-1.1216462365331947
1.3864052093067447,-1.4512192162599356
-1.5208439284388064,-0.08755354645343943
0.12853074210503856,-0.23307719205082192
-1.388136939089381,-0.4172653653223936
0.38307563351147567,-0.08341073474656137
-1.3430194835445362,-1.1027763738203191
-0.6121512587403309,-0.4348206128661142
-1.4937230921853435,0.5333250306143476
0.9767043627354856,-0.3499700803512888
1.287676674984998,-1.671972471792552
-0.3519308549361207,-0.47269227772357164
0.05735699244004251,-1.0701584635068604
-2.1728871219503163,0.26713629646173076
-0.4495149720101806,0.3188374033804253
-0.07530692556261717,-1.658774625086031
3.9311896365449623,0.759012970582189
-1.6679505386612454,-1.1121863012785584
2.196265858128656,1.5591822904823514
1.495288160198712,-0.04877626450061687
0.4209546067352046,-1.2463934985391623
2.6379307262927,-1.1419860706926814
0.5581582089102943,0.34809529178734483
0.5837387935018931,-0.3912998898983776
-0.07968097952631802,-0.09665390961814083
1.8353533236279413,1.6127802326970393
1.6447038507163256,-0.6992440642290753
-0.9385159312443186,0.05996285769570662
-1.9788707918981512,1.4198444873730531
-0.3044709560934856,0.27051347546640014
-1.2000578465964695,-1.606602735358006
-0.09528686192303265,0.5053890117321368
1.8561572020262087,-1.1630028577834441
-0.685952482630185,1.406807528732965
-0.06423507196736232,-0.8228676049979778
0.08703410221259283,2.9695095077456646
1.272646323307927,1.4673759883276782
-3.370334000976908,-0.7966125696279787
-0.9100504421479452,0.020013805001610485
0.31692553841920906,0.7536442816334635
1.8001184346402919,0.7836604742267077
-0.7378536712593078,0.4423362599761972
-2.814829059062811,1.25215903696611
0.9295671689492044,-0.12296894663436952
-0.9530435832384441,-0.36671766857603316
-1.784499988635542,-0.3468639879246106
-0.9365180845698361,0.8583732319721272
-0.2767880364837743,0.3651810403026461
-0.9071169968073192,0.2912836656902564
-3.3083490856486035,0.795234249257182
1.3455992953306983,-2.051052407853855
1.9123125619180832,0.3100688238751504
0.9772829870092585,0.21856888887371573
-1.706528505637225,1.6688080813007051
-0.302237300921277,-1.528587982263667
-0.009781972844187092,1.557186632376758
0.8981915843428654,0.07540912892466581
1.0025107330771212,0.48898953066004497
-1.1012606981677435,1.6759187876093766
0.12299333462034062,0.560761268005573
0.6859206069228616,0.4003682894625609
2.18373348322015,0.2422911858023184
1.0567598097370847,-0.4834781349943769
1.1835850310632785,-0.028489124510392892
0.12573994189404142,-0.7155127661227486
2.1156887178052557,-0.044566899425482
0.6146441939392461,-2.3359306970550966
-1.2916318652603556,0.42903956756754863
2.105054955187786,-0.12173725378362549
1.0468549088085415,-0.3362037366667643
-0.6645660316927234,0.21975808394014318
-0.719239451098865,-1.4335639229654407
0.4448633177111427,1.9292699966212825
0.6947771929013771,-0.10276746148759967
0.2959383984468097,-0.14584443297218957
0.4669630101643273,-0.9653962101329223
2.549936061864571,0.02394638244926125
1.6073147283523286,1.3869598902732805
0.28595338689753647,1.035916209432034
1.4119658711512248,0.8544377511405561
-1.5487858552913094,0.5463989516672716
0.5968905749202134,-0.35854252756260974
2.713959524599665,-1.450163167036702
-0.32706884308856077,-0.20103877186663505
-1.2714508929286272,-0.23587146453367722
-0.978133332889591,1.048794439671241
-1.6344495560135825,0.3093904424598202
-1.1771428621915552,1.6123115279035483
-0.5557621478850434,1.1974885400381745
-2.108350528767963,-0.4564956095040957
0.02342750092440457,-1.7951291966198684
1.3534157606799708,1.385575233941481
-1.3616342702203805,1.3593852232307442
2.278925885462653,-1.366211590902226
0.7661881327913921,1.5092400198275007
1.545870878436086,0.3821171705925179
-0.9867518307782056,0.16068549812565303
1.2817878405999235,1.6147832542473273
-1.6379008505929695,1.3446851732306149
1.335371251254763,0.6513309519952039
0.25775900969029686,0.47321706581198303
0.8298768299771755,0.6163942905303591
-1.7633919084372773,-0.4000574338825259
-1.342604763414907,-0.05510144973232095
0.8958423273800772,-0.9023171545945426
-1.422522006336301,-0.3330397757389188
0.6948094381486846,-0.36663387866893304
-2.0507067096903686,-0.6353053696216646
1.2722613190000023,0.1367465026484631
-1.8487849721527636,-0.3239808507005772
0.8284499065192849,0.5022347203519739
0.9384464004690013,-1.6223206132937653
-1.0451577276443624,-0.11335479410729969
0.8730398506270903,0.13155164017749568
0.390663395000334,-0.31062923983688057
-0.8082627842891075,-0.17239269980923128
-1.512832026114312,-1.5852460107298574
-2.9439385375088687,0.35647710466949206
0.5244750709495405,0.6476059825670705
-2.3472041570430826,0.49353729420376685
0.1430162991619623,1.038727059442183
-0.39517232412337366,0.20152960578250198
1.0187141631572931,0.47868118065093707
-0.45306824923479627,0.1560907384568524
-0.49417167952063706,0.6875507195924941
1.0978060564324434,-1.577229636132122
0.5025870436261763,-0.8935809679780109
0.4742339357741674,1.586899657033091
0.7039013847127893,-2.4604358220962053
-2.3033581848106586,-0.14017792982534394
1.1351830199804729,1.1722749596080682
0.9187031910204035,-0.09326066554176463
-1.5250246928647457,-0.4050110714506975
-0.36612071051130196,0.1294216768153004
-0.058960931441446776,-0.35312018000244655
-0.20174517660259905,0.03084949275693916
0.500789949852802,-0.6833810365201296
2.1470501727467752,1.1086744199557241
1.622650091509243,1.423264921065661
-1.9683287901471094,-0.13339032211162255
0.933104985459073,-1.3864894206912433
1.9933999793031143,-0.5238431703133952
0.5802127810338039,-0.18398866010296422
1.6364706377789504,0.5055388769032081
3.018405668551148,-1.008013223170678
1.5355643191604722,-0.7691623186421507
0.37396289346259326,0.5106761378588074
1.5676327111271302,0.9389088320395578
0.21733174964533677,-0.6215940451706842
0.035854564927433205,-1.333217053950996
-0.5271213535705987,3.284118201287884
2.3451200382481625,0.7833042370887136
-1.227642998913002,-0.2670037617670316
2.298551587017174,0.8690312755308397
0.749796185610557,-0.1244566297144221
-2.0989592622029125,0.8671568891001863
0.5514739394871324,0.15939319777622218
-3.1500397614774363,0.09127189816757326
0.9382620252465537,-0.11358186823078863
1.3278472244834865,-1.4473813334630898
-0.8885339334780804,1.9380948993931397
0.1853215439333735,-0.9415339202677434
2.9312361506254296,-1.3600235763105946
-0.7586200563929051,-0.2128598827563673
-1.5883613805849008,-0.9614718135105067
2.2224951036938982,-0.05171279056027103
2.943880785796192,0.6877638485617686
0.005543507771770989,0.995302900529223
1.5171945531125344,0.8147307216216817
2.0122138732963215,-0.3056320547856803
-1.113726348807576,0.049591827661585874
-0.7279587530518025,0.40787905089749094
1.8463117697321025,-1.7577874239420725
2.527521418062764,0.5705847001198596
0.8443212902615322,-1.4572992875838315
-1.3197215302530814,2.0403465989064893
2.9805916675491617,-0.40451508464169533
-0.7964563467179467,-0.18487517719459123
-0.5027066717571776,-0.7697070992378554
0.5135067517344322,-0.6299700318556897
2.331240631072161,2.27409356914324
1.2809639648283355,0.9403696886232976
0.6222982505428657,-1.5492024451478383
0.6949327951771593,1.5042129006852296
0.06527200296519911,1.1932422751414316
0.8372092717777595,-0.28121246228828845
-3.7943401165414548,0.3066969420298376
-0.4449111886046975,-0.014944079421074246
0.3619829023751715,1.9725799044469323
-1.7265211254292607,-0.7962901889920904
0.57948497671734,0.14601060977572694
-0.3067068314791823,-0.4281453309928047
2.633213547473235,-1.4330404046178542
2.3595295878222844,2.191638255054987
-0.6987083536772443,-1.1815665791024124
-0.22625656735004296,0.2201291874877759
-0.11092134841258888,-1.7407006063803354
-0.6774892142394341,-0.39907053924309327
0.2925374760421901,0.4219688214334575
-1.1374231033313853,-0.8247339795023627
-1.6959230024062895,0.586801850735655
0.9340668358504028,-0.26904109188808245
0.9442943763327163,1.1600825123986132
-1.2064736394899884,1.3617609133402233
1.3430331461438993,-0.5867447607300117
-0.9473665937479971,0.07673285939295683
0.3797478570569718,0.1834542264722327
1.2305160189186841,0.6193492954346985
-0.05041884705556951,0.014381996244265737
0.6821113682117016,0.1902109593428422
-0.7746444658313576,-0.2434064747951195
-0.29469987514214574,0.11523986697201831
-0.3087891463205106,1.2979401935351325
-1.1198675198103585,0.6460832412118543
-0.26516124467367314,0.701255639443369
-2.32292744829562,0.7230703241355783
-0.736730620713157,-0.1538087778810355
-0.4273132400545062,0.3188270435795304
-0.38426962874307014,-1.0851736783357446
-0.3622461688061682,1.268807656316957
-0.09264629979019338,-2.7829604323432204
0.7191622771290959,-0.08714839233542518
1.311775611198784,1.1408959771502742
-0.9746478402724006,-1.3638679336293416
-1.8048012830837168,0.3997799176168511
-1.5630666183646544,-0.6807664465790269
-0.7308043817923907,-0.3688032651888687
-0.5278819767247637,0.9459409606394378
-1.154994099296186,0.1980569258851502
-1.9441749963748416,-2.0343558678843627
-0.6841812412112823,-0.9764255397315984
0.27213993017095706,0.9753357348887596
0.8925441987533471,0.4489427181929976
-0.8361345796624817,1.7481355725242844
-0.6194967332151511,1.6826475940132972
-1.390047463270966,-0.3422451301467918
-0.04715875556216463,2.5032378050694883
-1.2726429512862218,0.02447966985191076
0.8596917198618002,-0.9626685344090254
-2.6787997379011665,-0.6336398659105773
-0.5394445086786936,-2.256725105289419
0.45166100878761317,1.607019008249281
0.27575177448375654,1.5947619890438636
4.039550495970745,-1.015507438813321
0.5247000368518613,-0.22788428838190591
-1.5060818952630153,0.0956075441125776
-0.14319637063360954,-0.9603530521421138
-2.664369500199678,-1.7551020312711616
-0.12089962394514131,-0.21035760377691182
-1.249584085501138,-0.32107942945924683
1.3730854133402426,-0.38841124098877516
-0.8243104118933023,0.22271606260096463
-0.17514887369286994,1.4295196585259922
-0.9533367621066051,-0.3030927196917261
2.608277027779997,0.17044299872136284
-0.48186414917686754,0.726870523744936
2.7488355652188026,0.5541429265127488
1.2212276431773998,-0.614423524447842
0.7231000910030791,0.09637712311403587
0.5530997209762796,0.5475398201690533
0.5906959473243774,-1.1283513375107777
-2.891508869018415,1.263539010796508
-0.4183250912261348,1.431588905214111
1.2677369567764822,-0.7227802554444938
-0.07334577521115831,0.1936700183481687
-2.1077847702053627,0.6422782566710317
-0.07860667586620418,-0.5456141563287527
2.556158274383237,0.48161384568809446
1.8703375733020793,0.16325562629216542
-0.09300601404904763,-1.4679181776388008
1.42717391558713,0.4591613159785581
-0.5497605305520777,-1.1001424162710358
-2.5558073802400783,0.9392028516620472
-1.3866989821943316,-0.6712110751338888
2.344333152762297,-0.16128543366114506
-0.41098962274395634,1.372278913446575
-0.3650759690625271,0.4963816465288452
-0.4497572944123208,-1.0794739195745453
2.8562048843595105,-1.0149165707990837
2.438938373043095,-0.5993027886237254
3.3281703501722006,0.39464408335666606
-0.23856781560007695,0.35829981493276813
0.4434367331206426,-0.8431023046628692
-2.274963824131187,-1.167209485614359
2.2154016391774114,0.28158340508583424
-1.7516693269019026,-0.18186006579016192
0.32516334564394367,2.1572158874477374
-1.6459537914492661,0.03660365656307895
-0.8833002401080441,1.8142528277002747
-1.2558936465745505,-1.17038359810434
-0.9118128910137269,-1.5732129395617072
-0.8086840547234679,-1.1200851325255345
-0.8224031923876156,1.1891297814534663
1.2500008676704608,1.756101589693534
-1.65729418959378,-0.782179453952634
0.3308121405208003,-0.46056602975955757
1.8269387284583376,-1.1689809102124997
-0.769794546770094,-1.8116398471183872
-1.0768783361214027,0.7184116977766297
-0.3457869377703762,0.22302030296216313
1.7695878125410651,0.010487982673875443
0.29116144643003655,-1.40005653716338
-0.7968214419113977,1.6399566818286606
0.7258149767820596,-0.5033567380494731
-1.6534382247546349,0.5336264248164758
1.022039265664422,-1.4545614052447244
0.6129109615526515,-0.19052518962003737
-0.46171270670832615,0.2913744562385839
-1.2578786976708465,0.3270752180533076
-1.330021383425186,0.15464854323662508
0.8022260045188654,0.4945224920487726
1.8434707537335928,-1.1305204560329611
-0.9559616205431922,0.19737260543966004
0.6875800553272264,0.11375768348027737
-3.1305405279031033,0.23167268419506085
-0.8769265959857994,0.07234521731918178
-0.04658839930635293,-1.2732127739133976
-1.3645251254727504,-1.3177997521089737
-1.404759562184394,-2.2142681858845514
-1.0016693347033292,0.8175345098452976
0.4382890924895597,0.8276575097351987
-0.28099352760956203,0.8435502912221203
-3.357346849987458,0.3067899624614518
-3.181050228952599,-2.133119217718111
-0.9102977667857631,-1.026710491785266
0.686529879080328,0.17041541759311193
-4.121257264087852,0.13551800279179543
-0.7495952642274459,-0.2227482131520212
-0.7893717847761317,0.3689172029082467
2.0825066673126718,0.011651707685245566
-0.5775327175692955,0.12077046555136169
0.5744834771113927,-0.6390653328320162
0.21188571013119484,0.9820109861215902
-3.195849719710801,-0.43077160868038405
1.152310824947606,-1.3306490830206263
0.3230947581844319,-0.7709990128187286
0.7624029595118844,-0.3484661913619803
5.88935655965449,0.9940027883688467
-3.1261694092478827,-0.042267998434793036
2.5870449746416626,-0.186148218965649
-0.4311712791005333,-1.2486634247626274
0.43099335660451393,0.7854825898295763
-0.06826836795186325,-0.6519521540233857
-0.6363545000970653,-0.10002785894133592
-0.8547493923581382,1.4801830768818647
0.49426310335951373,0.5087633310493045
-2.2757605450075187,-1.6282540477151743
1.1258687512826484,-1.7695102363524722
-0.6242916073278809,-0.06431045011924605
-1.6951040085605367,-1.212740614874805
-0.6750192869937206,0.6485467476329978
1.8857238252938593,0.04226306496497919
-0.8030026305243347,0.16538476902386298
0.5376804273144303,-0.7067431816423531
-1.0964344135732098,1.7413836552867057
1.1368827748854293,2.8425937280104594
1.0282616081853062,-0.2785847237567147
2.772913249944617,0.35303924841500095
-0.26334591824882325,0.09741734306431259
1.00298220713686,-0.25968686344106867
0.14710130930841683,-0.8320704677327967
1.9438076727945215,-1.0849679874804772
-1.0782485814130955,-1.1355972655255242
1.1175079693159216,0.40524002554914546
-0.2920459441750225,-0.5196744782036353
-0.09628226566274663,-2.5782928501405302
0.1376287266725593,0.44485822059832236
0.3783605946400161,-0.03826128246415587
-0.17434356468293727,1.346673001401146
0.3220697747557895,0.3731223970910093
2.367177086343277,-1.4786735963102973
1.4781745284228276,-2.229676640729981
1.3037318887453448,-0.7194723843379374
-0.6833092890358061,-0.6251074206936527
-1.3338612423424865,0.9431592010001667
1.4329508373566293,-0.008870932289573393
1.3140701887946913,1.133688498098509
2.209006013626473,-1.3248330557026347
-0.9059709389538443,0.965264384380448
-0.3443229830405206,0.7209891534309195
-2.459226243788151,-2.0182341114311964
-0.5887066590913094,1.3226178412607723
1.4948557658691708,0.09345849176635274
-0.699743068842297,0.3920445038685057
0.9607196928012356,-0.8648961124284227
-0.28575465899671704,1.2752470129219724
0.4860855423323409,-1.1858523292388699
-1.721537084723501,0.832092018373946
0.12781417445085158,0.8206074759086712
-4.486703956351085,-0.9741674281722221
-0.2803442372429773,1.983373599422574
-2.4457098655727103,0.2315284802175192
1.808991774820224,0.6538926102710242
1.166111029146767,-1.5271207953357557
0.7000064729491215,2.117730003008565
2.28150934073907,-1.2245569402250898
-1.423374781237256,1.0248864327659304
2.6210447968733375,-0.9947717179316954
1.3982873463905772,-0.6189888028476827
-0.35483293082841905,0.7887540438854471
1.703430220774416,1.0275527136751572
-1.6594402686174514,-1.271284249114102
-1.2367712422915103,1.0904721690569938
-0.9128845848595506,1.044980495133194
-0.7934665620960228,-0.9379534088448924
-1.5848364641403792,1.5986475935911102
1.8346246006429876,-1.456857628248038
-0.3882816005547475,-0.6247725827776154
0.5287574525353194,0.47900262409198874
-0.8555270496205208,-0.8535662847026064
-2.730904950822776,0.263819085679341
0.40508603758713313,0.24107607880329518
-2.8683824631296653,-0.18707426992272058
-0.10295106912820291,0.8324005385905596
-2.0524725582492156,-0.22836079265763917
2.980913998846212,0.23154106881380565
1.3670440832620825,1.1464718774879026
0.15863068690722062,0.7906862100258404
1.895560016482003,0.7860172908142086
-1.2694739661986039,-1.1491796022167802
0.8152190680051394,0.5247925755013217
0.29971565057807026,-0.8784987909695048
0.396030122000505,-1.2814149797780263
1.9085302501601518,-0.07170634628496836
1.0987381541697034,-0.9042951866515898
0.4330854942375349,0.7906177188399772
-2.482331154342444,0.8145354596953241
-1.4400694429191956,-1.902626236431442
-0.1840634003935862,-0.82830253957689
0.14005856141497686,-1.4597866719179988
-1.6953055870108857,-0.46262927659289066
3.6175150133676315,0.45517566986882435
2.2745910828803595,-0.2422880981783883
0.9031774805887252,-0.5897592406671354
0.10805529192561714,1.3001765268131393
-0.3183134548517275,-2.3048571725962885
-1.4278776900333534,1.2368718935182248
0.1162207777782938,-0.5442882931554857
0.386628810214126,-0.07810901011278953
-1.8626408632224365,-0.5273633377201086
0.5012646258673461,1.5428881055391184
-0.23288857323712314,-1.2309784968052595
-2.8617113368160867,0.011736369721935848
-1.290577516169253,0.5274386518599967
-0.6204083001324664,-1.6110027678851675
2.8315314860102854,-0.9198981704461536
0.8348296868006373,-0.14817853349822913
-2.003222353649837,-0.8866650346843747
0.7290544341264555,-0.8155917712191499
-2.3209559834075484,-0.34986266307643743
1.62403658083061,0.6495813316461732
-0.7066869777268179,-0.3427177768781444
-0.14045428310875627,1.0784261944729465
1.988694971313285,-0.9977577826593548
-1.930745352876375,-1.2519222604734526
-2.0956772776694867,1.926345405721134
-0.8753989895190073,-0.6579581276655113
1.557568276528975,-1.3109120070721598
-2.2790191132152637,-1.7420539417718304
-4.248233397165853,1.075103453808939
-0.6767382876134982,-0.34130451466005923
0.8276111998663807,-0.2537097350663985
1.8003926246082438,-0.1592017115866396
-0.6947420431280985,1.0129428846697812
-0.6171399106740036,-0.1795298339759204
1.730851101383621,2.344053778832626
-2.8046125495431307,0.13376057405422923
-0.5827811627745139,1.0617847669583211
0.2856358348875866,0.8052398579044068
0.6738280819275514,-0.03644732025803771
-0.7647100397863238,-0.5869709860204633
0.05166151755876203,0.33196392856655366
-3.7324910301194842,0.510098731207273
-0.9873726185007725,-0.5725860481265272
0.6802630688317011,0.16633886595065583
-1.4734410513820193,1.236204978259596
0.08847633238439606,2.0699477390696788
0.6703087512040471,0.8543693203494214
-0.5138238012866474,1.8627596863802822
0.25569565649485637,-0.6293742112064558
-1.4440988479269183,0.7018822520592939
-0.30991691954406997,1.3385195085812722
0.9153242543838338,-0.8963333329719959
0.23545944145265132,-0.48559011204500924
-0.8797969043459033,1.7379047618352501
0.3363246064361895,-0.9750988557869399
1.0719146859549271,-1.3411300326557107
-3.074911917866217,1.5279815736395113
1.7386110974338465,1.1967632249804385
-0.504382108021608,0.4321202439837694
0.6382348998603454,-0.045710754645827495
1.795870385467842,-0.43852450560498196
-2.057510545845699,0.28194887380905115
-1.06416150364132,1.5798069574015499
-0.4328230438135572,0.238566126142076
-1.1756302816866424,2.1669592672469657
2.6024048637552126,-0.8979419856402304
-1.285158140740189,-0.01968075432826937
-0.8333201692302998,-0.37305866766391554
0.30658354740446514,-1.0851415431623328
-1.8032242891141332,-0.15308373300965544
-0.5935210676343958,0.41732930166043963
0.4761798918752627,0.52423017995203
-0.4992906065737669,2.170452178944556
-0.14008028834992242,0.46446746972355973
-0.7939981686725563,1.150136803679616
-2.2717054637711502,0.06609424629897591
0.48238981700885786,1.6780556004525953
2.6323996074708624,2.3984492855880695
0.027602446175157194,0.5310851309759498
0.33789617587132426,-0.9926590154515813
1.039084132675289,-0.5488050227771684
-1.9039957448200489,0.2819343032051621
2.5537719871944082,0.45649803525064586
0.30349319463420305,0.6984251343843719
2.4477853486336634,0.460197681230041
-1.0995494932859842,0.006984916255938689
2.727092883836737,-0.6361984412021287
1.1627332410521747,0.40113826126422947
0.8295601287785377,1.8549873574806566
0.3510366815297219,1.0199286054277548
-0.37279292711167406,0.534703949636198
1.8007974877108088,1.0295669238227512
0.21053980477207046,-0.3710640289008525
-2.9506045553807283,-0.5082651460833204
-1.6757796925605035,-0.7477851043659819
-0.27876862828912097,-0.12528662276943792
0.4649984747483326,-0.4220058967090802
-0.08488273334984375,1.2082747406521392
1.828456184690495,-0.4753234176821889
-2.926652796057937,-0.8027217162249164
0.21538190475774027,1.9425771788306316
-2.726968838080732,-0.4513752310813436
1.1395684432262527,0.15352845725035097
-0.14168807166300412,0.4513228247434116
0.6294149580361772,-1.1366931189208151
-1.295824440884649,1.2354837695030692
1.9191973974866268,0.6371190404112276
1.562586996088277,1.5583840118807817
0.8753164545178315,-0.6792219372181003
-0.19427587029516113,0.09912579247616002
0.8697859279426983,0.03935575499419535
-1.0603388519810233,0.2638884943500218
1.283333488531068,-1.454614748577161
2.4742213414858814,0.11083637869222239
1.6059158399687794,-1.4264639114237452
-1.0944037047111141,0.3583340711969214
0.5421259759096544,-2.1286491245185197
-1.9397123156379716,-1.8515868342905866
0.8585854667635135,0.8185487164399984
0.6759051192938083,-0.5468384551947827
-2.804724509298246,-0.9878580736322409
-1.7426757658685457,1.270845621075548
-0.4247083451156507,0.32762621732841496
-0.45128962071123935,0.8720901955337838
-1.814215403128208,-0.16624207232083046
0.5834680940282756,2.679628693900003
0.3772104134107681,-0.6045138605597951
-0.291403697967779,1.7444955493598882
-1.1336872502375444,-0.061366040099912866
1.5730606896248451,-1.654510394912746
2.4831106696324428,0.4828487457481086
-0.7253422257698057,0.3147625614551637
-0.9182503757322311,-1.0513218142392298
0.7368114981179944,-0.9222192771347147
-0.5370440696204793,-0.02469764308499223
-0.20909580099485126,0.34974781524798154
1.109479727587007,-2.470663282879401
-2.864034131260939,1.0531214525238028
1.977453487279004,-0.4944979738149775
0.109020786494012,-1.3317474843981763
-0.6172397168432704,0.9410665514519307
-0.1338512313321734,-0.023617979418456322
-0.056355967469221904,1.2161657767822542
-2.596801955167388,0.4379522629797555
2.2424073411798537,-0.0015145029480460542
0.061988448405927696,-0.15272994498015613
0.6645031956710628,0.4827127605561378
1.4273246558610642,-0.4135312588093302
-1.5317436863404503,-0.8525725887464994
0.7102078485528427,0.6099091226546439
-0.4014616363481903,-0.14448784144442942
1.2701561628247404,0.033567648069006084
-3.190841130527243,1.0893798361546077
-0.14864145036190352,-0.11387660773574096
-0.9042309836759423,0.015033925541790552
0.6483944259512332,-0.5996495114509319
0.7050662810523032,0.4307399339818508
-1.0614388422330392,0.349827912680088
-1.0682607962640653,0.9007751317905579
-0.16599805283599417,-0.5791288370068761
-1.3449633409728121,-0.4578169695901857
1.2629755431781904,0.7921373991454693
-0.5538108006711693,0.2522130033628634
-4.360482328982462,-0.9062181261926946
-0.5622330849327092,1.3065540677345007
-1.5578157312659586,-1.6984505684002509
-2.446913723191418,0.7842847532637518
-1.8561399573338586,-1.2652120359981966
0.16411270774945508,1.885788516485527
1.9929612423723468,-1.5445997269056233
0.46977671079746997,1.1522506518727484
-0.9097550823236096,-0.08163436001124397
0.6838562927560541,-0.366602569838744
-0.6886354653284876,0.1853966564677613
-1.0419005537447168,0.631900339157813
-1.7315440023494766,-0.9044005023308695
-2.6277432101275786,-0.8157877251685722
-0.584885559839168,0.6496048651128858
0.23708023488019778,-1.7073429536495999
-0.1449355050223346,-0.5842290931920854
-0.623950391921038,3.040686954159441
-1.4186190910451717,-0.9680129645892809
0.9123692875274527,1.1478027917597526
-1.9756978799198774,-0.5859507687138121
1.164041870765213,0.5090451447971439
-1.503325528390087,0.6543556905962175
-1.1286528560295523,1.1289567351829475
-2.2001777859235156,-0.20025382681277568
-0.752103220328455,1.988884638754853
1.4629686877169683,-0.5893365645851804
0.7734421326659346,0.23422041359956
1.4676331680420527,0.24527693221760752
0.7832138189009037,-1.1219681199494154
-1.6555047427955538,-0.2858722549791206
-0.496183836491336,0.16151349923840733
-1.170298693676194,-0.43212104312941974
1.9958623560585602,2.440923965456535
-1.7951829696394674,-0.8386236735995307
1.3405465340836664,1.1794244681404278
1.3394308051631538,0.8564598131487865
2.7444303025741306,-0.013862134504271355
-0.6145298889442461,-0.8652090538522469
1.0684832393702433,-0.76825532039177
3.422477754808264,-0.5179672992165097
-0.926462515400545,-1.785741281946263
-2.3025603712985396,-1.0034654257992905
-2.8200150508616453,-1.4824765153636426
1.069068043291997,1.3458750031777167
-2.8247253120878755,0.6184623923882185
-0.5584785794068843,0.7859740988654604
0.655969780558441,0.5888319515419477
0.2777633052448711,0.16696762333416318
0.6381672962762583,1.460680332129137
0.3334347837012811,-0.6107626557317373
1.9182987199700898,0.10666965536704488
-1.4284745711081954,0.7470588278241231
-1.0154927076877969,-1.321209231856129
-1.158989167906236,3.096588896142549
1.2452877177939152,0.028565762777586125
1.3505978825925955,0.14198945057559273
0.6768379789777623,1.2568780316749217
1.775240500334892,0.9149553330102238
-1.767061301064571,0.03807801939645913
2.5008361673267054,0.130129438098042
2.2848579325683875,-1.504148530947979
1.1034329958686202,-0.5564657778499762
2.6726983631565897,0.5172102161589602
-2.484934811516661,0.4438928390428866
-0.7866722043939778,1.221165750004087
-1.1029551910229285,-0.12050105822332462
1.082218985636015,-1.3872865134308663
-1.5752111094032184,1.056730430775678
1.1362427240062283,1.436089346182016
2.05580421599507,0.8982445728562294
1.042804350125999,-0.1636336708574914
0.4256265354922517,1.044386051876579
-1.481810011351124,3.4289104780082136
-1.270276449188047,0.11515231444047566
1.8744283579449998,-1.3117366922451246
1.1690235058579985,-0.586285049552152
-0.05852927906631618,0.6254760003040509
-0.6268643186488358,-1.6048043108980627
-3.038711809667065,0.16940307491206952
-1.6062786280266583,0.3803366503158828
2.867128630709585,1.535121739812652
-1.9206833565037003,1.3101948560543004
0.28421973183162097,0.864584791751771
1.5111659597927978,-2.1626790105145295
-1.8823840020034388,0.9210531280479252
0.27706571217162496,0.7055133860602464
1.4068733062659826,0.2559443770783465
0.0187489828608755,-1.7302221261454855
4.302604583500153,-0.7767739091870604
-2.5028988883172927,-1.1668227695340663
1.5880927948258183,-2.0150084395070906
-0.2592026060946966,-0.002915151414794514
1.1578802322550126,-0.7978221214427796
0.6619607275488688,2.6253055802689116
-1.099734295664995,-0.16877193943790955
0.3434945886890104,1.2937531558659603
-2.7868521770974306,-1.5690990246932246
0.9048712508570906,-0.5300895860048698
0.44723769898578847,0.09689787603431459
0.9579902529646536,-0.9081539486076704
1.5871774876307252,-0.4222006848047443
0.5514297603145664,-0.21795090624353872
0.2221341296974143,-0.23390798544489444
-1.3216025049919384,1.8551185730353463
-1.0683311454735764,0.37822628543151016
1.7801019302659964,0.4795105629413033
2.1545031085589677,0.5396547743450705
-0.3571656544680811,0.6126263773371126
0.06900412087991117,-0.08288698387486536
-1.356921562490649,-0.3207463714788462
1.7591352679011671,0.16681605951827747
0.998125235537668,1.1568039489134727
2.911826154695624,1.1262381884363837
-1.3174846157696083,-0.24039847568841113
-0.5670118485273258,0.7678436946681114
0.3471688837883585,-0.19458466303966782
0.969734306588656,0.033870549435244236
-0.3235014563214485,-0.4735233815541974
-1.3094416356805505,-0.1816451389062335
1.3221112933853567,1.3413300695496801
1.0817030438183726,0.09242114733923629
-1.3744111508455874,0.1352825085523179
2.0331642016582436,-1.4472177792579584
1.7552980637949056,-0.30924390763272963
0.2014447458716893,-0.2413149037447287
0.11939679356405458,-0.8291434854434051
0.8310866566738607,0.02166541170356352
-1.2925546053843873,-0.4291822902276543
0.04504721874612326,0.07999585524358216
-3.2285753169137705,0.12150300981893442
1.3146834682544033,-0.9557543578226444
-2.342239833662789,-0.3987017824831894
2.2551297426434984,0.07737428276083357
-0.49518014094967544,1.1842994311567254
-0.3175004728967653,0.2567191727957405
-0.9416008591267584,-0.6619351799174277
-0.4320583108831146,0.3990047592438523
2.127797017722055,1.7075488893217605
-3.731712984802619,0.9167064725890186
1.9154480791322817,0.5475265304356202
0.5070352216525622,0.7255901754823215
-1.8105324717858233,1.4399540414286307
-1.6129685895738568,1.07562679401766
2.5145895408123047,0.5667603811176578
-1.4182603199140968,1.0686422195900849
-1.730025765893939,-1.0816510962640609
1.705971813547094,-1.502265252340281
0.5078293144288714,0.15709865064383013
-1.4068883648045982,0.06868070965053837
0.3249374631069285,-0.5439100535132576
-1.5386290254604158,0.8258526698277096
1.6512320976339079,-1.862863586451236
1.5920564473097003,-0.5347722560578038
0.7980092982329147,-0.48495554487761494
0.5424915918705249,-1.6363017850994594
2.6417821873010605,1.494731007269304
-0.0004705089176620681,-1.359201268663323
-1.7728111881312016,-0.5883400573076859
0.6742108692484603,0.9079797578051338
3.1290705743056706,0.6460453434287315
-1.5221392397787783,-1.1081746964847465
-0.5421941500409786,0.6824892092606365
0.6246690571521789,0.2897844786582218
-0.08085727350860873,2.3330355621114673
-1.4734553705659719,0.40394041606830444
1.6827867843457063,-0.14124182106853178
3.4800610830258893,-0.8565019571194227
0.29419718853586097,-0.7442433669555713
-1.3561024346040005,-0.8257690954681581
-2.3234407875802123,1.371098813911922
0.38696397183177134,0.017969915016470623
1.6558160149743864,0.56524712397473
0.7127516197430724,1.514247599980887
-0.003605761378280766,-2.358464142207465
-0.8839074776839593,1.278873764700375
-1.6382454490771345,0.05539691178333415
1.2521269894873233,0.43504837164044435
1.3706574320783784,-0.8284032217482512
-2.3185946800360995,-0.7551243984485184
2.384758467271026,0.4888458898129879
0.861106831341002,2.3845978003314694
2.0993919677186903,1.0033133128149014
-2.0131916227276725,1.2655229214185404
-2.0487362331231584,-0.19200127026141986
-0.22345396465094536,-0.6002042245856282
0.7541766403427913,-0.7808049515789934
2.6945412343904454,-0.488273724696688
1.0591183707226972,-2.0527824331705253
-0.36402191521805,-0.7249193428916019
-1.539553811498838,-0.5603531560598431
1.8450008590787252,-0.17535817439484103
-1.4470581386260721,0.13175010974729173
2.4427028321584823,0.3624508686256106
-0.426576974409764,-0.014925372442960091
2.3858731089267753,-0.581443086342757
1.0183969350889175,-1.9633586432655206
-0.2054932341636874,-0.5753086084017933
-0.7790945577391899,-0.9724506376870051
-0.5113618160191197,0.4660667482786038
0.6424750385628563,0.9092873966936939
0.1157347443265751,0.9385710670599392
-0.8907171121030577,0.7569527361278201
-0.24844711547644835,-0.13352573545248822
0.1178655445787247,-0.5219555654758967
-3.1931011416222184,-0.7471027536670662
0.687252172183048,-1.5074989166017505
-1.4695818370752103,0.9918537005078577
-1.7299986048086176,-0.17471103792997442
-2.5310165206660655,-1.2463402936208738
-2.6908387468018353,-0.8264913757102347
-2.0331712546684337,-0.8669734564325522
-1.0635314364457358,0.04302448501512677
2.9298887062898524,1.0674678510706859
-0.7888195138428058,-0.34798954959558315
0.266625159402047,-2.252533514783649
0.600722079759493,-0.1891803351589201
0.1965977793237731,-0.15619390009719572
-0.11616519108899047,-0.22492023093552171
-1.792940645398867,-0.6274611664757017
2.1763913224188176,0.21743908072584237
2.7107949654568277,0.06614111514900174
-2.5239880411840288,-0.024830314126647098
-1.5360428863295694,0.4126413614429657
-0.4197155135655091,-0.42983282314785354
-1.446806692365287,-0.48658566970065326
0.7589483301837978,1.3801232895853999
-1.0924083036099197,0.5593554097154361
3.2475841017099034,0.8269460609427997
1.785822891515394,1.2261045853340684
0.3188610459483223,0.5259441806248001
1.5404793949795983,0.9283886791361711
1.6588506365359634,-1.5793451620702603
-0.8459212320873648,0.20415387199602714
-1.224325866812947,-0.18271846181432752
0.11721459445447116,1.6776840908998094
1.292454186746916,0.9276455318033
0.20859059798012647,-0.6304451907931798
-2.3654947232864956,0.3727941585292059
-1.2042366659262633,0.1676813334492398
-0.11095929539156704,0.4543314331522287
-0.1134984064887454,-1.0188424693746518
2.958813265184712,0.3600164652382253
-2.078981913598497,-0.22815134928823433
0.758383862753812,0.28244976405560046
2.233669662492434,-0.7243851651221698
3.407174618134194,-0.5850631713965995
-0.6065961347759419,1.1738420203667026
0.7371441790802997,-1.051547558340161
0.8546405357979704,-0.9777544010420485
0.2932225973299362,-0.05158125721557804
-0.14826780185895908,-0.7718903751859546
0.6539630842500688,-0.8850286322627987
-3.798369127829528,0.10507597120829498
1.023104235093947,-1.5050658569037048
0.18926685549295078,-1.007962234913638
-0.33371234516739806,2.0540955829236434
3.070293293579337,0.4594750589690091
-1.0124010281858284,-0.7465633522699111
-0.6046139835975461,0.4182150782661971
2.987329953307101,0.5673304769866295
-1.2480919572747848,0.9944144200902384
-0.8251729244048083,-0.12715602945673044
-0.22053813514627496,0.9764977027728893
1.261101723194324,-2.038446524882173
0.3117037610299701,-1.0563081304757531
-1.938938020728394,0.16387140173645573
-0.7982528446907843,0.3296335328077915
-0.9110316498183171,-0.9117822876686418
-0.11583156783456836,0.2594199912631591
0.6387654879447436,-0.6238402486872604
0.6273086338319581,-0.27695909422716564
-2.6640176310726034,1.024773800665011
1.5959114813412842,0.9089374968885997
0.3788532689949352,-0.9970603273632624
2.0767980713908596,-1.0572514620201034
0.6662974909360078,-0.4111733955533163
1.6519844366036431,-0.026746301172925133
0.6998179671751904,-0.6578984885747409
2.0193386343041224,1.0406424427996679
0.7833759540266678,0.34738984170855525
-0.1468728696643561,0.40608510987442903
3.408652080670323,-1.2665388289449717
1.333555683419838,1.1672907173837799
0.8606166315066197,-2.820168822240691
-1.914456624807504,0.8340554518493689
-1.9324614261953066,0.9343117376707711
0.4390732232127801,-0.43240118727796156
0.2182817966523612,1.2729102172474238
-0.9211838475124743,-0.06309755295434644
0.21147404941809,0.06243170332744294
2.382940392065394,0.33952878740421627
1.043103711825448,3.186574911811055
-1.7115127646291075,1.3444339080830043
-0.16726324071441556,0.701131200712918
-1.2074497212788413,-0.912804486601195
-0.5815498746128418,0.14358982547949217
-0.6204234984444641,-0.8131240938463865
-0.7164683739060078,0.8221108472828129
-1.8827030579600923,0.14046697573485675
-0.19148202227728517,-1.1245216796138953
-0.8409114552709649,0.08112458341850291
-4.394173035003402,-0.8494174697163055
3.079458036752494,0.15121622133754703
1.633154481325008,-0.8590773163652565
-0.564451087387494,0.027487633360812797
0.028228574610897637,0.7504698619350948
-1.7574815209763428,-0.05305199192510611
2.5435843167162977,-0.3908882671723887
2.8459330421596674,0.20327622105746257
0.23504059236978692,0.697182620792853
1.535295966278017,-1.1071832698817605
0.2629301684008858,0.2606561547052026
-2.005088158313896,1.3175408190173998
-0.617735053445486,0.5736569632767152
0.1978919501579356,0.057754146667227856
-0.6818215781151663,0.6397375066988947
-0.32797991615255395,0.4524964561026824
-0.13709933626367168,0.753601109159814
-0.12131774679819196,-2.0239316109829444
0.07838773574622482,-1.5534561336632653
-1.5909075995949014,1.004829149483237
-1.0755242236919043,-1.5052791761614406
-1.926876398549954,0.40153863571920506
1.4667233245293005,-0.35204965603229166
-3.1584704127604866,-0.9961892455959969
1.7303855149753882,0.3496497571474736
2.079524095894265,0.20103350371657064
-0.4532708804739321,2.1103426520963775
-3.904705631740948,-0.6248112045358892
-0.5419658429509358,1.4401101200691737
-0.09627624193322892,0.3524229143843145
-1.5158973298933702,-0.6610218815427124
-0.7728275907123641,0.7992464575172452
2.295292798295027,0.5657385044539512
0.9973907434526115,0.035843294858049234
-1.3868461715671498,0.26629535644062347
-2.3963987543931484,-0.5969870310455316
-0.4905259764146567,-0.8257871252545068
-0.32018516902565736,0.7594421738225829
0.7442987810449745,-0.22393942431327402
-0.8029750688514885,-0.08008299824909249
0.7672493630427921,0.27982159594427714
2.9027310600903435,0.26528834478380814
1.2232515336663938,-1.4293264709740647
-0.07213276099615888,1.2862520864548588
-0.274725706579942,0.1211821519006783
-0.5350097012698068,-0.20265326282214938
1.770961368678217,0.4308460051697467
-0.9409701689269543,0.23654219361486306
0.06783406349997384,0.7670626894897021
0.07679685282162801,0.5379836721509411
-0.752676289217298,0.7178462289962667
-2.058698321826151,1.350993905727516
0.48446175542650227,0.883624548970972
-0.09150595778307533,-0.16048622032856263
0.7503607041548548,-1.1229011560768327
-0.8004004596587504,1.667797933004515
1.8312319482195716,-0.2377233733471127
-1.3151606718177673,-0.4731074133605223
2.5680604260268387,-1.7367268177644393
-2.6214547647423925,0.33847310531211144
0.6521550968353367,0.14888660395377015
0.7131460237899352,-1.5151149362494807
-1.1933356019113235,0.4532740421331758
0.6365909067915189,-0.49819192070143903
1.9192780046402382,2.6903150072886937
-3.3252282590310966,-0.5693611920908682
0.754117211236222,-0.4351933321977932
-3.7399062304951163,-0.8747762242543677
-1.448497205284812,1.277876521041972
2.443749547351418,-0.3727757944647531
-0.872673050088081,-0.7249141537654967
-1.7608199466134589,0.7069550099205425
-0.2969065934770228,-1.3803529354131852
3.101859507245328,0.6251105462489474
-2.747523370809039,1.7813997166008577
-1.5769648674590169,0.566607832835089
2.2461475247694396,0.6378983162599249
2.786553515306599,0.8700602169074838
-0.15514683643542587,1.7097080286755186
-1.8585790537899638,1.2098939600191043
3.1437652527137385,0.4396697222730237
2.3916635876237953,0.9038914006360014
1.0184204816433495,-0.8859349254651107
-1.21860352340613,0.7762935907473221
-0.0735440112570551,-1.0055559711837476
-0.24054012156724613,-0.36702241863162666
0.49627695692336665,-3.0825621751432375
2.176502157197004,0.40142965936746206
1.3191255617061048,-0.6438720111083527
-1.6160641154771374,1.1111452152044625
2.064744675029307,0.3901926106054028
0.469698210019733,1.1240958947016253
1.0305986937883744,-1.0835965446725377
2.1998112889179042,1.0383860371596327
-1.6673703742703267,2.105856344363327
-0.0537383680596944,0.7641582999318943
-0.7971818270388226,0.7903490086922889
-2.3517891380481837,0.169597676394935
0.5200649664073799,-0.5246687805653643
3.7673348273766356,0.7611923727015086
-2.760116616758629,-1.5060829104020683
-0.04842091657420548,-0.4177551249208164
0.9608144026121601,-1.7710568023371822
0.18461730248427172,-0.7036563773150829
-0.1696920787736106,0.6420450918935612
-1.9488245451687365,0.5053933762204632
0.34918011441024543,0.050913695535472696
-1.1351459655238896,0.1704009940620107
-3.2848825574678298,-1.8858646178642093
1.791888330770596,-0.3725622805709149
1.4375787297630636,-0.68135160643521
0.07749146527661971,-0.6590596905145408
0.34361203230855386,0.5995786278137534
1.611477019073342,-0.8605073265053105
0.33650948516712387,-0.6046808501274109
1.3560263321419717,-2.0870692457095164
-0.4462233013107752,-0.2941231803761696
1.9679756078609199,-1.0878375477136197
0.48117858889902587,0.07920292868964361
0.291077915408811,-0.9511080467424646
-1.905091633068048,0.1045422455492162
0.43043378145256306,-0.14468576074234318
-1.2479323762416767,1.6720417730423207
-0.9574240897927413,0.4972179804531937
-1.2230634424741815,-1.839637872562303
-1.5993523978488375,-1.2648888441027084
3.1871571045254425,0.05520800899233323
1.9970085929826047,-0.9298479483926507
2.880551253216392,-2.968368430235852
-1.834342529333346,1.3495463138337433
0.10688062486633873,0.7202240169054077
-1.9402614378061438,0.5209768734917716
-1.043542315795596,-0.6073230454709151
-1.3771904751248623,0.4276767710099296
1.8593760096623422,-0.7043603242208816
-0.5943445171526398,0.20485730021769077
1.6025690005410245,-0.9205832258364774
0.9061813343827769,1.5162884505560141
3.4554581281571837,-1.5702366540818447
-2.219166334709586,1.2322838295108312
1.8888498596801984,0.038915828017330296
1.7196613056010914,-0.4894669953419908
-1.4600682570405519,0.16700292169573833
1.5107000047097394,0.7333480071781809
0.5042174445393433,1.366746736694397
-0.34121438993011166,0.31314302313353215
-1.2359032304579993,-0.8906960852622773
-1.0786641771737788,0.05563012376578855
3.074718143678889,1.8167932366623727
0.001024228436223942,1.347678085512624
1.1731950022971889,0.9087634781243586
-1.1863490725013297,0.7956870201223867
-1.1697794193324582,0.6994500906065418
1.6229772138749134,1.15875483450987
-2.024364317327298,-0.45662878572190524
-0.6228206518579074,-1.3550860657750061
0.05104111660834807,0.06900350073706138
0.16705890276007862,-0.817581586777691
-0.2686399275242344,-1.0550207553771844
0.5937296716438847,-0.7202785765879318
1.0392836337267173,2.485313924533686
1.101956318188995,0.1361246340758442
-1.47870571300174,0.36190783636098817
-0.42623264689319573,-1.222362807004254
1.7921442928154065,-1.8437529587926298
1.3419707813608084,-0.8190526431188059
-2.0592891772215958,1.4381955852087482
0.5272198505283026,0.3342754660765211
-2.967337874062215,0.5985950914443922
0.07040235309055444,0.7385660392020614
2.8466505251189655,-0.5913493797982777
-1.4218390759034794,1.3879655839733676
-1.2514845682373732,-0.6328075992221822
1.1460446723592892,1.406232359262553
-2.3142022728144687,0.44230215613534063
-0.9491325448275586,-1.7890451542463222
0.894661706372629,-0.748009486600535
-0.9514287715341047,-1.7849385328721046
-0.35395498081645743,1.1632821327942087
1.1162785654725518,-0.02473542080240107
0.6323191253048419,-2.22834243994978
0.40022759444310285,0.37574688171965837
-0.5086834189050581,-0.53716426238832
0.555091672903433,-1.4838058550333233
-0.18559902014963492,1.6779658369686972
0.6867084148886771,0.1072858660965787
-0.7453980376769673,-0.29343140231331255
-0.2738534615693117,-0.399424780986017
-1.4849366888280209,-1.5132794691577722
-0.05251141500935386,-1.3045488995841095
-1.2165012954432672,1.2849167848750833
-1.67106967524299,-0.4738828697857191
0.38799172178308217,0.0220677009368635
0.31910966378649047,-2.0443304762010746
1.1743106024228587,-1.3180920357955057
-0.6466883543626486,0.6098125198747528
0.6120792702551335,0.3777117601138336
0.8261963584104948,1.7533751987243156
0.6671607117473921,1.3429563316312263
-1.2384805242032133,-0.23071097248482308
0.22404522340678334,0.472953564713271
0.546210444081992,-0.31660344290307396
0.010767700361912913,2.0548098186386485
-3.1297164875566272,1.1490146960523997
0.2407344359602201,0.16968509085775127
3.3187965590958632,0.2003947848763514
-0.5400589031354741,1.444850287259808
-1.0921156467829818,0.5795778471138472
0.5600228395670973,1.558628017070086
0.46856731569985755,-2.1936479262588735
1.7891027481246216,0.4612282614987982
-1.8868022338633317,-0.515434864681385
1.0970703788624885,1.7563779876279924
0.8856330918771952,1.5463986871898292
-0.21321980541081914,0.032835809101306665
0.508030976882535,1.5356309788110316
1.5441862223975358,1.783114519992506
1.3084730700426754,0.0744066719261473
-1.714528968110593,2.4719337724318575
1.2302372801332266,-0.03134115266972247
-0.09703290754877772,-0.2145209503359089
0.10931114702327309,0.8658725885843434
0.10979548650254174,-0.35379073114231385
-0.22536448319738997,0.08533977579489384
1.7875612456605974,1.4094344240509098
-0.125576939773818,0.01921885221727033
-1.679319192574753,-1.6950177929753076
-0.5902947839545932,0.36731938784919665
0.26804207521571344,-0.6962935790523948
1.8438221764455758,0.865271157294546
0.9046420274232503,0.6961897158262457
-1.275802918120566,1.471400348166522
3.7277848750183376,0.9075323007926969
0.39716296646696947,1.0902442836580648
1.9130861069985223,-0.6690967601377134
-0.2275716503658437,0.8039864958905025
0.8000388670581741,1.9684512893602903
1.259202756777607,-0.6886499086367672
1.827292067631384,1.799738291727098
1.5860524580673374,-0.5493500912013305
1.3082955001094667,-0.8519712450499742
-0.47263009679116297,0.2962004433548381
-0.8576190629340921,0.7159104161288095
0.49891126548629633,0.911750123972265
1.399692108511604,-0.9617624207732018
-0.3340810511649106,0.4345400972542903
1.5977579485715798,-0.6855545714835052
2.178925118229269,-1.4889222560705766
-1.3744813786101295,-0.9287363155327847
-1.2553810556944198,-0.7509003659558182
-0.21056258835800468,0.5215951603525072
0.4614190022837946,1.1522136630686686
-0.7868505206505765,-1.4732066298752666
2.028304018300717,0.35196107420805567
0.6361002922776768,-1.1766981857709065
0.05917057236110923,0.6290854090140003
-2.153864285802791,-0.6227305810037479
-1.9737237246412607,-1.0513290180232788
0.42151387542270946,0.7996645153475748
-3.198893439232254,-0.5869226054450949
1.5189561144661077,-0.3159639513526983
-0.23723076655848047,-2.2199890875563764
4.864639454392099,0.9465513614234737
3.461874375924166,0.8209085211691072
-0.2721736038712751,0.005457844281313952
-0.15950550379697245,-1.527580941355759
1.4933722710030446,1.209369178334763
2.5547589148770564,-0.6662633863607912
-2.4570435861540254,-0.4533534501005882
-2.67956319803203,2.312044056359531
-0.9330522083315721,-0.7036364441092297
0.8741063747607966,0.7422099624265004
0.7453103857613956,0.5620922620826175
1.6046571824757754,0.39017219288008514
-1.7995462925479622,0.2820005425545109
-3.4742157944533147,0.37638856188919934
1.287021292953218,0.27194059094054035
-1.2422944094478519,-0.05191835877606092
-3.027731796582957,1.5112831241107423
0.21759561893907242,-1.3126605607992783
1.189763532328016,1.0214581040153765
-0.1830856981819159,0.8223422986875516
-0.6867725792737338,0.6983991213294012
-0.23904334821885984,1.1169794276401286
-0.5558741436011743,-0.09259939526839296
-2.022070667910251,-1.8689740758268767
-1.0720210154856478,-0.07229265971448583
0.7819198575207218,-0.9911942176245544
0.48251781206475014,-0.7318592098580639
0.25208970895023036,-1.2424196738324118
-1.4927227227800692,-0.4773448584438344
-0.27225474320350074,-0.5966236939834492
-3.265597569664282,-2.3775698299271024
0.2677149958280846,0.7002219112822892
2.143286561720351,2.220321858004882
-2.2111981980631583,0.6062371934962887
-0.878891509976633,-0.20292395653422776
0.4936601680651943,-0.05474639567621555
1.8792639516412255,-0.42098586801317606
-0.6723369244502242,0.09004158386695832
-1.0383754938988445,-0.037008094073233626
-2.953384713624125,-0.8410484303982945
0.15515719396215957,1.6828883889478314
3.063114060215616,-1.487154235709771
0.41603769294701387,0.7183315431942462
-0.033418468775569976,-0.10119762731753187
0.4831234661504782,1.9008318150657448
-0.016638005922903088,0.3408645992482214
-1.2195215583901948,-0.35990553718324825
1.2349198735165579,-0.24770719843449732
0.3386422846676316,0.03990669451976115
0.026419877900485972,-1.1427906949964008
-1.4630490409173749,-0.7668695251179117
1.9552618979021386,-1.7849439691918576
0.9970541179996648,-0.9229768983740939
-0.829381256050953,0.09390648166044979
1.5027372805229058,0.300175049284521
-0.7463562575778108,-1.9793296949964019
-1.1730052387665555,-0.13721170304420047
-1.1395546762204307,0.5634099508221323
-2.6566028296321367,-0.16291219337623528
0.7073135706273086,-0.6337886457778004
-2.7467173175075255,-0.4121611450482139
-1.842665746898644,-0.540763354977222
-3.1133820136178,-0.6367305591080572
-0.1291045391863396,0.17382352524484837
-0.2254806904078081,2.307688227735451
-0.4900443197795461,-0.7436999169051833
-1.5638665420058644,-0.3181426326614269
-1.75835063015496,-0.05169793937523165
0.6965547953198612,-0.6873544343582936
-0.8258278975627316,1.0982358035234265
0.4745374823042171,-2.370885373306438
-1.3278730291863337,-0.5310591703786757
0.2715941141566235,0.818313736319962
1.9549170559740956,-0.29409430838863376
0.8792487005891749,-0.8208389588502913
-0.6186207273247206,0.44075675443876416
0.385798455533891,0.906343235397152
-0.3609977617953195,0.2106354452150584
0.011820277042092228,-0.8012203598128833
-0.4884165782227554,0.4562033191517433
-0.24650280882808678,-0.4020493002747899
0.31814002961126286,0.7451868818938278
-1.490038049372926,1.4832588848565909
-1.5238182404849674,-2.6055767556885328
-2.0828138307468165,0.11106747319563266
-2.400406656755565,-1.7357339369476272
-1.8259240383307191,2.4417885853297707
0.23919376020619376,-0.46812453379619046
-1.339181273237826,0.7463732418253723
0.7704216963466444,-0.035316859594895715
0.052070623128842794,-0.8030845807190595
-2.9527563201570803,-0.9220530471774268
0.9824633763325347,1.585679173100759
1.2161979683875648,0.9559380601783107
-1.49079401225228,1.9435840873775632
0.6302873143424874,0.05545333515769916
-1.2847473561137983,0.2879196212460003
0.1465055651225031,-0.2671915656552882
-1.8967476104324485,-0.2870822031150092
-2.689659678801865,-1.0418869324773683
-0.574225784419453,0.08401019092435126
-0.1855934194122542,-0.7892465948861971
-0.596519540421906,0.4419089221642027
-1.776045837333839,0.17001021898020968
-0.5998485931967056,0.2876820436757222
0.403942128871101,1.675129939690226
-0.06733954518380547,-0.037717949765591174
0.2737515458988201,0.7567270028534282
-1.0051728006813494,2.0515094640855813
1.7575768720742393,1.3066170692950476
-1.7642600048321708,1.1531696984548447
0.7313404456300779,-0.3066882155205
1.7728366394399422,0.22964305556779677
0.7213621391233431,-1.3182762920299418
-0.3037863405972451,0.49891440096441453
-0.7924455699944688,0.2744601776138416
1.5541314765693839,0.0233851251561811
-2.1344623878925093,1.02719478824286
-1.4551863905694655,-1.2077748224243965
-0.596336648237582,1.6348628511603471
1.8564806362679973,0.9017646879402839
0.569651454061344,-0.07063397965197407
-1.452068637765368,-0.1487295878173936
-0.46546155807735545,0.48061121524859435
-0.9214847161444416,1.5208512320637795
-1.0646834883503027,0.10160771869001077
1.4683343378351688,0.14403090197922622
-2.0576146938952586,0.018118477625871335
2.41317128360156,1.7820241127014727
1.2423445352769342,-0.36888310293702387
1.6362925059055469,-0.029507598619071266
-0.6944092680378875,1.4634356542609945
-0.22491107861866405,0.14701083361286355
-2.149727721787068,1.1370588600455223
-0.7869936106002045,-0.9112800569029585
0.7404822714647263,-0.2052925216285141
1.9440945926720943,1.4844340384402286
-1.6607352252036776,-0.6763397157635455
-0.5482589054778988,-0.1512990397697074
-0.2269488303487835,0.25668523089147866
-2.0936838032887275,-0.9891545179929867
0.8870238626376005,-0.4138101186218971
-1.0859854976139136,0.11263668182564038
-0.29308552676553595,0.04668173416196121
-0.6779240578678165,1.2803520208371357
-1.1840077585795115,1.5414571948322535
-0.010567478220832049,-0.8560848720009113
-0.3234143678520336,0.11126851916748945
-0.5577868234179983,0.6742483084247656
-1.092692432520514,1.5163474657991973
0.47928700617443315,0.7184902973171294
2.4804259027384274,0.2909134015923317
0.20983084925869105,0.6665425319826307
1.4941773223666934,0.6737688343362598
-2.085332887730194,-0.9277142922843684
0.2366421589406542,0.1927987925062688
-1.6460524784565997,1.4591609941886914
-2.215387391297852,-0.20735676869400466
-1.1090571111885543,0.12944664254744423
1.7878490016203594,-0.24251644952602194
1.4250237430044685,-2.313859495606875
0.3645070830815995,0.020590177234679142
-2.299050839834896,0.3017919306528727
-0.2944209770819052,-0.512493390880902
0.4525500133526033,-1.1546369488847281
0.26330434436789685,-0.8806064597816493
-2.7656903752211184,0.7641876161355642
-1.3354767720298077,1.972524773046905
-0.09611664622307495,1.3824333409054328
0.8044363642757849,-1.3443460048305518
-3.29419173164992,0.8546273105507028
-0.24318596321978764,-0.66316237580929
0.21457315481842854,-0.5822670625087771
1.2744179827743196,-0.461975597971284
1.039286376356155,0.7060669498554304
0.8738569782132077,0.9592533764490382
-1.1999107600529013,-0.09803107127978798
-2.862003205684961,-0.08107074100802476
-0.5895791355921014,0.46426374323579306
1.5024477378128402,0.5679945395242418
2.090181791286647,1.176225706758529
1.065823653446678,-1.2843719755091987
0.6440112342026015,0.02002733980403
0.5694594725789482,-1.0680243758911776
-0.8341781201411709,-0.050942279063403054
-0.19509044033043005,-0.22617528768076092
2.5036042887394965,-0.04674945390270229
-1.4138370086878145,-0.7997428881105317
2.422168186064777,-1.4872897932074287
-0.4830422317380876,-2.094437526714903
1.9881481636426177,-0.13118015426484045
-2.110222514246307,-0.4310011058329391
0.8788563017469737,-0.6759376648038271
-1.105155203921433,1.3225484628316608
-2.122900787886281,-0.8594381867953109
0.32780106361641853,1.4168340821388028
1.5142076828939532,1.623843744269257
-1.2674121578902446,-1.950900466789381
-2.248523940687602,0.09238145899896975
-0.13776714650243269,-0.3996964908359908
-0.13115299316577161,-2.9118039447172657
0.822479441331748,-1.4446412530684143
1.4243918570467322,0.7749361071084743
-0.08912277190874114,2.0191992527112643
2.7832549721913944,0.9026781426992484
0.33635211680293764,0.3236324725129776
-0.5196397590103494,-0.021332381631087506
-2.4173510386542416,1.6826629146481138
-0.39398928047425164,2.1482392019576406
-0.5045804181167044,-0.5868426795241861
1.4404571944222055,-1.999986560310291
0.6937254361002811,-2.0981874632712016
-1.7690536824489258,1.321880992159802
0.2583815796165562,-0.047058540774386516
1.00729675759358,0.18324191045871852
2.292047039081749,-1.7906509929567132
1.331255951121089,-0.7531889127884663
1.1412699814672167,-0.2954808139007823
0.09012899192274541,0.20783838336407062
0.5824680081351744,-0.398592038913759
1.8742573510592382,-1.0373261983013427
-1.9991660962194746,-0.7845669926025229
-0.5241589908254338,1.2083232859472328
-1.158853123134361,0.24478461960349976
0.5687296780891862,0.6121568069555516
1.8453332634761814,-0.8988738108773296
-0.8954614300816108,-2.9538234854006244
-3.5854565512041567,-0.5231043068844964
-0.6183311175367052,-0.8665705544254966
1.37021059802611,0.3490122686280793
0.8064448544248195,3.285723713681842
0.6422793717158641,0.6951660176182558
-0.4199899528117196,2.7359601593834886
-1.9185461043296796,0.5687696953394487
0.7729414824367011,-0.6298862375727151
-1.251422715051937,0.3479160781208834
3.2761451000706843,1.780638599477708
0.8557608125317739,1.8295625963212392
-0.8709724538309266,-0.5753373680430791
-0.9170778710829424,0.25318369569929894
-0.13941630992038243,-1.4292668796711452
-0.35925288303262465,0.8246686246914298
1.6752506632949313,1.5533546990558944
0.2796242546160695,0.03979945411601616
-1.097447608362792,-0.6673840543601282
2.835661027733674,0.36013095127756267
0.07396249728033395,0.417459031363166
1.1532595139533452,0.0811438318496202
-0.9123397611671389,0.17871512433595294
0.5446734416167851,-0.17381485046937092
0.46666498671479284,0.995954928226406
-2.8344739381442294,0.736227445165127
3.02291266569096,-0.9831031471441493
1.9359666913838207,-1.0105906031585947
-0.5957929742189815,-0.254374417026562
-1.6534046106837832,0.7368371241051792
0.5213424207053281,0.14805741389081464
0.13004654912159488,-0.6431504101226553
0.5335034228448441,0.26151859672583017
0.2873660942911344,-0.330810519522272
0.7593614839588891,0.8804864602241314
2.1709585490877097,0.3330584350670474
0.8521548076929691,-0.3152781874521438
-1.5744832483649116,0.23151877204646154
2.043844279068678,1.3150480595242016
2.460921845232431,-0.5696300765463775
4.728085101768127,0.40265698164716096
-1.685241049859397,-0.07046034046599581
0.3643230197254125,0.42698368386209967
-3.123148054783481,-0.6545649415957304
0.8297237345688138,0.11033543315937581
-0.8223004472501589,1.1078232824168008
2.8851686922374298,-0.9370069812461074
-1.1619224550278728,-1.3294051033250818
-2.5337745569508927,-1.2914555644869643
-0.7068956110537794,-1.170662530200189
-2.963231656825706,0.5953232878926642
1.1266491817609652,-1.4058596858654655
-3.0976245693844806,-0.29789534474353074
0.042686371774738316,0.618289303310708
-3.116717729784295,0.41665906054859364
-0.4804467068049629,-0.3855589799624851
2.465067233706801,0.19092373175510596
0.5409718371536925,0.10714532973756831
-1.2952404074474009,-0.2242409555481863
-0.04680523340862596,-0.21083471865458023
0.027025308066669876,2.2354274347569607
0.7089455187651085,0.8093109039313008
-2.0502875449212397,2.480650917512143
0.888850910770996,-0.4969631329205013
-4.056587447404163,-0.08496659688814741
-0.9448268285457155,-1.3321257652766474
-0.732410763677317,-0.8095668020895723
0.9499902391068578,1.901913148662501
0.03394627901530371,-0.5220342898417564
-2.10834458078443,1.9192813001444593
-1.4774896887255227,-1.2433622606798904
0.29802001432111036,-1.0534690340732769
-0.11860101279683444,-0.3412312210234211
-0.8686861644536197,-0.06374992167917787
-0.721250684267969,0.9230872924501295
1.0442519957389336,0.4507704171862659
-0.776538859303822,-0.41631525734402774
-0.1321368660436099,-0.13331580651810626
3.2549048821208144,-0.3190629197847001
-2.1355239553258847,-0.9146537353257298
-2.777764097361988,-0.8879629366016216
1.1753844971979102,1.0278838914334096
-1.0179645919411549,-1.82816492792714
-0.4773562916139304,1.6173586974450547
-1.1717345671966712,-0.342994225602232
-0.38970021115126874,-0.7725086063921601
2.397807168144512,0.7397592906972692
1.203192687927179,1.4852165841471172
1.2933352678304657,1.1176324416039574
-2.1243405836889684,0.5018520493598908
-1.7267306048293039,1.0868634897218359
-4.25861798922814,-1.716497577143866
-1.214071231624131,-0.5218305414881482
1.4350547795784876,-0.9111700600248446
0.7754197736225563,1.2246387312151752
-0.33226989442818583,-0.3834780189238867
-0.03345042557707958,0.8454065567820555
-1.0333283138631084,0.5358569424886379
0.30713832360267623,-0.862306936163681
1.1488174192209222,-0.5869582099762845
-2.4238301811157092,1.2938176908147259
0.44947153175602217,-0.7754826486844134
1.398652306432001,0.12486761019547897
-0.6226504334450544,-0.782541286326445
1.0510509181808754,-0.3139521869158607
4.22198166670883,-0.0461619439699719
-0.15651418948033788,-0.7828665102974913
0.5899605750079855,-0.9604469539838816
-1.1070856254920873,0.2862733367774424
0.2718767439030756,-0.8447374087911762
0.6904074374734558,-0.8106575556986726
0.2922635104052071,-0.9390531437019707
-1.529542979563285,-0.07790804633131841
0.30954265698817607,0.9437016343998412
2.1932939080764555,1.5065286363122667
0.6729536467717909,-0.7259180859937786
1.4429807836077615,2.150310793331211
-0.35551795501894157,-1.0047048607067959
1.1248503591355659,1.0835485233278697
0.41890175732478896,-0.7216964540154426
-1.426366094530848,-0.8709232698700103
0.4777815071983117,-0.7447561567843887
-1.4875449951604658,-0.052447699649119134
-0.9493204123271879,0.5799721710336103
0.2839924609385612,0.669868037904822
0.44586641007018607,-0.9439850153478883
-1.7838486976156935,-0.9896592875112686
1.5809786567743143,-0.9166386933635471
0.8580094174507094,-0.11135440238551125
-1.0570926534163259,-0.21015560419087462
-2.306377194673763,-0.950175462069795
-0.21735686862214698,0.26960369406324414
-0.6689155707917402,2.262568808335318
0.16971068557953423,-0.5047154618351514
-0.5446749917333498,-0.43351182120353343
-3.0111852911175148,0.5596615703243687
-0.5825204074517376,-0.5588162917367949
-0.45842866660246945,0.6689644817181823
0.950491537161088,-0.7185427067790403
-1.0472995119165747,1.8321196075773012
2.5180120100588494,0.3447749725922945
-2.8674608259776355,-0.6200229490767115
1.9667512467039368,-0.588691699469274
-0.33647845631715717,-0.5137997527080349
1.2893773085153342,1.3727496662488734
0.11970222608809963,-1.2687510076012833
1.709333304038204,-0.6679416704595047
-0.5810429468292169,-0.561660556925426
-1.6479306377667182,-0.01568796675693795
2.1307564309065947,-0.27110969264679446
-0.17022096882321178,-1.4912278313904628
0.3323377104363159,-0.3998226835954676
1.8521278710671927,-0.09955068318496844
-1.5479328631416522,-0.6280978350797833
0.8932363464588859,0.6867754890476648
-0.8848421346943364,0.9194084287536471
-0.1982540334665578,-0.0783866997293929
0.10841844807643333,0.2305415868507293
-2.250332792170404,-2.161055997349271
-1.1682555642306522,-0.4211027721618318
2.026609338619709,1.0048216917579127
1.3292867828771935,-0.42343658317927757
-0.0939593659908523,-0.7372616763919609
0.3646851877693396,2.277688926030931
-0.44136375845468645,1.8190771901958052
2.0348750787419734,0.4675749124821571
-0.3005288666912458,1.1389106114800476
0.34776313820227206,-2.2259354179580777
1.7190452162130976,-0.7875514406287065
-1.1660572272688599,-0.46995787317315146
2.338183776745341,-0.2359800988669462
-2.2956921146150653,-0.4899440209739625
2.444463196669198,-2.5500262915163465
-0.5590133759279619,0.3860246187085598
-0.3640481217379226,0.5436541282806068
-2.8350152567744145,1.6018987915899814
-0.6821920760665393,-0.7883092647749634
-1.5597097965403264,-0.8701631577799022
-0.9114695180602089,-2.679984485964469
-0.20596644868331943,-0.29356683659088617
1.4366874217093584,0.9011117810621716
0.31140502710093865,-0.6117678621927194
0.46151498010167075,2.143444818543648
-1.6432790832683435,-0.2565948357895235
-1.3211311344040952,0.1469922842885556
2.698087527526968,-1.3631030805815938
-1.10280155214487,0.28722034517527945
2.4843123780859435,-1.9793197948526953
-0.36459179832129973,0.6936979550131449
0.0034319042152560738,0.7244281762354122
1.6055477403448948,1.3592914243365102
1.9078386329079846,-1.0199687187676887
-0.16621884041863125,0.16056211829741926
-0.5823645802823083,0.5638165593865041
-0.08388067278331968,0.44228163833030987
0.5069362923481774,-0.8652992751348513
1.3369555303046332,-2.39198188955614
0.006344788491227365,0.34696029688448116
0.9283294470347305,-0.15249967830991942
2.4575395984064112,-0.5666705929614403
0.571964418397177,0.7639453637154662
0.4674792840071675,-0.044919538154433135
-2.278366237635102,-1.3191950527677994
-3.946095205243595,-1.9314522890962216
0.5825635938452525,-1.1289632651331654
-0.14223634692130835,2.3930122947667867
-0.7721740123721129,0.722776773932773
0.36529530627951695,0.18861234197501178
-0.09060559379536244,-0.18166092718580473
1.6916703759508478,-0.24739293994743575
0.12916630238846685,1.1671959833590948
-1.1203849276052513,-0.4905957419034316
1.4852493584389335,0.5769204106842927
-0.3256966124193037,-0.34842795029159407
0.7898050255084607,1.9401566318350625
-0.7161160592892006,0.7422885075783037
-0.9747403282461546,1.2455568146836256
0.12625234527854423,-0.5844097746882387
0.01924296531552768,1.0581361125674218
0.7197405530502495,-0.31257742539469074
-0.4029686299646138,0.11003482393284925
-2.7545396756555958,1.6350476706194583
-0.6491608253825829,-1.0427750567564191
1.1907277007157235,0.20324773130540036
-0.4460641188646597,0.43800525851872685
-0.369575103771822,0.5200043808008099
1.4795647588589056,-0.4507844930934654
-1.0679598408883841,2.0862641008080813
-2.3142048273643496,-1.2949318853402603
-0.24094667928824154,1.4588853886324693
-0.7262609268731055,1.2150656055916387
-1.449369479629881,1.9008887896036848
-0.2630676838480361,-1.5882270987078202
0.7372584708701755,-0.8688314878897103
-0.01393284235172362,1.4919430591616407
0.46047160902935663,-1.877039154630309
2.7201115477731346,-1.6064589010404138
-0.5143182923363461,-0.4883077867114918
0.4175229519670044,0.19199378862226754
-0.7638200438987017,1.5922250736487749
-1.2695395798304594,-0.18526591493035816
-0.8773614801266547,-0.6082391480645393
-0.7181378572825328,0.31138993769642714
0.5392136963206884,0.46959648329440085
3.5236136800511364,0.4412398221702712
-1.0740651544137605,-0.17798620795134507
-0.6249379584231938,-1.9550861139181497
-0.09468451966687239,-0.9176159891063321
0.5936982730646206,1.4202710852674623
0.3953262179321775,0.18706893797659985
1.9261436909221759,-0.32252211910705675
-3.6395881058028126,1.1181685483739747
-3.5803948052935093,-1.1301166323689484
-0.7438172580152239,-0.2253481337130077
1.645950281315563,0.13775840517403723
-2.3484720474083947,-0.44137750329462916
-4.511448509540636,0.10076282290159877
0.856769109328813,-0.18769393142176521
0.36548583555407166,-1.399343047785875
-1.6353126101991446,0.18147788187905595
-1.4783094010813949,-1.3283517915128675
-1.4546155794520117,0.16561512509672222
0.1658029762109102,1.3741358241501094
-0.9394729142745104,-0.2810231972760544
0.7410958784632795,-1.1714831299709862
-4.281939994356587,-0.12698781320498045
-1.285277797691699,-0.8319711080785314
-1.6890809413665755,0.5945090026314696
-0.3845110175587383,-0.14798874752285357
-0.8070716377352078,1.7097632516645733
1.19676566984365,1.1629895956773382
-2.7890051574900863,-0.15308050448140273
0.06823721449612799,0.7156090679730908
0.8375046348175583,-0.3932364091628454
2.784971154842932,0.03395688516516826
-0.7226489566402128,-0.36143419635031226
0.4866879065287756,0.7664559598497087
-2.7057941888435475,1.432988276709578
-3.5879343064695357,0.7986482071911434
1.2671615636725497,0.9219366012853558
-0.008340440472105849,0.9230334372357293
1.7677690346976342,0.5512559223347099
-2.060104333454624,-1.1392861592102679
0.7798532092931287,1.7009715194164998
2.8032267608157797,1.804410826698425
0.6295584125358988,-0.2338796033133684
0.41487225838657316,-0.3706979152161819
0.012834121236524748,0.612411652915375
-2.3563221856888683,0.5508128351835049
2.0333594035655222,-0.2019460687530188
-0.9162864597075987,-1.2500256555876041
0.7567248845745254,0.3057011907497771
-2.34455145985688,0.5514365381755453
-1.7691894967616706,0.7258211480387973
2.1526310988333535,0.3492927723542075
-0.5209534334367644,-0.27111514836190936
2.179913214063817,0.9940020395062782
-0.11734598858777671,0.06584849756591833
-2.762846659436786,-0.4649230143647206
1.3381013995975808,-0.180653382045721
-0.8848384766334116,-1.745969032474982
1.0480332202755651,-0.18224182417853885
0.037816301310123174,0.6884365198746686
-2.3146773419143054,0.3397830221392301
0.24644214805585357,1.520664172981186
3.2943347132291985,-0.2629749140157042
0.7394796877716888,0.48731316305331607
-0.08627662950819469,0.792740176305772
1.6130151029353466,2.342857008287408
0.3160026978046662,0.1447654911176404
0.3143013453941915,-1.0441871788640233
-1.637437758238654,0.8479287533552818
0.35077203868439755,1.8657273559684568
1.5531651246254172,-0.3225487102266215
-1.254093228150037,0.8410815386064158
2.136743731870421,1.2287280552289201
-0.13755903621768897,1.0170655439701535
-1.331654267307811,0.12555852247357793
1.4964481153803666,-0.6984737582131462
-0.4301913536074039,-0.08127954801358575
1.1392723312291617,0.4586004538776307
-0.43763794838780573,0.908222524091729
-0.08973921529485554,0.3339450479990393
0.7403403065014373,-0.379907966540577
0.43634558638500887,0.5553796561497687
-2.9932976706776078,0.8600850677428203
-1.6818656101415876,0.3796100564144805
1.3941149771862231,-0.836187114538325
-0.1982048833523209,-0.18140603471718997
-0.7855969541571326,0.9478207764124668
-2.0378610228862115,-1.3830178087444738
-1.6196044819137727,-2.093178022391159
-3.0326979599429214,1.5080828501440207
-0.15192107805229932,0.5114152550218797
-0.8976563708715704,0.6067300025201064
-1.4498818364779726,-1.076816973627056
-0.10218513775192964,0.737528063466538
0.5459559462791072,0.27524868756836424
3.139796898314917,-1.5843275778483972
-2.2678251293448204,1.4242834142738574
1.739071564950783,0.1586833236187289
1.459652341522608,-0.39608396607926877
-1.1686391090650508,-0.3779897459852177
0.3048539318790465,-2.0152219054323766
-0.6864498740064229,0.5933365996313634
0.2785328706281084,0.2618572072457253
2.263696520106826,-0.19408013233309493
0.9084093489469695,1.2784852074516722
0.7629125598501629,-1.3838590189958457
-0.6454639799319636,-0.5967724763676152
-2.226084997386503,-0.8500082547603859
-0.31270231581061186,-0.27879497977155304
1.8099122322958727,0.067470025257223
-2.2907517848844714,0.4300135238113549
-1.5826340522650426,-0.3469734531051173
0.18940160435110226,-0.8773557351548937
-1.4769821772708935,1.6860069497704442
-1.188785170672819,2.411640191788569
-0.6353978725922657,0.14328667188202532
-2.0484261062852243,-0.7567803670208672
-1.4611827693245525,1.4754541310422942
1.0551418751809631,-1.4467571063284652
-1.961054673346446,-0.33477332470482757
-2.3968082017422567,-0.6961170513463018
-0.9450374693008415,-1.1595355504504887
1.0979332537647686,-0.28002423292176953
-0.29538271199533433,-0.8641720791739649
-0.6968716171734275,0.012654464148654489
0.06653819627341057,0.027177167672463982
-2.6185611492894783,-0.6213317235219793
0.7420584806625486,-0.37051335659386964
0.5751525471054663,-0.2308489679037105
-0.6139627111435819,0.809846061119427
1.508886767694625,-0.14842940106418565
-1.6912441484295582,0.8247017407860974
1.6918634898803537,0.5858129835546556
0.2317404983928767,0.571530696900742
-0.5048288848172601,1.3878459703459733
-0.029810453052467354,-1.1193908797459098
-0.1608971487164126,-0.47318310630711363
1.8304243446265756,1.7632988002995693
-1.61501869120652,-0.25731650058926747
-1.1437788587198974,-2.8151236899058496
1.5544543381087195,-0.20296834314788534
-0.8933024027757889,0.13493953016324978
1.3507996159973874,-2.617113117431211
2.5491539745130645,1.3339356398879483
-0.6026925404124505,-0.713712463865602
1.022043489862958,0.3285631151875155
-1.7305384220097877,-0.22598154534406228
1.1320999471017137,-1.2883514192040415
0.29913597898015065,-1.07050813463542
0.7095574232403228,-0.935082836427547
-0.9683581080530925,1.085671909183638
-2.491625123350759,-0.14753818810015182
0.7548780971242572,-0.5218655165517466
-3.095104728719182,-0.9346089125902313
-0.47602573836380224,1.1961502215261264
1.4117727996299545,1.4642012725235871
0.2878466038095541,1.1847438987066807
2.92251396718472,0.49243733915416665
1.5376637288726602,0.2898300418707116
-0.9808475824883647,-1.2159378179759015
0.040970069777158,-0.24581912671105752
-0.07105605381665392,-0.6838602033464366
-2.373265145019191,-1.8255121089847097
-1.4105983747265298,1.0570434191653657
-0.8411413604697904,-0.6958299463922752
-3.054330754283905,1.195941907435307
0.07124020237746442,0.8817464007600121
-0.3736077669795611,0.5567179766334188
-2.5093408519673615,0.6128840717631837
0.6063192979159981,-0.6153138820737076
1.0738091170364392,1.8578501512906649
0.34055171829733333,0.04312543095304917
-0.48610226281345525,0.3019316851187039
0.8871632276277823,-0.6490763335666391
1.0203305407150367,-0.9311652607769599
0.4611053545795326,0.47729600880942324
-1.2369183756521414,0.21751349593878547
0.41490114826677105,-0.7893523659025773
1.7932209762382185,-1.438426718775404
-0.8949435879175953,-1.269923087327547
3.146909008698647,1.196133717091107
-0.7884464009780766,-0.6132538146500716
0.04861052001020433,-0.33890854567583373
-1.0087283940095042,1.4503402587590621
0.3349062538803913,-1.1221505614864147
-2.6133325389529127,-0.7269948257170568
-0.8190626982250818,-0.7687668285606931
-1.6381818005228508,1.6180684811660395
0.20300752183843634,1.9933835005824139
1.491671063263361,0.7515632254021709
0.9690092806718272,0.7833847241542399
-3.5574890412883384,-0.5803550028527311
3.0631044793918205,1.9473284869042828
0.44291991093130256,0.2676962543586619
-1.1647487107395005,0.8531102644497399
0.23569187848641127,-0.10552493877095412
0.2642847337540386,-0.2680325873276106
-1.0002730754273454,1.6630422595961174
0.29687500101311326,0.539723679738307
-0.9112084314304609,1.4513754610703817
-0.6065429890350341,0.2553281717450444
-1.0294187036326268,-0.8483665364230907
-2.149006934609479,-0.5833429328784879
0.21875470532307584,0.10296524246461053
0.8779491547745071,-0.6265002160433267
0.7723253941145584,-1.1074614086276906
1.2298878789528516,1.2014170317870247
0.48651031502230224,-0.5448700708235121
-0.7990882473253553,0.1381927477913204
1.2594957966467832,0.29613358988560473
-2.0362763097629024,-0.5881531253205687
-1.35100707376872,1.4507994663087393
-1.4463001071348671,-1.1171417612046128
1.6200840887089654,0.2616252635807709
1.4141827712101134,0.24611770637658364
0.7309578555674923,-0.054254602864147856
1.6078947978176958,-1.2969126132719826
-1.3189241736179822,0.8708175518634642
0.5228926797914706,0.7435106703345966
-0.18776164257474634,-0.6755685285912163
1.2703231558273709,0.7074872072053618
-0.17283634882829638,0.37490768630077576
-0.5774143326151218,-1.2806121453611083
0.8113627778414849,-0.8539289145713574
1.3142537507868493,1.1382814448895793
-1.0025177922702024,0.3094161851420503
-0.09161350702856415,-0.5643029458106261
-1.587660950462479,-0.858475891172642
-3.747091526239409,-0.5153937981154209
0.3006894471205935,-0.44447952987770456
0.9133580343819478,-0.8459630326292517
0.3931002136300883,-1.7417641123833023
-2.9243425766315507,1.1400132864007855
-0.5262741451147118,0.9706336726114432
-3.327521640076622,-1.2732554518068595
2.054551661481277,0.13631129556366767
-1.629081873177129,-0.9022382027147666
1.8831054141898447,-0.2615672232265353
1.4188044655262184,-0.3447665798736565
-1.3508855288040924,-0.4278342157178725
-1.6991774269016175,2.002947084076286
0.5255553245795074,-0.44032568467619043
-1.2664860557746065,-0.8082638250669247
0.1537269632373113,-0.7625814294970479
-0.7242413862103775,1.0437769564017552
-2.6717376216984503,-1.6521023316929349
-3.3457020286866888,-0.7626229164355202
0.34002637274189573,1.446822840111534
-0.8423366194959381,0.2439861879976468
-0.8296347253711984,0.19192200503611323
1.043795758640678,2.1321464601437015
1.7601634149486673,0.2463479529484988
-0.4088170820427138,-0.7081861613595825
-0.5108980603647922,-0.28207705687634865
0.7502145496708257,-1.1354323090305687
-2.035403354549363,1.2559370400156968
0.3347295821215455,0.5745617175367154
0.8278289577332311,1.124414149970889
1.0203453126264437,1.2129839285493706
-2.905129053753697,-0.4142107809275326
-1.142032904713411,-0.9447528520088898
-1.3173948792352,-0.05171311130804584
0.14983043161381948,-0.8727610707885383
0.721116869651976,0.16495687540902468
2.245065611168972,1.1320968808346892
-0.7424482205521097,-0.1681396460491672
-0.7463587474638208,0.14999508990773913
1.7245080283181204,-0.09384561622336653
0.44486540779545763,0.8027275724376978
1.9014772667819608,-0.66778239428829
0.4330920045147545,-2.196446261643099
-1.7356749280699062,0.4708688593753808
-1.9996925321667098,0.9878344213079936
-2.3272683735883937,0.4463742447585357
0.9930777521377098,-0.6402304954680139
1.7828952346305122,-1.135012098186069
2.7740432120795715,0.4944975317803214
1.2646579984848603,0.14147895293467364
1.7442578663024788,-0.12579262765832977
-0.870024498980527,1.8224633429937909
-1.7346237251157852,-0.9468000941813317
1.27511899862633,1.7750370211274655
0.626521128359101,0.03178390487063994
0.16116656151133882,-1.8355704768708747
0.5810572209494849,-0.17920265431914087
0.48477822368730883,0.959496076599441
1.9257252897803419,-0.3650550328049707
1.9424783772254337,-1.474778541238395
0.8163305285105206,-0.16451453179616995
1.2687043088443923,-0.8571723738917058
0.7710938286371638,0.4918144010879626
-0.6917545980519284,0.7733998160676113
1.13484701236971,-1.0562704077481062
-2.0917426032888926,-0.7058040551156496
1.5808373284438249,0.7566424651069377
-1.7917844096490527,-0.8588442782989592
0.42870493019209943,-1.082158135827995
-1.2677309376392385,-1.1786911317962547
0.8300834746116401,0.3520386129581204
-0.05088783889186332,0.3091577195174642
-2.3921339372449983,-0.6840460303790417
0.6310494465277183,0.005085396128234085
-0.8668811652490659,1.5271323841551305
1.3217200812200536,-0.9740601569182217
0.001988533101610844,-1.9517426090104495
0.5931314780820572,0.45507557572037044
-1.4363534325228178,-0.11040116390158848
-0.8839983471410429,-0.7100250868151013
-0.6879579541516267,0.6520802373549079
1.2850537203638335,0.83922514466879
2.516065631708234,-2.2082780198800926
-1.2077576276143143,-0.6525979093314883
1.6152722169865203,2.317516231196855
-3.254516126588553,0.5834049157981909
-1.791284101638434,0.6761036382971497
-1.4381676842801623,1.1728942786314784
-2.0287630341610834,0.017068825199726117
-2.37538258468137,0.79668416009162
0.6194983682066963,0.7180620438372025
-0.3211015465917921,0.5390414967527589
0.5691080964076646,-0.3220119706174046
1.0357090291822695,0.17205892236625886
0.3984254897588002,-0.5883615643067782
0.9866447642255606,0.012814304566494933
-0.10429842936340408,-1.168490892099267
-1.780490082458617,-0.7906239912729525
1.5867212712311942,-0.28231204192492954
-0.8836681991716904,-0.9437054314300761
-1.403394448143639,-0.5050172707451764
-0.2668768137065972,-0.16392597675551596
-1.3692163789447696,0.4022623446643774
-0.6261455729841483,0.9492573018529092
0.5160808823451997,-0.46378437137810796
0.5225126088691903,1.3351046172686238
-1.346745099638444,0.9386110786254933
-0.7315580594231169,0.5040938319439419
1.6114995071553655,0.15364912929661892
0.7446001766009116,0.31912084186854134
3.1125975590228125,1.187051150666382
1.7701922606122915,1.2235796597592736
1.7164396028399085,1.3349467283836431
-2.081802825683703,0.04132683187700316
1.1457905274501339,0.554967164998613
-0.07966020254536597,1.3435465066220513
-0.8264727053073744,-0.6237160349163927
0.25202301079879275,-0.31841685371830375
1.4178173019172253,0.016036663013478343
0.7512473865063174,0.8995987379794065
-1.31771070201309,0.9151721507186228
1.1136883703889304,-0.2308641111979353
-0.9563813131139458,-1.50860945437971
0.32502467844642935,0.24618394429596727
-0.45502510121570133,-0.9183161373284012
-0.3282993776034386,-1.4899362046402225
1.1493644625607642,-1.2638715607337165
-1.5602905797238469,0.32638100784556046
2.9177926114153996,1.361037360932807
-2.7316291039417444,0.03889451623624384
-0.8965015248822856,0.2113806546459647
0.5553178349126114,1.1828949388779253
0.8764712496529647,-1.5444549090835542
-0.1507135808575577,0.5201764216002716
-0.0860860545023136,-0.011589784318821215
0.6158251279914249,0.5660574588320672
-0.3466042161865205,-0.48348390840381605
2.089771886902359,-0.8179372904264822
1.2590236713474032,0.14050890428560542
1.3092365265084518,1.6491913233344617
-1.4492350850556255,0.8609101045414628
-0.11908263660855431,-0.5076927701800915
-0.4506989230810555,-1.3409720359812798
-1.5084020635341986,-1.6820672836977855
0.5402462759186504,1.3160994518504814
-0.8064686366697247,-0.9550822881358275
0.9831057447753555,-0.32551341299493647
-1.6052873443414977,1.3212111260775763
2.5785609192627312,-1.6139014554789917
-1.3444989878880926,1.4922645094750588
0.3289535058006541,-0.2536404538925019
1.1877889655821012,-1.1485833152387388
-0.8559606453001691,-0.24735092714891319
1.278702965149426,-0.7225967814014777
-1.8437753967006243,0.4408197989057157
2.1781765487738407,-0.6481324338877777
0.021223897448637438,-1.911642210919043
-0.8946171119533194,-0.22056253440898946
-0.44877265864115173,-1.356545052286539
1.2133789040890792,0.20431988398831977
-0.8766829377756573,-1.1871303322833242
-1.1240365341341665,-0.4880128031720859
-0.33230489637560723,0.1825878042143362
-1.7654431691549521,-0.2124587250342695
2.730815861912723,0.25043028300104486
-0.8495918868220849,0.6802871657177568
1.2474251792706053,-1.157933699731306
0.3142051254716589,-0.06439754062470791
-1.4768010757229522,-3.329503797508129
-0.008932063819094074,0.24733330168252382
1.176004168966122,-0.3008141303748423
-0.28239200262945985,-0.9834497634779713
1.7896694187765418,0.31571942229652405
1.5322730891727958,1.1726975771850674
1.378372281987494,-0.4760177475989431
-0.6894851584094954,-0.9448144902417202
-1.6197636716722306,0.16502526243871166
-0.9203814080441917,-1.3356066666463606
0.2943614110000807,-0.6603813705355391
0.8186800702985333,1.2224021616505023
-3.2573571071406713,0.06217922981228763
-0.012169802417625435,-1.8794669639461663
0.23713383798477664,-1.796991647279401
-0.41631638447332736,0.16208569264677555
1.9369107585238183,0.8623905759176876
0.6326701113763064,-1.6176214586261501
1.9652878621213454,0.4497126074965085
-0.32394078052534836,1.3303435074897187
1.4062162387603874,1.8878589879586387
2.4525995917912793,0.3312227598598763
1.9675401739089917,0.5068025945524742
-1.6382123901430996,-2.133184427628144
-0.38051411631357146,2.099752547995989
-0.5177470581746947,-0.5754902130961214
0.7338818026144914,-0.9334711584250414
1.0295303325217997,-0.2552061344396246
-1.2583390110386046,1.511673414185431
0.10175777087540652,2.208046047543548
-3.0298909982342046,0.12540867947584441
2.1629175087028347,0.9980841726036552
-0.7685613610150404,0.0432040486855039
0.08379590976674545,-1.037795473018184
-0.4644745709820919,1.4767436707882908
1.7190413625201226,-0.622127480356389
-4.256259662096069,1.5355307733718824
-0.02491551348886348,1.2985413297690838
-0.15872813624654683,0.6140362639572081
-0.6804545813875242,1.828974756254353
2.589339818453449,2.2323460331857383
-1.3309941882836567,-0.1752433629643115
1.1576942658534919,-0.8087941184164312
0.5343791830591254,-1.8642698372564723
1.8922788788032738,2.244682255430256
-1.000783627166258,-0.43968200891844966
-1.0994533486856384,1.1350368571017395
1.6441048612160978,-0.7412553675094832
0.6379819624951656,1.538265640912035
-2.317406020015138,-0.7001175918154133
-0.8089575216949056,-1.1917191336173432
0.5795739807720914,-0.20850643095375032
1.2566463323198838,-0.5317757009616373
-1.0188459797894325,0.5962997854612124
-4.371383984725412,-0.05139492719252362
0.7848347786055498,0.6277023945519214
-1.8304810349159637,-0.29102147308529397
-3.026008197183617,-0.6651073710188052
-4.248488887476212,-0.5835605478960735
1.2209712902966117,2.0449387980310263
0.1929261756074498,0.22517093222693582
-0.3384845710683775,-1.9837622094530445
2.0835365444441427,-0.520209013454081
0.9559870245346088,0.09686603247587562
2.424450064082875,1.8453996812503788
-2.089103208250495,1.0286987158898995
-0.05182593593094527,-0.9217178364819151
-2.425070062422021,2.418355753572451
-0.34407349778320084,-0.031160364801477616
-0.372923780650016,1.2463298110749446
0.9399204558946063,-1.1550084973999026
0.06834582171284748,-2.3981630952508977
0.9351107074198733,-1.4084314903683608
1.0551601997083413,-3.250333476195706
3.232393016074713,2.1120893272529084
-0.4729449829291866,0.21453291888641599
-1.4115340509995686,-0.9246440184480313
0.36912542297461326,0.4526240299801209
-1.2034200407093152,0.18933403618016584
2.222941152654804,0.6209333956139913
-0.42482705841784885,1.2095314011362686
-0.8483645518109855,-0.2899211530250153
-0.7069735817266769,-0.8798393061009868
1.0776261352074614,0.8277752143719177
-0.23662047484722787,0.8023327778844658
-0.9625002301955735,0.10073580812134493
2.4980278764352963,2.1775541886807726
-1.2842547609926251,-0.43782212286165223
0.05334911104949029,-0.8998579716352683
0.9784592274153456,0.41809142750660166
-2.44700266562561,-0.6749378569134983
0.7203907521088874,0.49551652414489566
-1.582661513220674,-0.8330082558394399
1.2341741712510037,-0.4002422829318855
-1.4439765178784645,1.8908404200391653
1.0391535477732907,-0.4055873567476789
1.6587495994420691,-0.7988515440172963
1.2921547884492073,1.1706787887065002
0.3769749723571536,-1.0510419502866937
-0.34695141439454913,-0.692943230147068
-0.8646293645022658,0.5765611205089946
2.2065520362256557,0.9384114238732918
-1.049242830251465,1.2204763910810745
-1.5555991103549942,-0.7472218322204848
0.998053402549245,0.5960086729861199
-1.1942052047797431,-0.46610819954417965
-1.4250952461991908,-0.6056556335106323
-2.1654063932546475,1.2032127822922853
-0.7243647591907765,-0.5495543958595862
-0.12407253584473979,0.27820459602097986
0.3646375914910482,0.15557946923063878
1.426959366449225,-1.0707543763385026
0.7903468854986906,0.9660928553563207
-0.2863083293297697,0.5602808936789537
-0.2972935145695798,-1.9862906118704209
0.7652362033727751,0.2774211112373432
1.9088552443928544,-0.772973434166621
0.18947129922480027,1.0970753064126277
-0.7036962813156135,-1.4453998367807581
-1.4892990016283183,-0.3564769686295441
-2.1678078966183385,0.36202455098846575
0.9994045080652847,0.05434029414187518
0.8669677854593357,0.7629582567139714
0.8660452876599923,-1.5184219860092891
-0.19298916952808384,1.651914336867378
2.110402118837626,0.5251446587882714
-0.7261777418772266,1.359718213000896
1.4329038558108083,0.8742401692332417
-0.05811434248431453,-0.01161011445504353
-0.9125261470190064,-1.2841982109111607
0.888795460976642,-0.5635531812487009
0.6144541780259906,1.5895633328625773
0.5354591389003892,1.3854377816563823
0.12191763308429814,-0.61959998010369
-0.056839622575246315,-2.8183042862021788
3.582557989305658,-0.21268973430511875
1.7763849677942594,-0.2877028881291165
1.0842403424782683,-0.24977261204038337
0.1676987373050824,0.5285392018314015
1.5107358008950036,0.8762125793216632
0.7769921645871778,0.9902995470995242
0.039307129161053486,0.44570914013536694
-0.45534648789887255,-1.800770701922636
-0.1213760064940323,-0.3411997326932956
-4.755638603817084,2.30408978354919
0.3159012589464627,0.37421673480247836
-0.7327141201655396,0.3678195684438652
2.389004997424326,0.3594859397738579
0.029016106217631434,0.4153796225059898
-1.783445129302443,-2.3831121810859233
-0.07482023119217655,-0.23952431691106857
-1.5691816275937565,-0.03789283179468944
0.7101111235686997,1.2814953992534124
0.4364210465092281,0.047672894622295944
1.4367594466624014,-1.6465113866019412
-1.186322687541848,0.4300891561717522
0.051012144342220206,-0.8038246482427452
-2.047532693139953,-1.2167856410814177
1.0522421728870717,-0.8341590467165808
0.7783067706601831,0.5425042296645155
0.7437075315413563,1.2587612397600685
0.00242854703541168,0.48292994517758675
0.6221593361831864,0.6320232236170215
2.4065086624628944,0.47304527283800113
-0.42764138556302095,0.10132717686046831
0.20796777556512674,0.6969306349627576
-1.6291894487721148,-2.4187754670694206
-1.3023914423974985,0.11108835130483316
0.14671993963996108,-1.0449250346222516
1.6559003200528606,1.1629025725441393
-0.3844212363773587,-0.1471553052168605
-0.3538747939681859,0.030948088267830184
-0.610327866756562,-1.5050718742538034
-0.8021350062664847,1.0168308890128515
0.4424571835632323,0.6273281202738094
-2.245886467767967,0.5569478823405032
1.9214093650000912,-0.8130228521688223
-0.9981334471941907,-0.7736398449381301
1.0828552281572121,0.2235994544459053
-1.9049978960908138,-0.6944984102480511
1.0032601958193272,0.4348929626773385
1.0079169117217464,-2.160912602766722
0.5763031080088448,-0.48754455640659267
-1.4916427826996883,1.7967534654264914
0.3743222843971155,0.4394858279957648
-1.7745842771015834,0.16679366453099267
-0.37914488264427804,1.9852265356713568
1.5441196514329891,-2.335953618801436
1.195052890606113,-0.8153111147881075
0.022774413810649683,-0.4011731717473891
-1.4622098638842629,0.8583512330053901
0.9683815682612902,0.8756563632282364
0.029071856547037818,-0.8660067089826261
-3.480473397345635,0.9979543221425496
1.173944739474777,-0.4033147673217075
-0.03634925080453822,1.2116396256491668
1.8036768719746084,-1.0326426981220578
-1.6429057782642071,-0.12331159906616056
-4.765055719794001,-0.4901673153765603
0.4186257875177778,1.0560303715657138
0.43734551502295915,-0.522781216566171
-2.536007441409678,-0.04244852901175601
-1.4677493187999096,0.5068113976630492
4.1328266155798525,0.5452584830261195
-0.45841592123070507,0.8869526074731716
1.0964384645643241,0.21112477684466674
-0.9759897410525755,-0.4182489152798312
-3.135454348279735,-0.34969874535875045
-0.25538737019385827,0.02567231520761203
-0.39840684042915775,0.24959247607438337
-0.5998173580025572,-0.14717164784843637
-0.17196125325958866,0.01920342096554723
0.3964024074684548,-1.5172538605721053
-0.22517542688070988,0.6673552844546782
-1.8960092519210456,0.18111228888942987
0.7292771873429084,1.0018704135410883
-2.9240576329836347,0.00016050740708493661
-3.0755361859263006,-1.7383975785217862
1.1087707420523518,-0.35844618930667493
0.7605304082030353,-0.19992992311841679
-0.08609304761105402,0.7429033054335988
-2.093172757132608,-2.070273544513395
-1.061866411011113,0.04117951694893489
-0.39412012152975606,0.5136752157933061
-2.39384095286117,-0.6614878852815197
-1.1085429870348493,0.07462800981684738
0.9784955072650198,-0.6270365091498445
2.1409580464338247,-0.7295729332203905
-0.6291521289878259,-0.40841985013131704
1.1347325314741477,-0.7106919924670108
-2.871090105881201,0.6836183119363326
0.9891768616704173,-0.7349518768353778
-1.2059226220912216,-0.9029100070479273
0.4610184250619551,1.7679286668395335
-0.37162862735956387,0.9607400118240353
1.9806210146757512,-1.8615133606592003
-1.3116534725098772,-0.7647682898525335
0.9414094463427466,0.2424629717227108
-0.4192611949448002,0.3237550672314934
-0.23745821701449565,-1.4904928657368934
-0.2757808397388145,1.158565492822322
-1.2685096567411693,0.8252244191816259
-0.021148448860007368,0.48190163204033865
-0.09397233318273225,1.356728490712121
0.36186037261009396,0.45228999257091806
0.12675771853929385,0.44858087925184725
1.1969918244183544,1.5576792718222423
1.385262924071053,1.1012195807277088
-1.5759349827417017,-0.8415074589115312
1.3031587508861566,0.6331951786719153
-1.7795046406647816,-0.664267864958582
0.8817838322066025,0.504154550950278
0.929608177054303,0.4766135070198144
-2.866975337493756,-1.383467312455986
0.1394688697941145,-0.12184561131103523
-0.7027441700404735,0.26525702358040226
-1.1381478869030626,-0.43629019099415695
2.026278496048508,0.3147099423907597
-0.9805187109561284,0.8058977770010688
-1.2095653936770747,-0.030593064230755616
0.11354241000764016,0.2245994767082595
1.0283846194476247,1.383424078555975
-0.21247287901519035,0.4731965832252261
1.7495558185038782,0.20082428967447366
0.7964634929461358,-0.9580793796413607
-3.2673169795971457,0.6710260113888488
-0.7942004452605125,0.33014994939193854
-0.8427631490275486,1.283739433701408
0.7190414301441335,0.04687854330331131
-3.9372255845611677,-1.8162665001339957
3.823514563076583,-1.7001208688282619
0.7965391423413151,0.7356807637597333
0.22331520587653664,-0.5701935976981533
1.7723515746287193,0.4367677511104973
3.5154810792189375,0.11423264450235611
1.306119966882605,-0.16683966769392072
1.4232196447074301,-0.09636128558822336
0.1960350366965735,-0.8653895050452268
-0.21228863005042242,-0.015777688899670742
-0.7136931660073518,-0.5844934327943987
-1.2391679875718131,-0.3722565201257048
-1.0305211495492461,-0.32364904470916106
-2.025833946514475,-0.22669326989871927
-0.11380717602753498,0.9221734565070863
-2.5270013658395802,-0.12979082920469348
0.286374786215566,1.0237023365900986
-0.05449591206351261,1.5378549513264816
0.22040294758003168,0.8549446510561495
-0.7831973550299887,0.5344685350685111
4.6152905552707555,0.32683220948352026
2.0401738502704694,0.86535870905007
-1.866813750127084,0.0893607385962395
0.34930213114034736,0.9845698459571985
-0.9120092144059854,0.6141058052896843
-1.521719590061121,-0.35984046078038784
-2.0101081066859026,0.8958508801028059
0.6483250361388809,0.09148000597756854
-1.0220703526043609,-0.10613200761231605
1.4517390360378062,-0.4761991603989872
1.4906733217956585,0.16601884787457225
2.0608715778171742,0.9964626154129835
-1.2785801491111553,0.8889400055930373
0.7130484160380153,0.35339379745895677
0.9486813249634513,0.5996436407250353
-0.7112672626559473,1.2716967915225579
-1.1576579360893127,-0.14996629117086105
2.4142809986639593,-1.1154200035302062
0.3412438135980806,1.3011298521785726
0.9539516260676069,-0.5297782520307184
-1.233114017741891,-0.6903381233439047
-1.8289266997832907,-1.7961977553345514
-0.8541746617381656,0.5712830531642964
-0.18603208108499555,-1.6214526245522214
-1.5963300102260232,-0.7502588076917368
-0.014767212975574507,0.5882367945150587
-2.53275778210275,0.721921252408372
-1.6800711337048084,-0.6517041482182336
1.0063668724153128,-0.1341533269924053
0.9056857804168412,-0.8725945264061531
-0.5878151480802996,-0.5483967878111827
-1.5266464636154295,0.26621526015290703
-1.5411053272890163,-0.5016466787964576
-0.5599023689119711,-0.24421504017566917
0.9667777374679372,-1.464706681617567
1.3923685370164869,1.1329561648061375
-0.7447976032229535,0.5100665931710657
-1.7302386389771758,0.7929053718372018
0.40176545679949993,1.2904253246168622
-1.2353024559387742,-0.8252128755457164
-0.7773789582918036,-0.3583944830280237
1.9879141356555563,-1.894834367582211
1.2406731428486522,3.140422910102237
0.23696146837717755,-0.14958531531737618
-1.9078785016690842,1.038727899914912
0.31709485120598835,-1.2381611443354588
1.5939859361812898,0.9963884256430094
-0.5634504986483033,1.8575908766496656
2.026671134980073,-0.060280749027981445
1.9391179342773106,-1.0108814965896014
2.49559924821521,-0.13879640094553602
0.45786468979702943,-2.2267615249572263
0.8810875497090184,-0.0378867010218419
2.121280932496635,0.8209671393129958
0.6710909056034634,-0.035757644373514225
-0.7518511616853191,-0.2841395546889674
-0.672814254791792,0.527568116112033
0.35783243066060877,0.6040248469495526
-1.935842132919328,-1.6599055625051826
-0.21488837304628894,0.08882296227878847
1.6448206773453806,2.4359851242292434
-3.2868807767479216,-1.335016245648024
2.3017231526917725,-0.08541883283306648
1.6835613280547395,1.9417461220517027
-0.6896469237457145,1.1041751565436755
0.8150862418077144,-0.5133966807760615
0.004721590359489949,0.2061353796226038
1.8449855526580246,-0.0021116799848234138
1.4740247141549117,-0.7480718043216674
-2.100106084774514,-0.0742521074930824
0.8808936201962652,-0.2799661328065292
-0.3084417804648715,0.11274893807674967
0.12424885577714986,-0.7483831806910334
-1.0922578514547232,-1.276618200244661
2.622205603681253,-0.04128077339237078
1.560092729853864,1.71511821817878
-1.1096567459594509,0.08220292626279649
-2.0019159103653488,-0.33159377893154535
-0.5785089464667723,0.7540858050384984
0.6517539691369586,-0.15831961259537855
0.3603087659193345,1.8680329249591099
1.879699237152365,-0.003912509295078522
1.1848795832712784,0.7004970631581634
1.4543535386293602,-0.7546043823932729
0.49028310091565597,0.5030892533366624
-2.0839480953164853,0.27509347694375413
-0.29354779672035214,-0.05650612465920803
1.5901346098629983,-0.5017577611697203
-0.07728439278696908,-0.6380301656523745
0.7546355529356201,0.28235266397965253
-0.4781224728691997,0.6289391096964736
-1.5447177728127675,-0.1271627962941314
-0.1850160960691657,0.2872679291207924
0.46357116454898084,-0.037914678132769594
-0.9835315791921655,0.09852602490538785
-0.35356686728500275,-0.20044498267722502
-1.409194862978974,0.017972579368308247
1.678867376346144,2.6980404568174263
-0.441683636382051,0.3116342988074249
2.1791333176892747,0.645296958431043
2.293121775811363,0.438023605328097
-0.12156894708261565,-0.26281682329705947
-1.5126730988210246,1.293989213291668
-3.1288468166000056,-0.2911637704263413
-2.208055609540187,1.0550545489425514
-2.06075223734799,-0.33420699806644877
2.067704441192257,-0.9599725191440409
0.17373688084041913,0.36539620823619295
0.5844067861379817,-1.1046683561021067
-3.3306315134026887,0.5356402250166092
-1.7969496438258923,-1.1941586560913167
1.3306196646694306,-0.3190080304728533
0.4301611685738793,-1.4317296965247415
-0.2208079180283959,2.8241670094027294
0.8472635379001838,-1.6539595596163144
2.4536967092037223,0.009813740396404322
-0.33156369530557583,1.1433042743300137
0.10405470398710415,1.0363859085870253
0.2888953780969577,0.8513421221731372
3.5881644529109886,-0.31722838822147553
-3.1490343966285383,1.351088946337002
1.024834522183212,0.9133910908021826
-0.17220337313859552,0.21229961766047659
0.8501575892762694,0.2405807577265921
-0.9860588309920866,-0.3039226476153726
-0.07344754628767539,-0.9096520258330384
1.0671158691982428,1.2371509754787164
4.669365301565762,1.3122079936015318
1.2120542841031072,-0.8841091410299213
-1.2720983970457629,-0.15378516514619175
-0.6356395230340549,-0.14342321645892908
-0.680121162575781,-0.03265590374030994
-2.6934647589450225,0.06429487858758168
-0.4951352875521559,0.9468614616461799
1.0992436227326174,-0.7472173084867436
-1.9113481786151927,-0.8463469915126599
1.5727239765758887,1.2366197421429752
0.7316622316265072,-0.4626447418812982
-1.1013499829565567,-1.2630353535770662
-0.21229445600677116,-0.48512994209987004
2.3974827114615493,-0.3300527352440008
1.1003217202587987,1.554962727725765
0.013175482347221726,0.9248262123767372
-0.35652497544147643,1.1475206166322423
0.11491360567748943,0.819973642346786
-0.7676453369134552,0.9462436716153141
-3.1571242585785217,-0.6880821265803181
3.0632668658020963,-0.19860215535348436
0.2329874987991022,-0.9899153130235488
0.5972208976838057,-0.21048803053703335
-0.08686162481536308,0.684104990934741
-1.1026752010868819,0.1345832848122468
-0.27888672142315607,1.3114808189602951
-2.3990921432914667,-1.1414157922272192
3.415629747079957,0.5002383506982397
-1.8517679976335941,-1.248302801869318
-1.5479494257707693,0.09417646917364228
-0.6603888065796006,0.7403334225564788
1.9321135872785664,-0.21450256682421923
0.021763498893981204,0.5511266040869559
-1.8542036940456936,-0.9597323348329341
1.8815075411360094,-1.663689978196383
1.0965009401782222,0.5570296224878031
0.8076524358246786,1.7440102340757326
1.0736013617562605,-0.9960449401698921
3.591542850873676,1.2221941801067953
3.2776423425541683,0.04342340881641101
-1.0300730145049428,-1.335691521693076
2.435827489216728,-1.1315053013521625
0.5747522846383505,0.015784773360650053
0.7486437242066241,-0.40446228792410366
-2.5384062474649927,-1.312912976758239
-0.25557864808229397,-1.694039281225405
-1.2192353855048474,-0.8467193279265061
1.2420882223399639,0.19380900833111825
1.6066207506042076,-0.006400752603138034
-3.111729526524467,-0.5012379575000783
-0.033052296006405676,0.20188719429148277
1.6827922571913783,1.0400267198626876
-0.28001844347016747,0.39412651043414787
1.0935954675035466,-0.12130867138958067
0.5267482014406261,0.9280720066606888
0.5124903479289395,-0.959850302216295
-0.40697246710244617,-0.2249195395553516
-1.8248712062035644,-0.20108793560036814
-1.682295221137541,-1.2369532584428453
1.0640287716829757,-0.41987416228435775
0.029187383278324677,-2.074959680895303
-0.2077683669108371,1.9121780476629535
-0.6358350634835288,-0.937413788436313
-0.45778326822112764,1.5861141314213119
1.5703676917322091,0.03808450571949245
-0.5028661228020401,0.5648641321559589
-2.0115970699523533,-0.48879979835093157
1.1154776633102599,0.20792969196167435
-0.30731499579707583,0.650489639988436
0.047093798299164664,0.6645524143941822
2.4113674595992656,0.7747733900743572
-0.03084083602576078,-0.36833271003917634
0.433775509678088,-0.4803596724913551
-1.768385236947488,-1.5941763252676036
-0.3295041785264402,0.5232190111769367
0.9142890678129019,1.0823787113234427
-2.3330606007618635,1.6159816799179296
0.3012676396735644,0.30517263458050775
0.15118660896720945,-0.7664797729085693
0.06193118338115908,-1.6970961432894554
1.5557383479873648,1.0416667330833504
0.5016577722727822,-1.7962765667775356
2.217107847534666,-0.3406040777437667
-1.4903842733910544,-0.2243068279436459
0.20388685082752195,-0.06945513785101935
0.12670017958492114,0.03580260003584014
-1.60388174063262,0.13814755636757506
1.4344425031370192,-2.4153632620785297
3.487009958779227,0.014655909870126726
-0.02550911172574649,-2.2295755741118772
0.7575316324106504,0.7322180730909948
0.12677771372299088,-0.5551251558036121
-1.0703770048607637,-2.1570367252233504
-2.7311404167030244,-0.8142046773853758
-1.0586602246430477,-0.5700753391846538
-2.087937571427597,1.1906996175550046
2.5561531170886767,0.196637741750245
-0.17266454088485872,0.3444449443505802
-0.5188789935707561,1.181221634220601
1.3337307371817089,-0.09614428792448947
-1.682626654283832,0.7541879610324033
-1.1502960570068286,0.6838611139319919
0.10210840387293155,-1.2864694935694123
1.5431534871352208,1.4729835776298295
0.7525275677531823,-1.4203017800706945
0.3724877137738233,0.9173666494778481
0.11717660285402454,-1.5170730369056327
0.6003537832901628,0.6012367881516733
0.30247935769388196,1.8619148781501726
-1.5449584121654036,-0.21297865655021128
0.06911883244972701,-0.2563556428531463
-1.6105329883766288,0.6104399993168492
0.12162381435123557,-0.329396455962543
-0.7209719122323621,1.8182787037428214
3.809072434174292,0.1921922494586957
-0.05984157562756788,-0.32016950822072576
-2.106359349392383,-0.5402855278956832
-0.20127031601538686,-0.9329484701730206
0.7790381184568321,-0.6277549867574896
2.5100459192287854,-0.35067339365859646
-0.8841785999080777,-0.48763907349858004
-2.37364196103546,-0.6581752741371039
1.2252555171464719,2.0988412303524395
-2.070898058849477,-1.0300950764894898
-0.6542331622612275,0.14663258764617476
-0.38643072826649105,0.592521009760872
-0.10445017995016226,0.6301079955837326
1.0337466856115034,-0.058607075782472
-1.0254514234295815,-0.2407025718473096
-0.41059387825014104,0.4515474912395065
-0.021405529424082758,0.2665216499782007
0.22439693627818208,-0.25895883476751336
0.146740762061884,-1.5618785717244308
0.6540086628338697,-0.4679237223332475
1.265759264462606,-1.1465501637074578
0.588951173476452,-0.6671595500663265
0.6803782852638276,0.03322323851695945
-2.3733347501197164,0.3587361439966162
0.07534154874852067,1.7804527512924062
0.7192613220024129,-0.5374063789038138
1.0934117918556754,0.7746256352751506
-1.0385261613506913,0.30596002443783654
-0.9885589123329674,1.2959976706397898
-0.8611510129253974,0.576228719595626
0.8046208498370151,-1.0084814272863163
1.550821582386313,-1.7230460292912313
-0.6111901609374024,0.31126169966750483
1.3619434704405733,-0.5284509979003907
0.1852197137468913,-0.9803137459505973
-0.18642866574365444,-1.2675777045330776
-0.31707634472695345,0.1609754975871555
1.1199170469032358,1.507707699313365
0.48836672518060514,-0.40867234570604166
3.4137381414714563,0.5902703110753222
-1.278336964495986,-0.10226635021759252
0.7771525530449637,-1.289382089103393
-0.7938015147172692,0.7348113435104173
-1.3039304804829657,-1.0946920440273713
-0.016300705552458217,0.021626630593564705
0.20602871911055404,-0.34152041500530517
4.377260332590138,0.8930774345656918
-0.2762187235248031,-1.0581509924706867
-1.6952680942270253,0.3908699078019598
0.4095160762415786,-0.8397974073487009
-3.1119600563195524,-0.5111052123287851
-0.13793517390639878,-3.635200227540102
0.02403792344274064,2.0920985716179086
1.191900574417817,0.5505569328262319
1.4604333741417703,-0.7673474859381645
-0.7553544283615762,-1.124655688332994
-0.22592102194489952,-0.4956487528793405
-1.1491812459160065,0.7168795348194515
-1.6920938322115409,-1.8920849255849255
0.46484216907095177,-0.14158441929433813
-1.910378322894899,1.7706418724626733
-0.6219403508577948,-1.1339463359678041
-1.4927609398488562,0.08038503876365498
0.8245247794353896,2.2033098152577577
2.702145148899732,0.6321516296907728
-1.9523819742049968,0.12592382048545514
-2.7795277243463534,0.5066364549090028
-0.18733032802510108,-0.40086533500970234
0.02354669393663757,1.29963128530344
0.3279889601359466,-0.3993300229002119
-0.6694807728515173,-1.959181608735977
-0.3009589482381477,-0.39130310394045986
0.5512656158109033,-0.9667345298767035
1.5606463389672585,-0.2811940121974293
-2.9325731554774244,-0.25908405908063087
-0.5534091585471933,1.1974231998049074
0.3207131909115951,0.6952927266643856
-1.376964156916104,0.2632654875753966
2.5967544476509494,-0.0029454113325951153
-0.9531148203431055,-1.0588580088579944
-0.06193903051092425,-2.1811752376656774
0.8340331452634362,0.11316001139278317
-0.8869271832028418,0.7946412035736589
-2.7698595717066254,-0.10833388324458919
-0.6429817903747999,-0.5348543227867003
1.5441608338905608,0.4645021652142125
-0.5053426901777078,-0.083332200624347
-1.2696514521884679,1.6857441919739613
1.3885083142540826,1.2327283420682844
-0.49616234403457904,0.9595080570233295
-0.7652412204753258,0.7577341142099038
0.2241841344949643,-1.290167414451457
1.1561253144281811,0.6629937020525997
3.572570297598819,0.3763259576465752
1.2408541614861346,0.6064247283911633
1.7397599495825165,0.49260948681305256
-0.7589492984817829,0.45276258784806556
-1.5388021589542145,2.7008664695495948
0.09349702442868445,-0.07618566995191904
0.16075487288939433,0.9363373808293303
-1.6177691120468958,-0.4709898102640032
-0.26294179485601926,0.7906415838876719
0.5989764025786963,0.9393198902324554
0.5405900925271202,0.3644260771353479
0.7564317800764087,1.6692469423765
0.4364470952061644,-0.8842760363604175
-0.7605129889050837,-0.4872209416682221
-0.7708509399732648,0.2123800860234896
-1.7984270969908138,0.880806853484222
2.6771625587776424,0.17942952129493323
0.02017554692893951,1.285759036510566
-0.3372795836922779,-0.6616898709663194
-1.3931881221786881,-1.1405784894885544
4.403486853491668,0.3081283365365046
-1.6099920483343433,-0.07718027611369632
-0.6432718884091101,0.54286372035822
0.6237552544290907,-0.027402290866503937
0.9003194486164166,-0.34001979062345705
1.436898082823526,-0.07493757172372349
2.7114127616538948,0.02884889479318494
0.7592364831910685,-0.3049812998483304
-1.5840461999500013,-0.20313204632342813
-0.38541768768267226,-0.40359333698691013
0.46174855877082743,0.8566651198694065
3.1023390622587357,0.1940210045057993
-2.0967082176364453,2.2567524721687664
1.8038647578378413,0.16070455127846184
0.2698715543196252,-0.5508574703286617
1.256745802844221,2.6706753748630647
-0.152992074953898,0.41362637771433536
-1.2636489451894897,0.9901247868928167
1.126309169101998,0.5921029832024916
0.9816465406584318,0.6230110292977487
1.458085448609583,0.5356540513524742
-0.019956953067952962,-1.1020845647760653
-0.8997330349797741,0.36752904756141197
-2.3381804925357623,-1.324861303850239
1.2290599022091095,-0.17436283641253425
0.6358342236659791,-0.7256174565632872
-1.4486739492959388,0.35747018584872403
-0.8078605099449363,0.33412624733823465
-0.7001382179271608,0.48114589076518677
-2.2244766479736273,0.28729657274908715
-1.2265235949077007,-0.6068253417863988
-1.7007455352095313,-0.2610034893516796
-0.618718517831905,0.9203961612544849
-1.1080462474943442,1.0678566772943998
-2.4405073813001232,-1.1467830986265493
3.0338853458542223,-1.5309276325126464
1.878811096543846,-0.7268893832047121
-1.1685291322799785,1.0452075820322506
0.4086320949804148,1.2148840301830344
0.6261976347319425,-0.9247118804011716
1.7866287821602151,0.3073093537363383
-1.227907539990118,1.8344313331400877
1.6381601759736393,0.4153114772403338
-0.8218579563104026,1.4215032852330935
-2.00379360625292,0.9987265700830984
1.0862048389717458,-0.9101987062279108
1.9361376361836422,-0.18998142349707814
3.881863460296027,0.0347544782918479
-1.7995878976353201,0.10413338802134002
1.0483795276211834,0.9163289534385712
-0.6147018656902996,0.4086847622754085
1.1750380657860469,-2.936200943778115
-2.205734326846876,-1.312840273092726
-1.8941546635478461,-2.187380914976043
-1.1638122347497257,0.17536524065533415
0.11844606850212677,0.24048764946776105
-0.9616218998075331,0.28322495861071845
0.9885815158701294,-0.9589282677146163
1.5403419273868715,0.6741440051199892
0.8993663118680337,0.7162624964685291
2.4281814594913023,-1.2551490672051577
0.6237399441830145,-1.4660382014488722
-1.8253450655102506,-0.0001316862269378586
2.0450647703075098,1.791782273613359
-0.9077343534089961,1.6997427421986424
1.3656277495283549,0.5634043604480524
2.3606013248326594,-0.7299966715800764
0.6850320160955987,0.8868426594885851
-2.2442382197469746,-0.45242426480904147
-1.3773182497646874,-0.7675070366738105
1.9841167003277034,-2.143966831621994
-0.25368402846422455,0.1023821983476529
0.11936030241324874,-0.6298673491373752
1.138236624245414,0.09643037952850442
1.0444842931204852,-2.2993576962370614
0.41819971857819105,0.16982667258368722
-0.3130025568306988,-2.431121163971628
-0.46900266859853595,1.087940253268552
1.2868482379370145,0.5218912341350844
0.8303542966016899,-0.2786647714245878
-0.3859500009266844,0.5627198600820792
1.623168469489711,-0.9780742626635524
-0.19355117269467564,0.07237551561489243
-1.27749326150159,0.7947740384603357
-1.1384560483550172,-3.0942892490913896
-1.468111254464649,-0.4472243596775238
-0.4086150249055308,-0.02264413013637428
1.8505864175042896,-0.19629361774576656
-1.2076427715457632,1.4571018262274051
0.28271364152715434,-1.1239011249228845
-0.9850340184411198,-0.621159243445229
-0.39046356190715636,-1.9158690263084484
-2.2650618179778785,1.5102866512731454
-0.3308073437348061,-0.2462901426088
-0.2905580697074431,-0.438408888036707
0.810431916053543,-0.05248268231071405
0.3349213698830558,0.6362358284303241
-1.797588187428068,0.3473634035161247
1.6262973660653142,2.6478842135570875
0.315454560332993,0.4539358884037746
0.29759027576623004,-0.46524542916908107
-0.013773530077708405,-0.5613567375239471
-0.7766361708333296,-0.39275895241680914
0.32670350962308914,-1.501836924629838
0.7133826538928736,0.03986420749158606
-2.620343537018332,0.7834681062089172
-0.8081412560191436,-0.6133636006232359
-0.38242045560538396,-0.8073800562841116
0.3842559085414172,1.5159451462942337
1.7899665088906889,-1.426483156621165
-1.1576112218951735,-2.0678183764773013
-0.746942770226763,-1.1529019436473826
-0.7688011659698251,-1.5404327171242964
-1.2022913851568124,0.3862260641045818
-0.5207797426683937,-0.36070450044957353
1.1562033299819567,-0.21968704502383987
-1.5807532430465185,1.1529341769747732
0.6417215927293548,-0.6913348611627764
-2.5528533450275033,0.7750894117456407
-0.8420069946633089,1.511322799203203
-0.4942339503269791,-0.45566249801366066
2.5122895093710973,0.7370228555563136
-0.41220345712903206,-0.2418179125289801
-3.3018652101763775,0.924098128840789
-2.9983333602918747,-1.571489187576273
0.051044379520021485,-1.6455122451253463
0.920656283684863,-0.39126771490754075
0.5631837864408792,-0.8889248090597707
0.25135515870148545,-0.5167091094298853
1.7433893962585003,-0.21952658244713985
-0.8093868311056974,0.7200135318362517
1.3423658340402378,-0.4076605785659349
-2.448022327539626,-0.8238613106230867
-1.3574217494070995,-0.3515133767588989
-2.7105620923977245,-0.7691452798066177
-0.4122679510046884,-0.9340055020627144
-0.06939182589951381,-1.6130168135769691
0.17115223833977988,0.06947811622107863
0.09282502933070282,-0.5687057065970534
-1.391329996217592,0.9662787392346717
-0.28536126661982353,-1.4473960920589406
-2.246170002908623,-0.5420835550478789
2.044843462698376,1.8129072206587489
-0.4554391093470015,-0.9396095170978495
-0.7333291785655368,-0.23653325209612397
2.3834104926661244,-1.2158439828253684
-1.8633698003238437,-1.348427512780981
-1.6883806710479536,1.5473109830876783
-1.6443304873028477,0.17103949263714724
-0.10180707254922285,0.13367883823762333
0.647447444456396,-1.6963162351162222
1.1095132021767506,0.35874138810830297
3.8579929762424534,1.1574219459938258
-3.3741486813011456,1.1494770608285296
0.9131033836866254,0.6683332296061608
-0.8356958588583467,-1.129485577595404
-0.8796227233331602,0.31312341719299164
-0.9296581923808165,0.6675849604766076
-1.36315450621196,-1.7944435850889013
2.5267872519051777,-1.1212795914817848
1.2634459905208542,0.8881573217434416
0.034793967836062235,0.8760457766719285
2.0265236287305006,-1.5485830336213924
-2.2687934479483136,0.7950214592691726
-1.9960576969963892,0.0953033991536178
-3.2669515982920316,0.7810089546071515
-1.0491218101849313,-0.6345213234339414
0.24254779005712934,0.645183496480902
0.1542878668985011,0.8438287744856245
0.22401286658982067,-0.3513349354557117
-2.1165852465991226,0.01775254617328601
1.204732113921033,-0.6485216295046535
0.3594412773584969,1.6516389486858793
1.0995814221989977,-0.12027193932576595
-2.8391432663850775,-0.9220243251771819
0.46723628819668483,-0.7158259138747501
-1.7816478598762904,0.12677060114211314
-0.5959848788270428,0.7533311717782117
0.801547347954575,-1.3358268451505217
0.13664040938386976,1.8476600029424488
-1.2773099696689783,0.3086752940556164
0.009409734276627427,0.4664559729694125
-2.297302972865465,-0.0971895438234364
1.7254010938474442,0.019258967351125547
-0.30792602924437684,-0.148283137927403
1.6778249163829888,1.0177959690359604
-0.7897975306440645,-0.007928587453370405
-0.7853639826098744,0.7670502184927098
-1.1462801799567697,-0.4338475233525722
1.314260897539613,0.19564052831231576
-1.0641467359927137,-0.8039203442394212
0.9668931486227648,1.216528232549537
-0.5736785965039354,-0.8337472407191158
-2.9639449498374297,-0.32497944426132624
-0.8554711016796992,-0.3149604124547449
-1.7686623215442723,-0.3539513876737683
0.05085408552350626,0.722495769442937
-1.7856116035117353,-0.3166577647366437
1.388962651071925,1.3939245305410728
-0.13661379052954084,-0.8184750861301682
-0.26639399213810844,0.16937746994270692
0.9838382066813739,-0.7757859893125999
1.4458604011137937,0.4209727825314667
-0.03014812765447747,-0.015949726976770034
-1.1568004493239359,-0.15506204469847845
-2.660954424168194,1.188474966503524
-1.02907463555277,-0.6543418710551034
-0.9258183699719424,0.5865151576180001
0.16058617948844514,-0.7689599126747924
-0.5177203217070407,0.11268520016037374
1.0318994580771421,-1.1955753282234454
-0.9194749069060343,-0.6625171463067404
-0.08556175027941265,-0.08214304557286504
1.775981164795334,1.8146491673230778
0.5127378209324498,0.10080387045977413
-0.09005631253284677,1.6546683158667064
-0.9029166629027656,0.22032329169091802
-0.9498470950724656,-0.3870842444749391
-1.2759198794279216,1.5393565226006936
-0.811510298674349,0.4370176220734189
1.133498758116472,-0.6427215938827137
-0.33283240693840305,0.47057145940029743
-2.0246596040718465,-0.2925947499076102
2.6522539395896754,-1.9890341961712958
0.4799477867177445,0.9359731592656175
-2.110415100769754,1.094934055641929
-0.6627733908612358,1.8379420299922753
0.1663295742426268,0.42214369219526265
2.5568881399460657,-0.24872342408253253
-1.662168687388304,0.8349894273785858
1.46406107903392,0.8498203653189064
2.0992296404585145,1.638281183136422
-0.9429814576118554,-0.04462762306644215
-0.4162704282903502,-0.16557897256759446
-1.5544638710606553,-0.7155444197585275
-0.30519171162045733,0.5374620867252017
-0.05488496151439675,-1.5482616682308352
0.9894749971235557,0.7760873728625646
1.6352752065306702,0.5878351218657896
-1.1221440969324707,0.585070202458372
-2.950987596338992,0.13822523650184043
-0.03186716891436319,1.5329782475310847
0.4403062949529608,0.8719934654268633
0.3741265315275625,-0.6070771913756997
-0.490009871263566,-0.5891790496976468
0.18712814949590173,-0.8796738134146368
2.2731672125283713,0.5512833327755875
0.5726012534437639,-1.0001389212399567
-0.5600526375046266,1.0833921435833522
-0.7502967256439936,1.3229733083455433
-0.254778536516596,-0.8790162689504512
2.4551099427459597,-0.1855485345928537
-0.27495106428929594,0.016620981362413703
-0.02969151678106196,0.8839831604696676
-0.7234703564044545,1.609343375609877
1.6484750361629472,-1.6854923928685774
2.939755882117012,-0.31818071752668287
0.6759195741470825,-0.26601669556034696
0.12415935567813863,-1.4006698548865477
0.05517424976135217,-0.4851100193040616
-3.5764601831786185,0.42776894435061114
1.117726296427226,-0.27867890283955715
0.20124962399376528,-1.5446211686074136
0.6425130759910874,2.8740826980099135
-1.0671932911255573,0.2661778652041803
-0.5766853184656374,0.11169413010667499
-0.6165374047547595,-1.0979263630670464
1.5324344761095583,0.26070616197127533
-0.56813975490464,-0.1642137840414943
3.1239904831646967,-1.8885234127154062
0.6462936285225561,-1.0702554400144162
-1.9135239899935974,0.794926017673945
-0.19281943987793526,1.9440176500004416
-0.9775126832346235,0.3671654050430446
-3.2915737047300366,1.1030832782933673
2.399206410170684,-0.15575530858321
1.054713813330006,-0.0865461606806029
0.7998109768489687,1.090979027619465
0.24810549044955638,1.6627772891794692
-2.0730263530386566,1.3010966934656216
-0.7254257093331551,-1.066363075384819
1.262671162176019,-0.06695889031524577
-1.5768300446737542,0.2775246844762952
-3.7976539743762205,-0.2596779635075291
-0.340659011671389,0.38785754341559575
-0.21263633104130789,0.8205768116689474
0.20334512462206372,1.0028097519551404
1.0927779652718044,1.6858701522215231
0.9564087183468128,-0.3294411047248347
0.38815470786588246,-1.364033164839314
1.793297082130064,0.3582345940144528
-2.278454671219972,1.8838110311848022
0.7568727217160853,-0.4769758599540591
0.9398075450054137,0.6868469770637194
-1.8593434291203592,0.6957457924726428
-2.254305913023584,0.19144204734460896
-1.118913189713402,0.00692472104371437
-0.9923121637729378,-0.9234292057213925
1.130129195253646,-2.2816620724205774
-0.9218081755366424,-1.1118507066640289
-1.284522777421806,-0.39030414911169925
-0.9174506050418387,1.0974226874227069
1.6779485012313176,-0.10312806235137562
0.0195650615654282,-0.5190257189181485
-0.2688765380353677,-0.8909854419534304
-0.1650082480515772,0.6568058285094803
1.938090501489784,1.3583571664306051
-1.1237575899048626,1.0634357218674595
1.9732624364101559,0.6061496997584691
0.31574444838225546,-1.47561274638294
-0.24062907296302158,-0.3516742428437714
3.751350746901422,1.9473042288896751
-1.5834592346978944,1.1219504919152248
-0.5305286393505091,-1.537503218234725
-1.8486468587460003,-0.0555905231992714
1.4286929558042543,0.36309843266103875
2.5337834004775184,-0.7621584630262199
2.5048841721069586,-2.3092040214088487
1.835923129719007,0.09882404501643172
-0.2964307016939484,-0.7877582576204393
-0.5478614662347698,-0.7838417390846841
-2.5067546587410976,-0.3546803599307581
3.053810302772689,-0.13367591465481174
0.7034671172227016,-0.009082794095686441
-0.7379353573042247,-0.8839898989220014
1.9920853334804511,-0.2202095296340774
-1.4591467751400014,-1.757423370402755
0.6099330513340111,0.31103906536807824
-0.258943701436252,-2.8562754133411574
0.9580157098204514,-0.28949008043361957
-0.0953603087791822,0.9191861536769533
-2.1763918366668364,-1.0593406872748266
0.11336455900505674,0.7164302036574001
1.5732962128130432,1.1557327121208922
-0.04382460878097787,-3.3078999524973884
1.162672682383629,-0.15136290357574236
-1.5682942285110797,-2.875773427628275
-0.039391189904778204,-0.11820844557094608
-0.9367656826328661,-0.007171210981326812
1.1204712601570646,-2.4825439859108385
0.04723734339299366,1.9248383620798655
1.0351105145049189,0.2860158076346249
1.6315656392367992,-0.8490234320820353
1.0374278626820825,1.4653794274985183
0.4096776514404663,-1.7956132206423168
-1.497318387767108,-1.2291710335183172
-0.004179166000351857,-2.2994555236698986
-0.7996356030237497,1.801045196539334
-0.5160959350563399,0.33234637147200347
-0.5618012261253763,0.659401789848495
-1.4698883621733667,0.3010012339184757
-2.936007883700985,0.5737677611445846
-1.0022145724916502,0.07807771389598944
0.2900691778862386,0.27092134270744134
-2.0222655681412354,0.10760343622295077
0.023523354707436515,-0.6085918055692785
2.850402636466447,-0.04662476521466915
1.534584832878359,0.27359457326167763
2.4653122636807936,0.11054911955213079
0.5866918153990893,-1.477772107753317
1.751264734479669,-1.3449866686084093
-1.0859470957016812,1.0828414339163912
-0.9665104005329763,-0.3069940458834018
-4.108710309206209,0.5847253470359405
1.7792182110634485,-1.0921199097223964
2.310485969729829,-1.47314587664653
-0.829765868020905,-0.843596612531713
-0.3809275595958526,-0.22256507077141327
-1.1307931705364422,-0.6651402992844123
0.5739803272162374,1.2939335231057139
1.6873988179548611,0.17952330153746154
-2.6141579608215615,1.8489386185618586
0.6141577959633784,0.4044081540714172
-0.41500765757871816,-2.412550817919811
0.17009158795003404,1.0560416064585545
0.6884910025114364,-1.5095516224699548
-0.2823036581592317,0.23053366721133914
-0.15538028010867092,-0.7746840576638448
-0.32081275133195836,2.1427110344641864
1.455474302682422,1.4395979274301354
0.6281399401912449,-0.7418206417017582
0.33087530660604114,-0.12735766812111177
-1.906427581638424,0.2445980696492174
-0.5678696148197313,0.8634140715616104
1.3480037405087613,0.02915191232501268
0.05654485968588435,-1.0248948993808669
0.9892972043837075,-0.7175586392000529
2.6497677004914504,-0.0044817963767913305
1.557909103813225,1.234456978764691
0.1397375065496135,0.42783786053604395
-0.7664837552935906,-0.7734149266150159
-3.8303243940838474,0.64837277770979
-0.2525773837092788,-0.3869848388781598
-0.48901874372527376,0.8904080051868413
0.5855492915930636,2.5270104183286053
-0.2308578404620314,-0.3588263709435495
-0.48057758915519155,0.8016051597263709
-2.669098395760831,-0.7453933320377297
-1.4099517437250997,-0.11226376719129758
0.7149765612008362,0.029562286872101294
2.5738614466990417,-0.19368366004438056
-0.14628807561843515,2.463013688775024
0.49171661036118497,-0.30659307467838237
1.428717235429208,0.586851538784868
-1.2163409043003746,-1.9300868693234323
0.5502210649281634,0.4319965633696103
-1.1107351594982378,1.1420545923522467
1.297236657736517,-0.5275973425790509
0.22710457192759892,-2.510222141040413
0.44767772097215963,-0.0386517688273251
-1.1738978961278836,0.017183850385528075
1.0605485394161773,0.7240750507443041
3.127069381846524,2.010903035413434
-1.5118675431423092,-0.38005365060030677
-0.5096385114712857,-0.8562881236602804
0.34741121125213775,-1.1669178013714432
1.1796093179937248,0.19807861703159935
-0.8393194279342033,0.4793542588185019
-4.2495454352141095,-0.5456553943625845
2.0387842412460375,0.7786827457257895
1.140759179376214,0.46538407681917565
-2.6144212957299975,0.04323168964489037
-0.9113531876693339,-0.9024147207441254
2.3522736442909893,-0.4818643154847231
2.171694627686799,-2.429755297682545
1.407960034018417,0.23578706419803366
-0.26416865093979397,0.026341288747435226
0.12448112821876495,0.18847899108948643
-0.19638870768918976,0.5043190155645603
1.6923596749032563,0.38582148643222297
-1.3137636097426653,-0.11038318064603528
-1.208699482326307,0.048668043162752445
1.5154118802540235,-1.4043164166961695
-0.06654218326734246,-0.5837206456894258
2.067701033180712,0.05047105368346139
-1.0072683104708187,-0.7358535759123606
-0.08216754050823764,0.8601507958725464
-1.3836194772659298,-0.6586320809550305
0.011044022135350702,0.21630541124831631
-2.2178204054981983,0.11656565681533587
-0.7314501314324442,0.7462775936104097
-2.154380797392177,0.900791174028302
1.0408848497868872,0.6940326109679394
1.0748840096394776,-2.1060062013831335
-2.5953940957265176,1.1941481480131266
2.0008286182508592,1.5273082241945979
3.7461226896297806,-0.4821242843214694
0.06900958010451143,0.2366469126728498
-0.9616713903369671,-0.890831680130782
4.236495886504569,-1.9483785067321513
-1.978452747453766,-0.7387152655423863
0.03015970030364758,-0.5401390394636103
0.26943340894788514,-0.3548507313518155
2.017721430678622,-0.9589140900059879
0.5396084626901827,-0.7334251668172389
-0.7479508436826772,-0.011006321628407697
-1.426776555581934,-0.770226983110142
-0.5127327303692033,0.5435243325500279
-1.5103910414177162,0.6816606513974395
0.07173797967702442,2.3803877461644896
-0.8462942697907299,1.125679932123462
-2.241056689934626,0.24310305832841442
1.8827186825623556,-0.6202642966676787
-0.7465087851435591,0.2937473516739988
-1.902205207462969,0.3265959599163561
-0.25238870173131234,-0.5133130890056609
0.10255734895148813,0.7837313967528776
-2.6197000883685506,-1.3980980146818753
0.49747150068864415,-0.24439983553751055
-1.5707363530353968,0.5558584593174067
2.5665432137861814,-0.287584147592097
0.7859407681151022,-0.20675440342927123
-0.5998499851639748,-0.13778586119228045
-1.1177516554760256,-0.8356012406877456
-0.15745156134543592,1.1739009315742082
0.9191861123749345,-1.018037671922815
-0.03824119287779949,0.3181593274098852
-0.3257382107052849,0.4136478982823735
0.08755543622684347,-0.9486219012089668
-0.905788396855432,0.0731042543807433
-0.5148088902645566,-0.9096321727447022
-3.1286886583575058,1.3910424750559454
1.4605893462785517,-1.138782936976213
0.4481966704826429,-0.6538970942319644
-1.1601837660501453,-1.2242250083555806
2.848102472032858,-1.357698726867552
0.13052472058857983,1.5912152908822934
-1.554215357962795,0.5427746739125621
1.2851061322056876,0.140293425700544
0.5970723247638937,-0.6565769633469216
0.591869978226329,0.9076118110467684
-0.6386334069773858,-0.824222439367453
0.6757435856670521,0.7936392943301029
-0.3926374353316418,-0.8725112766056362
0.8339121774687632,-0.6445077018756719
-2.857416681015958,0.7582823861179211
-0.6508101944687836,0.8638273441557671
2.5832326467122924,0.5974729338967611
-1.1506011831004508,-1.0496741157567948
-0.9057574462397799,-0.44672686572282877
-0.6719420076749627,0.1568987411985134
-1.822209203832965,-0.8492809619100916
-3.3124211643423784,1.370962760129293
-0.34587959778541927,-2.401946943950546
0.20378913612248534,-0.7787395153691529
-0.07875760280797826,-0.5095665028698317
-0.21731784292183026,-2.8439436647717677
0.06456130627558146,-1.3962291302361909
1.534262207326146,0.6252895125420684
-0.28566927889382515,0.030283636552963802
-0.8611238656309044,1.5731360220429027
-0.42168822733212946,1.545226445884819
0.8690201396351636,0.4330463786039467
2.118040317814874,0.3132382490007116
-0.9422156087537674,0.06593110857890049
0.14840068054332556,-2.65508201787949
0.5075361629039394,-1.3945595133260753
-1.4888670100932344,0.10067550309893408
0.030625750819377198,0.6160257087476715
-2.1985107860131428,0.2896698121381407
-2.653575455609098,-0.8924649677156576
0.5501196118383855,0.9374062824694956
-0.5758121119961742,1.4824440287546365
0.3034206114318287,0.9379896002913398
-0.02684246551252508,0.9895993295904707
-1.464600072995696,-0.5592257979552109
-0.06788145294650472,1.0759341227007992
-1.8496519575222827,0.14575863932765726
2.086458537002101,0.5115555285220048
-2.0339555172899457,0.3654318428247091
-0.293677906452872,-0.12148710544041103
-1.5634073820708725,-0.8600024751223019
0.8556317600411933,-0.08213666355404634
-0.49714705692225425,0.9867616174828228
-0.7780000794318152,-0.4414758053129096
1.2798023175773316,0.893347262608146
0.044145887516328274,0.7370706706176718
0.7749666689039509,-0.2989373970198303
-1.4719889047761971,1.3888001036195767
-2.1072254158912602,-0.355546671190706
0.16081194306020047,1.5095468626126316
-0.47826953324209687,0.4341269815409725
0.9396520086809164,-0.015865918453513532
-0.11986267899382455,-0.8878013803376538
0.30761300885194487,-0.08826023013504129
-2.4350737949118653,-0.20375951349442029
2.8326554094213847,-1.2582963852509055
-0.2463629775480478,-0.21761542271766712
1.0463804555087985,-0.8038031800970857
-1.2541375053294397,0.5859917689787818
0.4620148533260114,1.306280475728203
-1.954267145287118,-1.2269156762952407
0.6781017573895065,1.7123077283669226
-0.5339611265787492,-0.12855103438512974
0.04378575590335117,-0.9750213849385142
1.0469610451951463,0.7577547802081833
-1.8488104668304204,-0.446454478255048
-1.0267375959191956,-0.08173667603149418
0.6859864216301482,-0.4042782442120789
3.14733221182012,-0.8167379318649001
-0.20712350199222263,0.7239970324019037
0.8867041768858988,-0.2863014028941872
-0.1604572047877201,-1.4366517921792459
2.9133683921344495,0.5510601242159328
-2.620832500447883,-1.2055823510237553
0.141931567004037,-1.1532601726752587
-2.4383160503430914,1.192606204977316
-3.759857355805075,-1.1963398992102119
0.44619307967672484,-2.3164448569274905
0.2092466942211883,0.6228614849614956
-0.4272554066133021,-0.3038634294811303
-0.15929113505962972,-0.21765512113811641
4.647449151106886,-0.3145003933502
-0.3872627070471516,0.2316699390187268
0.7651865418751123,-0.7527192419030679
-0.9740472294208213,1.4761148745657644
0.4428488625609047,-1.4762304803093984
-0.35735051258342626,0.4448749166771231
-0.615777724094595,0.6421210038765839
2.7283477983004873,-0.7596517608333779
1.7657774447765084,-1.0237344452778183
0.205119971098846,1.0171742141701563
-3.4563179039159504,-0.9908607540167149
-0.5415138348788545,-0.6066639407505668
4.054541346607626,0.8873089624597463
-0.3459924999595622,0.03474123353902422
1.6548263580804872,-1.7971436676291046
2.162913602928901,1.7470591445535142
0.3284458737839626,-0.530010758779966
-1.2627324478022284,-0.4027572899064173
-3.6529684976743324,0.2557842523263653
1.0262448129134318,0.6250767970040728
-1.2221340042353221,1.961104291291467
0.26422567783153816,-1.6600681494056964
-1.874730509384046,0.8259522089259458
-0.3978563107053033,0.743009694050077
0.050578582351579866,-0.1371649108741167
0.4028903715664468,0.7872736948162223
-1.6722332810286213,0.9342740176365468
1.7953664231420285,-1.3819627849870044
-0.895342177097957,1.7497665058808303
-2.511704190679868,-1.5587622531381418
-0.1635351299451957,-1.1353162812387732
0.051562963539690136,-0.2617876736240963
0.24088414975763967,1.9249405131870565
2.043198605527619,-0.30825662975338647
-0.35467325510378905,-0.03193389005081067
-0.17942943655315702,1.4320786039045634
-1.65477657184964,-0.30031814256547273
1.2308302543318455,-1.1784367129306756
0.2764635961171552,-0.4172348352383145
-0.6300415909412438,1.3707918338057774
-2.8570120401981955,0.07086499705513648
2.166618292582631,1.9306582590562598
-1.8415199466840857,0.7379349262621552
-0.8869170140545585,-0.6448089363934834
0.5375167666140048,0.05107630446507834
-1.7948368929250298,-0.8532181181418795
-2.2402646673797153,-0.66843303064877
-3.1859213740509973,4.479084251025757
1.0814954293584538,1.018624510033811
-0.8177793670894828,0.8610979890066731
4.390905138709995,-0.623180315308064
-1.4915325984463101,1.569584066281079
-1.382176535143382,1.099415601792937
-0.8480894554281022,1.8816212893577708
0.36470198270773363,1.8331141483984492
-0.705305008177967,-1.479089288097522
0.918498321003768,-1.1098394892699073
-1.4678825849829815,-1.0037878154636364
-2.0723875776953715,-0.943940643332437
-2.697322109113661,0.3234523642603904
-3.335361251905795,-0.5668034520958176
-0.7771035292125852,2.0725985407625185
-0.45147046858983286,1.9046798820816377
-0.947155541224775,-0.006461594079039767
1.865108695780743,1.9553262161497902
1.8420453144122027,1.4881346272402018
-0.5022044811667528,-0.4507065591772589
-2.6908816697879443,-2.0092153440255616
-0.8500576620825793,-0.21796838496072934
-0.8997320908755921,-0.644622131078473
-0.985702443417087,0.20650562514583037
-1.0465783558473674,0.08922828687474911
-0.9801943435872108,0.06301765889922856
-0.5798124238466397,0.5236847413791645
-0.953311648223335,-1.2125219470836786
0.3124837629383882,0.4113602775697078
0.5405530738572917,-0.4396161530170061
-1.3659676307737347,0.199982199863687
1.9065979890105502,0.9574098452321899
-1.4700934527609213,-1.2243997732210297
-2.4267009207230057,-0.2812936526695694
0.5711671070475776,-0.11853423402886418
-1.2261122016215098,-0.5142689715706409
0.48193720613608204,0.8998294961329573
-3.6055029016507953,-0.7203883588004716
2.0886839122246013,-0.5554003994423388
1.0084401120606032,-0.7099191329520645
-2.2507148237445023,1.0920554114388017
-2.2181656857694287,-0.49244411241221675
2.5083988561462913,0.4600453908835562
-1.106069855246938,1.9757051012300741
-1.2512772730989357,-0.07481842035058532
-3.3990781412239244,1.1120606800331574
-0.5261673084023313,1.671354084093128
-0.34157942225362925,1.0271915600404138
1.0732396451542279,-0.016801315977740417
-2.098617642276713,0.6421077589986135
-2.2804301883609144,-1.2873785931353454
0.6764439521647153,-0.780043158149952
1.5100951068405972,-0.604675181631919
-2.3567285266768248,2.240612120174282
1.622271129449612,-0.812584514255267
0.056312762230232176,-0.8274767512618296
1.6377080086119684,-1.0439209802489835
-0.10533054227642485,0.5598117619307609
-3.7834168762319256,0.14262139266888282
-0.2279510734740583,1.0867589770265649
1.590215728006905,0.6712596660773543
-1.3406190286255715,-1.3803898467240674
-0.5819474533611783,-0.8072777700103707
-0.2642002553264674,1.3653287482758214
-4.349270819802722,-0.203298244576805
2.5070213631562144,1.1875918180180127
-1.3520635198457618,-0.14968094791531705
0.7586031487091984,-0.9676564282885214
-0.13005170422231307,-0.3032607776667061
1.8864285845390403,-0.9680497955496961
0.6090841836421214,-0.5655527624024238
-0.3523864072814619,0.20092570656524597
-1.3402726387789203,0.5116050903690205
1.1967760520732083,-1.5901913232542981
-2.810161955931925,-0.01736800750909817
0.9688356304138388,-0.5866157355597524
-1.648567127332309,-0.6484148089588124
1.87842549293496,0.13268461913307683
0.24194931399404268,-0.550451872689212
0.966185651775163,1.382137994846674
0.12298322073707905,1.1880618762510602
-2.628565642711495,1.1818282939420395
-1.2910937450930078,-0.49491019549030185
1.0085840064170737,-0.9624988349193223
0.24998372603976599,0.08202992938811553
1.771484857958508,-0.1503483662862672
0.6049118445557576,-0.6088231624233649
-1.4500528360539897,-1.1757344466669615
-1.194096206580951,-0.04151796926807157
0.15437608578485582,-0.4040694502524733
-3.471066099000158,0.6883470370380197
2.5101628284344777,0.6651060515214794
0.6626201045663358,1.100799805422717
1.8405518955733084,-1.2592955518800382
-2.3709059112137534,0.40105830769363265
1.8668477405328834,-0.7274657062336721
3.347248366541623,-1.2204142108110847
-1.9813175330659765,-0.4286022369487101
1.1571026923556498,1.0687049801346178
0.0016649170309397197,-0.3723183535704842
-2.316650772372366,1.5654546599591121
0.7393259577778046,0.5488785155203335
1.2504048072560225,-0.394090478980577
-0.9016898290032702,1.1600484289064086
1.7488747803828342,0.4453967721142857
-2.5001451101837966,-0.9325593884467054
-2.2421342196744662,1.8588026355805152
0.20489609338312853,0.2594788230864766
0.03807791695840757,0.018796191985491827
-1.0748602326361578,-0.8555326699056159
1.2143916539578288,1.1795382676077382
0.7963414713239241,0.5172754273613065
1.287208606401024,0.6292381802952409
-0.18470465302840142,-0.5075313435257685
0.9038704019675112,0.8341005719100684
-0.6684754545449918,0.9118135935708017
3.0807280351298933,-0.6687782387811225
-1.2188186551829787,-1.416990139680991
3.157946144187468,0.581373059338924
0.05233192063411285,-1.5733469496057397
-2.063266334353114,0.15201577783777934
2.0521190257329014,-0.4472451047873071
0.18885208259243852,1.218665210788921
1.276686147570357,-0.39284389076720727
1.8357838778138897,1.1072729720038041
0.5069333312175379,-0.5142094443630262
-0.8883612672192218,0.999991005059611
1.4635700665038751,2.0603415438368318
0.001133261181893322,-1.0680471383662404
1.0287867279126286,0.29203572173090797
-3.230595860687192,2.748782415910065
0.6704725755147778,0.06658882690292169
-0.9578787377175453,0.061788270229648265
2.479964455767796,0.7884989473510197
0.9346310218336427,0.04108086409475417
0.3597866187739449,-1.7072259945705526
0.7294649900253324,1.1322873748389386
-1.4976612793150774,-2.0029484138651927
2.434885035792081,-0.4167916511383418
2.987055627625357,1.2074257491566482
0.5893702658223245,-0.35654242864278574
2.385605352860458,-0.6936964924644041
-0.8537222980088008,0.8792639051665606
-1.1956703493374712,-0.8511147868343866
0.061387123093384274,-1.2222257195919537
0.652411557551848,0.2745139874932834
-0.5909800218646806,-0.18292329841259092
0.8066522855527256,-1.243673114188842
0.45958422311012104,0.63695253999487
-1.4974601629365825,0.4644876055772338
0.7781895261775819,-0.35975501660563197
1.2952923637822817,-0.2913320061249465
0.2572039763855864,0.47039274200915654
1.7289721548925385,1.1903614197520662
-1.826105690245428,-0.28279321010932484
0.7019256331977776,0.6546884930081445
-1.7554210595951623,0.5652002170845991
-1.6711220373496314,0.8793072927089763
-0.946396250606685,0.039309198743465314
-1.4130902753613674,-0.9123255140663579
-0.8219937281117067,-0.4624991531999693
-0.32122546606678315,0.34285346578164794
1.2557317294970767,1.818464378381593
-0.4817385580585537,-0.48401962319627845
-2.378438560154389,0.8047874435273991
1.7101017697427405,-0.32805645067676004
-1.2556352004225593,0.11046875588613572
-0.08808064065694308,1.5153967492635925
0.6698047604110673,0.7642925814204332
0.2994156276041742,-1.2412992727409569
1.6412693212822131,-0.5724750238115909
0.7185047150891384,1.2562213444413588
-1.291964369545662,0.14187804262849532
3.267843260987493,-1.1488401196158635
0.29150019500734986,-0.8189524449737209
-0.22101033993225933,0.7034935227111718
1.4458881345833565,0.9944102812176302
0.37417641889510833,0.017855301482174405
0.5988422894089906,2.475313800936102
3.73827599790103,0.8241523634556386
-0.41268214238256995,-0.2434810696329004
-0.47664134102609373,-0.8157060480993442
0.1748677680186957,-0.9748843046390414
1.607273903371558,0.3354213204803695
-2.2598010452855988,-0.48877704491340684
-2.948333837214758,1.6737437539834248
-0.8806729059302214,1.4663118029178595
-2.450884438588931,0.6330665474972272
-0.6372470212884577,-1.1789961729568956
0.7537495441939354,-0.672218872552405
-1.3361232953283952,1.2556775257411008
-2.1402398651720134,-0.563066199795102
0.10400574257302195,1.1221417339195243
1.2938152269227554,0.474603923034761
-2.542460157774919,0.05171788481318731
1.2303485974589763,-0.7028328129354411
1.2259593056074893,-0.0942438435247516
1.431127653234942,0.18964795487489794
1.8277203223075298,1.0325388983011217
3.303020886989424,-0.8857356006337547
-0.5341380729285827,-0.26281684252611515
0.16435737011678717,0.04482313193228475
-0.6246576498720383,0.6626783576861647
0.0029652671337161637,-0.9084643375227769
2.299310033454468,-1.316569792887215
-2.017521725896003,0.6739651517100497
-1.2915745082483632,-1.5179491149467033
2.065771404756842,1.2849797147621682
1.5300547603531347,-0.15592609748290798
-0.544697470225617,-1.5475310822744464
1.2816030016810798,-0.4804202194034942
0.5118237637380498,0.3791236330692372
2.250411913501482,-0.5327010875549777
0.11176439074015893,0.020029748824347503
1.5384481708088735,0.7400783657052865
3.96301786573893,-0.20219033538761957
0.8971487325711993,-0.9370576764661336
0.07399224869226544,-0.298983997371841
1.0836704778314692,1.41484013645926
-0.5479212873058273,1.685064345333184
3.5819515582870984,-2.019926173942275
0.2701065565439722,1.091027909191477
-0.4093999803382693,0.25014771603535624
-1.2535335075300542,0.9239826791201501
1.6458302874096575,-0.5504882602676295
1.3007811192416083,-1.768263509501486
-0.7460315571211398,0.5844887886474618
0.864677017683634,-0.940977261282717
-2.2628339523192844,-1.3882924314848524
0.27745586260973437,-1.3184013824734664
0.6791345281150418,0.6009137824153344
2.5609947143388343,0.13945246602919717
-1.156228204093034,0.7824660218746737
-1.9175289432034865,0.6690752544963648
-1.3431419413875627,-0.42093356458376585
-2.00485275047238,-0.07047357387745573
2.0049860366384746,-0.5114375287825396
2.322958942536055,-0.21032777286549081
0.4803248669232434,-0.967254737981066
1.831942418527722,0.3904842938743351
0.20093757087035297,1.0751207489817565
-0.142667471551149,-0.8166130298209866
-0.49955642858064253,1.2812696454013426
-0.4655864870663482,0.11352149647794171
-2.321702334463547,0.24107897640581327
0.3963821454110086,-1.6994295196075182
-0.06050086532106563,-1.807262309565734
1.1180410861168137,0.14411636277968193
0.14028524465791456,0.7897321246320076
-0.24405555235363768,-0.6713804436449524
-1.306789545011446,1.6700939005830893
0.10822985523264197,0.7349359742543154
1.107355846224243,-0.9083412517079852
-1.715008486625791,0.030848667053507126
0.13121063052110887,2.476929133723412
0.3495644272942259,-1.2425640027997056
-1.0770971754273964,0.5282699389151054
-0.8817844573620004,-0.3227445527233424
0.34591627314932166,0.7068962909185121
-1.7001315274389346,1.2672736463183818
0.5248855728740888,-0.3862370887113674
-1.3430315604888001,1.1189122717071738
1.5942805395498247,2.221203394271961
3.50674161808245,0.06627473734423478
-1.2911352025527294,0.7848886874941853
0.801311793562012,-0.5904407702032749
-1.090112857323029,0.019259309031212417
1.561431260696684,-0.17667509270824255
-1.8978876136278227,0.7969359256585957
0.720880137641569,1.2046759357569254
-1.309483450334029,-0.10965484911745936
-0.3104768836475531,1.5336228457329233
-1.5465379127209604,1.530047441561629
1.2335257063436305,0.8468537431799008
-1.2554705316593804,-0.5160265317217283
0.8279463889977414,-0.6118288167399027
-0.5161470423934994,-0.8123813546900387
-0.1717085576982944,0.9491660702381609
0.22163386110019279,-1.2117682074893643
-1.142737007488273,0.6768376541110072
0.3155506703113304,-1.081109347824113
2.2955018465316166,0.8235461198419735
-1.1671421787490714,0.017219582730560564
1.757715214910767,1.3336385618598274
2.2471464502316763,1.141454578321271
-1.224232483542066,1.4350654120021116
-2.1825819076358277,1.4608187182891128
0.45294135025764704,0.1436308339881977
-0.8211112841503094,-1.1587930664246047
2.8029048287445035,-1.0525230549973785
0.0522113107497483,-2.0868485293159376
-1.2032991120527687,-1.0836658334280935
-1.7207392665175671,0.06882365770464906
1.6348574386362453,-0.5596541808251622
-0.8567759611262797,-0.18013560440985132
0.06574319919064239,0.49271541946140096
1.4337041176687213,-0.304065258065758
-0.7263875278962453,-1.1218288004125843
-0.06889324311024096,-0.05323366756343213
-0.024852614733780115,-0.8984904867728449
1.0249867672741377,-0.2707864969790631
0.8861165032654887,1.3427769644230034
-0.3301705968822428,-0.2705053040961747
0.09547359224477656,1.770957553347745
-0.5576685172852326,1.4316359869379698
-2.216418610379167,-0.5793053085790432
0.38640128609719404,-1.1111237664157756
2.8382876412496016,-0.05255416192019341
-1.3255787110365942,1.153327763396889
-1.1595445644040545,-0.4901909062286882
-1.306091657465612,0.908090298262139
1.0868876680846837,1.2084399891360882
0.6727281812946602,-0.7740256503626058
-0.23780653862468507,-0.6760510882885871
-1.3770285924584473,0.7126620321270069
0.13856518745988644,0.1518475496415706
-2.3469331910037066,-0.6860615265436788
0.21513985028623983,-0.3521804481195873
1.3072865791319013,-0.07051955272741914
-1.8767987049505168,-1.5648544249554606
-2.2987774152444955,0.7656431064826952
2.369156837542289,-0.4786921889391912
-0.9176394592568773,-2.783716223798099
1.7039217689157329,-0.023870968309452716
-0.23099649779674755,-0.7415712588935076
-0.2429322254119912,1.6888221923026767
0.6576190492449678,-0.5854450209199682
-1.325998285119661,-1.097643363578611
0.1987457152434683,0.5079326699620159
-0.5722341222361391,-0.6604473680075832
-1.9807401651075471,-0.7794562012522323
0.5062231120895986,0.5095013828244059
-0.3949617103168742,-1.040467307889566
-0.23553724266706172,-1.457273658199453
-1.8152414151212368,1.725998002094337
2.387100551644206,0.5794987376006449
1.3150712795791741,-0.26420928499436513
1.446233826257968,-0.003477209701936022
-0.45816705366252297,0.505864358116156
-2.5937743342551305,0.9733374496134207
2.9293760737342662,-0.7559752913150118
-0.0916462620088022,0.36614652596568237
-1.1231996940300806,-0.5067041762102386
0.6252023617246708,-0.1889812445126243
1.7506811820049462,0.1606928674649046
-0.03457583412819929,-0.006678573052672211
1.9178627519090616,0.7355668983025718
1.6244999077753026,0.48708655911559395
-1.6145717811030875,-1.5081692093721777
-1.0106851584892147,-1.3578232070654421
1.4363057449196512,-0.36971668475929287
-4.068918845715657,1.8286252624418249
-0.22418353974748317,-0.8515918325016023
-2.1462468024370076,-0.20822270961275288
-0.714830702150287,-0.5363460269565219
-0.44823013354380625,-0.55404438408808
-0.5373665668612619,0.17823974390505556
-0.8283918781689128,1.4007772761956514
-1.6457154744432212,0.45596839988058907
3.437866900228029,-0.8035309614270922
2.801193006242026,2.753229510803207
-1.7430987303844245,0.07857322096112584
2.373175126955351,-0.5772209563821133
-0.5991982357092793,1.4120963746775894
0.1937812099975657,-0.4690706179438185
-0.0949109398453738,1.6629136549874428
-0.9896229618809487,-0.8706427909666666
1.47577851540922,1.4300303889213692
0.18882979586498672,0.20104766428169443
-0.7148271348288621,1.2910522327024336
-1.9568841657007088,1.9017657087015443
-1.3403925205786806,-1.1326072905212539
-2.4620701734031454,1.2757718207583224
0.018335322622754197,-1.4089039044254048
-1.7949983884265936,-1.0471843552482283
-0.3983407687778119,-0.803409459792437
2.0551527804155563,0.5036366361778611
1.7989493593823784,0.033015876934859634
-0.04841534115392672,-0.16713608416283599
-0.13062708921472488,0.14623527902236097
2.819811824131512,0.5912895892934729
0.7811341805380668,0.6682481239413528
-0.49170968981478436,1.094166835615131
-2.139027175680678,1.8200348127674395
0.5908098272471148,-0.021362372441476974
1.2439856588742937,-0.5210889621309163
-0.9474772867704659,0.6135361291851883
0.43680413270704876,-1.1442548162646202
-0.5453599423725437,-0.6787041321116114
-0.2760485987985041,0.9993809463927898
-3.731733086343497,-0.12412837481770417
-0.33267210557420324,-1.208192458358039
1.4540539536120813,-1.4898030653651742
-0.9471038333498374,0.04871667939380729
0.0787895523229744,1.1418965369680099
-1.1339260600378807,1.1285457775311865
0.5406625144391594,0.11088050289283735
-0.3247847963042604,2.008909419096128
-1.4088623110230103,-0.10482036594046269
1.9988272014976918,-0.13856762339741077
1.3933980202983227,-2.567435909739
-0.9073601458922622,-0.44736294916121566
0.7466824641266661,0.8520150349084945
0.8061180042305711,1.563961336859704
0.9634518525167639,-0.8302346336672846
-2.541383843992617,0.4622523292930485
1.5099098115489418,1.0468790323232877
-0.8545484443885971,0.011208153195899085
-0.5367419001619004,-2.2832804575272303
3.9568226283903,0.24728999957425232
0.45281007108151766,0.7614306240608931
-0.5794837131707633,-0.9474228950184589
-3.307941559133859,-0.254154530874387
2.0846462009195332,-1.1554960421287641
-2.017814506212904,-2.5701475485803527
-1.5051583552492551,1.0270044117876564
-0.49702844863177376,-0.0037485338018516225
2.1246176875504386,1.5976749967049828
1.1598599799986389,0.8573221919061772
-0.23675626476038994,-0.35420976166544893
0.4624380954582315,-0.08318066010440868
-0.9005785393066587,0.5661773907701725
0.20948053434802621,0.9668834167557434
0.11000511716720501,0.3226706307420114
1.45315484352203,1.1055931452894843
1.4507671836584244,-0.2966687366744715
0.7409660733084672,-0.9971435467856863
-0.5435213363191533,-0.06480925356113022
1.11273344158519,0.2051848907361836
-0.1379526993045699,-1.2015353947392868
-1.6228715530696993,-1.336722084146622
-0.6049316878664079,0.4473862964734275
0.1267904756764868,-0.4063568513704236
1.3653236754971179,-0.1658409056620021
-0.27529225823572956,-0.3596926657008235
-1.8137980668594091,1.5206009017632118
0.08511252494522911,1.261761160395
0.17018406008482856,-1.2373536900391682
0.2787564433541296,-0.532793213080447
1.3798072739316454,0.850004267969593
1.5283848601348478,0.6019362371032422
-0.8913163085724999,-0.04145796232978563
-0.9242151870734152,-1.1376002049642353
-1.5602980664332096,-0.6825400461535457
1.0482235054207145,-0.5167675675462897
2.1732301625065733,0.2769943311191006
-0.47262289186338513,1.7037271546972377
-0.36214584708748965,-0.686880234788128
2.200173835348464,-1.0260352475552401
0.7583367798225116,-0.1085864768279433
0.6543535572015826,1.0317389805140589
-1.7863747589605903,-1.4468829667607033
1.0180921039191284,1.4536341508749477
-1.3937045107646373,-0.1720313621156695
-1.7010302789024372,-0.7343200023133737
-0.5201573651500683,-1.6001892867621594
-0.8786890851730352,0.7065207734206274
-0.33239954157755897,-0.17117119524153482
-2.161472451787378,0.1707054827545068
1.4382244597015088,-0.9008117410113639
1.6915294417746436,-0.31909603425102373
-2.9210137112112213,-0.4865812463547379
1.4676867084998253,-0.10059310537820755
-1.2157929447324394,-0.6695523263758105
1.285463305474179,-1.5341809606872214
-0.10266973899962346,2.728499745296607
0.04316334612149788,-1.363404247337514
-0.2776464741318281,0.18145900694253897
1.8181938063502292,-1.7720278284240423
-1.8593820187875423,-1.997047436617975
0.9117605081025129,0.09782649185226754
1.6519952473343256,0.17436758776830327
1.074510120810616,1.2614989908023837
3.4870483714851264,0.3995468410157058
-0.7934201440870483,-0.14981071874579097
1.4359572338902968,-0.9496002440650042
-0.1591359530121305,1.4990120682335486
1.8501091145290043,0.928851246050224
-0.011533493582054211,-1.2463294777484246
-0.5818136727937043,0.03796372821063529
1.9591083058074434,0.14405223152649677
-0.737342908528395,-0.3456536566056691
-2.119088638350834,0.7718504858067948
-0.7752703247607429,0.8317331383481771
0.9285494198827987,-0.19048569780510585
2.088058127380637,-0.28086924579765843
0.16669406294476816,1.4989584626675316
1.977295600851038,0.9328388923622372
-2.03726238221639,0.07236038990838448
-0.6648951972268544,-1.6292090390800535
-0.4328626757311518,0.3440001063050359
-0.17183914120877947,0.6980834649176682
0.12614158237529477,-2.754521628398373
1.0363664360882892,0.2518694483180255
-0.6672102572557355,-0.4166919867957354
0.2085430304296884,-0.22085428012955155
-0.06768433548607748,-0.9073809527633206
-1.3888348558367247,-0.14818929040364195
-0.17050003362215307,1.3919915761813313
-0.2154892948456772,-0.44639849881551563
-0.24762084750456914,0.9655735587931837
0.047639184872176124,-0.8063312188796102
0.1135103109200792,0.7587561926560389
-0.6484427686609954,0.0016558556219512324
1.9090721009568972,0.3520248287892806
-1.7542209438045249,0.007153256097487521
-1.0814551627048443,0.6416252324412085
4.169945436335334,-2.567585117933758
-1.5569870324838448,-1.4198253134575696
-2.030632012064638,0.41708049800864466
1.1017151175018267,-2.0435383538962357
-3.1156797806608107,-0.5305803556472093
-0.35291086495865837,-0.05434084103664975
3.2187373876147327,-0.8281401376128967
-2.3174038832301007,-0.6915614026937736
-2.97294672860807,0.27158220015359236
-2.248771802936547,1.0092949557798092
1.3475393525204784,-0.9584493812548077
1.6871650799787188,-0.5750581961873702
-0.7688831954677632,-0.7312609733270449
1.0248186060016033,-2.4213797518772786
2.085382991267984,0.14171179031750872
2.6810196216447384,0.9347177458284922
-0.3695029217697723,1.0166432073158822
-3.4522075765049802,-0.8707663764407388
-1.23131838361453,-1.2516980485201425
-0.6402062924028864,0.021605547591684655
-0.3884081948675859,0.8292736865664673
-0.28178910151307923,0.15485044831038394
1.6783418968960038,0.28930463587376126
1.911642640031372,1.1418309277362335
-0.257510480887175,-0.7391365592307034
1.647727314077728,-0.21997008667302992
0.5364920499466341,1.6346055117612015
0.09675895929385758,-0.19681112309762697
1.3598162356649457,-1.2673369659665712
0.10837807235687372,-0.6693560962502948
3.0867167656466434,-0.9381798512212423
-2.157616750191839,0.35716258570127063
-0.7727563486380267,-0.8959470035887789
-0.18977834543092545,0.2710342528612446
0.6591790356869859,-0.7360652185406498
1.9019407306546334,-2.123378538398228
-0.036597850854234976,0.3066197869819221
-2.133344474259311,0.1484636815468889
1.2637708446825064,0.5177578157088407
1.1324381492129467,-0.6729872191652566
-2.912787989069109,-0.7795444753593765
-0.0057062005061990755,0.4014668584815456
-2.385212746020447,1.519019572530981
-0.9969766462530938,0.011168009506327682
-1.3542133904441997,0.42458509604714495
1.2138970473629787,-0.32158768442570723
0.1752452612582757,-1.5436305218736848
-1.9283865011340415,0.9674294191540579
1.3200989444360134,0.9084142390861619
-2.1507087358926213,0.7107740251751941
0.4951706857064154,-0.18194543834241864
-1.2210160039373337,0.5970560997385407
-0.5485156237957798,0.8937617973878307
0.756406122057576,1.6201586849567073
0.7821740985892935,0.988526104647442
2.0054536103339404,0.06382122503363889
-0.12338054950717975,-1.3082532554243715
0.459676294445011,0.15565829767174108
-0.6566059836064869,0.2565773958493077
0.27298482393419643,0.709029775318304
0.6592290720127676,1.3538918593234255
-0.14746477118156404,-0.09515051205677928
-2.705625726138744,2.1009871898131114
0.497206344496343,-1.7592870200405772
0.5468422160331855,0.41934187246162524
-1.0202602145219264,-0.7985203921840281
-1.9265805541087713,-1.907221999688803
2.213818725755948,-0.20177437629915856
0.737168266341603,-1.4571726984209565
-0.34362154638256454,-0.16142789803281682
-1.7055493247212312,0.03476924809445675
-1.2327222426320188,1.1185414093359494
1.9538855951793472,-1.5075851347639375
0.20649291130206915,0.9084451656457725
-0.8258806005010599,0.09808045027979402
0.7645338468369842,1.0288491536095945
-1.2215972811694855,-0.43175117503112775
2.2512645454205673,-1.3322445867634454
2.0292008023450876,-1.2174993262158662
-0.6998611068041649,-1.291807453667116
-0.9430053705462906,0.47781415292065516
-3.9271997980384197,1.4769220222146995
-2.222371157327052,-0.5649515266552204
-2.0092046624366344,0.6291352982577835
0.20278551148107882,-1.5234420581356198
-0.48935055666203936,0.180321249177299
-2.0180032311228624,0.6685626163371267
-0.4217460636968359,-1.4481247752768684
0.7580057214710227,-0.20388346897985454
0.7917590248733807,0.7159171404855652
-2.8495054212883217,-2.933770647229477
-0.19239522072574622,1.3354530617017426
-2.0750111654574157,0.35367937589104814
1.352593045710411,0.7167276477173428
1.1762196245302476,-0.41271927919476437
-1.3470408394866875,-1.7227224815653555
-1.1490678036006,0.5340629563169517
-0.6919005757474609,-0.08259032541651207
-3.3791900920970086,0.03211545543232061
0.5039522601608649,1.0876069851989536
-0.40926681951019606,0.762063873862598
1.4552626238517887,1.9212374170896127
-1.647613826943829,0.15385422887349898
-0.9286844223748975,-0.6912124377911172
-2.259787887058673,-0.18841684690872626
-1.5064358452413797,0.41566337253860625
-1.7729729941023284,1.0158565189929774
1.4939605182696685,-1.4670339514387187
-1.0473927731270885,0.008537615179168945
0.18626352711692018,1.6095416570383692
-0.5711451057927066,-0.2402088710025202
-1.9041978990192194,0.9310118548691044
-0.25245063475746404,0.4931175272160051
0.8986549977953919,0.95586060652498
-1.8116390888150284,-0.8097605415999324
1.213669186097068,-0.8054016700655807
-1.2745813822165444,0.020271892122288065
-0.7244758891092611,-1.5322217872403114
0.7960246845150718,-0.2697406066116577
-0.995154235829232,0.25287665751566707
0.056362289003798416,1.7846356069497724
-0.47203624318213866,0.40271818926982167
0.19405201005572775,0.6252284708731023
-3.5711086582852456,1.1644758470500058
-2.7445227228121243,-0.9646575888950566
0.9239505090702573,-0.16508266237098573
1.5557721084735754,2.4254125918038927
-1.365730055297282,-0.07912222238450871
-0.3660425282567015,1.1164307487822072
0.44207887935345236,0.9637378771731072
1.0398264024880564,-1.4781137143876892
-3.041515907506273,0.3104792770059333
-1.3290603704675656,0.14674747220522566
-0.49886906977481243,0.3299587878404347
1.054710295854074,-0.75411247979106
3.747645725582242,-1.116919511912159
-0.3420085902145768,-0.4760100000208513
-2.1104661931559834,-0.09779499708420289
0.603402115801947,1.184984447600316
1.981493684311065,1.817310819725607
0.16202118146925137,1.3965978462231778
-1.3599728177314392,0.8601852107818442
1.4369909122200286,-1.0043402622995898
0.9953184277476524,-0.4088961749894955
-1.5391212662934366,0.2099260524129978
0.5721384263015129,-0.632439038076175
1.495898351488309,0.5772056525279509
1.7728350638383406,0.7204861082542877
-0.09967346296418395,0.5362900625654685
-0.5371191692689783,1.0251346045575813
1.840910733121894,-0.9045912137130739
-1.8152407544713276,0.9328287040921978
0.6578689363815081,-0.6956454501201963
-2.055039941046644,-0.9409359526428854
1.598064408389404,0.5321161341863817
-0.38706827341674227,1.2158735621989807
1.902874853471204,0.48801348637600983
0.7371191345332905,0.02080402377254423
-1.8348303450928949,0.31015382610150705
2.136941598115865,0.1364269180672801
2.326867899641594,-1.1259508961353941
1.3234297388988234,-1.2426201449449152
-1.1423817975543298,-0.07882587947345479
-0.4590209315361133,0.07985683576930377
0.2181408261086391,0.011332378367734082
-1.05556559899715,0.6761016136499133
2.5385198586948072,-0.2154767161643399
0.21648970758905522,0.562979181904856
-4.055022070661035,-0.14458676732644785
0.5090337191343305,1.823358962036466
-0.5222360952259697,0.08071372672644667
-0.11238983417767182,2.340722611525677
-0.5529290486785494,0.35201159109086433
1.2105696249100308,-0.21367717058821567
1.6795316678300718,-0.8994479762596744
0.4245797433879806,-1.4428885740576936
-0.5089667807072386,-0.9914422843961568
-0.062005807213755385,-0.8796063091639899
0.02939942486644244,0.3948200204121767
-1.2036450597972552,-0.5261653710601875
0.8683929728568522,0.18692705255449762
0.6900634857906993,1.281978362376686
2.31066185966501,-0.0878083516348536
1.8830246704327125,2.079156698466804
-1.0285123763851953,-1.1758109803391978
1.2304475617634472,-0.15058354837492782
-1.4264300746417073,-0.5393129236109787
1.0438981514112746,0.9365066060570079
-0.7749212981401618,-2.239791630366121
-1.5348798350633768,-1.4431152891778112
0.42006801404610666,-0.10734682245096279
-4.011850692231211,1.5513777210094932
-2.626463361607842,0.2258418340373073
-0.2662378256614248,-1.3515474542642338
0.12366264995226368,-1.1971665926902302
-0.5539781552372833,1.6729897028449527
-2.369154448076398,-0.6211347987962408
-1.2268377632077583,-0.942963372449764
0.5868139908560908,1.4773725606308605
0.8726726559425438,1.0110970055869908
-0.02433467639391186,1.2740596432667959
1.7352506715554834,-0.9500418802658166
0.5960955351888514,-1.5251056410143606
-1.1211834809373182,0.1331664893627056
-0.42075308011742607,0.33512613307366396
-2.104299235811782,0.3646018037048318
-0.16220848558712514,1.4781839356390019
1.6681509288320078,-1.7337670900082482
1.0279351270664518,0.8596950512977658
2.1030139888786827,-1.0966250441473178
-0.4543278656984897,0.8557353208608411
2.0191496917713865,-0.47495670452137745
-0.28995633967195483,-0.8139717958905116
2.207377623854841,-0.6099027069492022
-0.03278512116318552,-1.4456102007765625
1.060847060706415,0.04042893983346719
2.2126685464647835,-0.7726733906604571
-0.29014144287180843,0.7862982309002783
0.32758348131626125,0.6400560810329173
1.9332951378094534,1.6881570529027907
-0.19950474589509537,0.3663274835410772
-1.9813384237592415,0.5206777670800737
3.2145105818773647,1.4000998118278138
-0.7046466965057052,-0.6276626960266963
0.23813407640631423,-1.4882582128230326
1.7340100041766906,0.2000940591283936
-0.9127408555968027,-1.422633469214404
-1.5118018698331954,2.45393867292539
0.3806059451622497,1.4554982920789432
-2.6896145968685845,2.1639763333015805
-0.43185911530188037,0.062446976663129296
0.3675579964731089,0.5505735937015979
-0.40492784523774616,-0.45947543195264406
-2.3151764147786205,0.882924805586752
2.391266934306018,-1.215543212051057
0.15530723092376308,-2.543093189474779
2.1467281766426116,-0.7907106194885667
-0.3900543752706671,-1.4554734756173158
-1.3200179725361458,1.4779267361595356
0.40377138038273985,1.815677455080316
-0.3236806894923294,-1.402929072413111
-1.766642186987037,1.2917156075212395
2.2046763881812437,0.9513849835007704
-0.933405334340994,-1.5697766847188763
-2.7603995771933527,-0.39026753093161815
1.9922490809359992,-0.5801637221245197
-0.7564470237189349,0.7479953986272
-0.9117358389234365,-1.2287793509050138
-2.6480813805449612,-0.09887262565948246
2.6114122298954863,-0.685934503949618
-1.9342208808145314,0.47334118338514336
0.08767422105847483,-0.21679203168792927
1.3689304838106606,-0.5352457039403952
0.6325753995046455,-0.21329657563207796
-0.0894814679882874,2.036042832840112
-2.5524987874311242,-0.4168996361193892
-1.214587253650926,-1.041005218283787
0.281700507063783,0.5834335691559652
-1.1807611049804945,-0.1435246694229566
0.3050391899981516,-1.4152339308664725
1.0226151132227126,2.231496335202466
1.4437543287001526,-0.3524789455866479
-1.839269036719025,-0.3778694539613512
3.2949690824684312,0.15983535190809744
1.1512190168311958,1.7301167692088393
-0.0025712305035959357,-1.6797453265189957
1.6343048746149609,0.2759858494205397
3.5481116579999603,2.0872721617936274
-2.1580801515853043,0.12872868073964833
-0.3378939637370304,-1.2353339793034797
-3.5676474898099926,-0.6183968529606526
0.288977298972037,0.2068825297567905
0.5480913628877111,1.330803915639862
-0.05874317316413914,-0.3393358444160607
-0.9818003564974649,0.8266517974324317
-3.074271774282488,-1.4353688270468892
0.560300525117653,-1.4437183695950546
2.1831517258729876,-0.48280068868494963
-0.8865276836001481,1.4380287218732621
0.6600898935347175,0.0688746395137692
-2.3522164701300756,0.2898111955666193
0.6858195955387708,0.2780795955735272
-0.5900734466169856,1.1092079825867307
-1.1436269259043716,-0.6102206925378539
-1.1405454618241957,0.6882851084882323
-0.5904173730495149,-0.8308826638551301
0.5736499735388031,1.9832726559207603
-1.9682448017932765,-0.8003911042966898
-0.5956729973517793,-0.8823893030786208
-0.0622076669987215,0.5496698134880496
-1.6485588367977888,0.07978843143232382
2.6949978025125256,0.3268524062609343
-1.2802432200920124,0.22731379549231806
-1.0041553704502357,-1.0903921988074388
-1.4674619247337468,1.613358929079484
2.697720130707176,0.8935422058891094
0.8293578428992223,1.358949951267116
-1.4048880093654632,-0.5283308891104243
1.659347338289953,0.4165235447151714
0.3010480414333174,0.1973684622346911
0.38588013166725255,1.1280026262015077
-0.5167158131286791,1.160248131829619
-1.12412398043546,0.19305080295811483
0.506649148581902,-1.5179511318432517
-0.8176308449933856,1.779661887087689
2.725133444362657,0.5559874336901389
-1.9039366578646564,-0.6084370413911421
2.3042351592824177,0.40654213826669494
-0.16697827319670103,-1.5110935484525234
0.4486286010316588,1.055353067471044
1.249736649944152,-1.471211744279153
-0.9453739425066544,-0.22083449203708258
1.2963725770479548,0.2444544496055498
-4.061315783071766,1.0388397119820936
-1.0799842998329088,0.10654467643437403
-1.3860942110115981,0.6349628736125502
-1.8802590185576424,-0.02816690844955293
-0.3224322571184267,-0.032185950944282664
0.5786249522725422,0.08547725034829733
1.0539899977489586,-0.1890579208523746
0.3613151358006114,-1.6865702430814355
-0.9985401973403203,-0.7683234936966282
0.5535246567377508,0.24477484111169842
0.18642854227627606,-0.2491210034887189
1.4040842519040244,-0.1558090821819066
1.165405054397275,-0.3233536694387154
0.0457146208809433,-0.8635983927318178
-1.3458795092418852,-0.49309946097629387
-0.9794252337481213,-0.30683174438859473
-0.82468403945705,0.005143140541849398
-0.4728995008743836,0.3933783444697123
0.4020756413846299,-0.1805502908857391
1.0727615851920875,-1.0296552556924194
-0.07667803952306648,-1.3980820399187832
0.02418718185070866,2.5974372073752243
0.21495945750000556,-1.129815030264563
-0.77385796969851,-0.5186250012643829
-1.388088386464434,0.5170003025139351
-2.633156845966065,0.3608606095656809
-1.0427240371153086,0.5208656925615726
0.7097181799016804,-0.44271706953217543
-1.0543671570593511,0.23855807063954726
-0.35671055613890956,0.06134366424086365
0.6996469311184754,-0.31213136754128723
0.7810342446340031,0.2454097417713399
-1.6192992782490585,1.0553655467507066
1.4955890346804621,-0.02220022343532477
1.6910251340332279,-0.015547153643574597
-1.6947747858278397,1.0681610348759842
-1.235755304461731,0.9613603598188132
1.7866360247192874,1.5839364409634833
-0.22028028188295132,-1.7562302344795768
-3.3296669211777763,0.9051191831693894
-2.0995222570990295,0.6015800454021792
-0.3740544377587218,-0.8856523977532653
-1.7445639754269027,0.25158791799884483
-0.620135655954662,1.0511217477579984
0.04859432052536809,-0.8291589224854
2.1933819060520934,0.4425624290228071
-0.43568087434168357,0.8713536757310174
1.6088126993591383,-1.071019562531488
2.143140243055156,-0.142285692445148
2.151464504028114,0.30096837664241116
0.4271318900783524,-0.7961315055429548
-2.9449337217584612,-0.8791531990935461
0.6912372981057979,-0.1350446018627742
1.5725998317203116,0.801639716903692
-0.1216006581531257,0.6437340011921098
2.6168758051128727,-0.8614127291863422
1.2897503422011867,0.6521678851156861
0.8524100657291764,-0.8359397761665085
1.6295710668087569,-1.6101697979934344
0.5000547768913172,-0.36714357104723133
-3.73921574909303,1.1229693715857356
-0.7487084272055484,0.6559605521413735
1.7957520408717804,-0.0015718073731942623
-1.211387010147444,-0.4167054835910575
-0.3352087578554087,-0.3897621361164312
-1.5672544708546068,0.10878490586079616
2.6758838928026534,-1.0684374858458288
2.5222386861270234,-0.3481073452012972
-1.325803342711094,-0.21556946135976882
0.22094700058362599,-1.3510744584514975
-1.0207410716460714,-0.8384482508975749
0.9224169585470672,0.4105067914863815
0.7645246158634935,0.009511839940994225
1.2175583574198983,-0.308761791193383
0.49787767156183094,-0.9114274375379638
4.403109309582702,1.576849825589217
-1.5418856475161085,-0.8379792146793185
-2.565905031654771,0.25159280726173744
-0.5896353010521922,-0.48786908807379537
-2.351982398340401,0.03627929263833515
-2.2386934050089895,0.4576097419403723
-1.5019719812969505,-1.370256589207886
-1.383283358147441,-0.006616244153488004
-1.4319271529250903,1.1907286489798454
0.7773284256681173,1.761501893492003
-0.7592835916280042,-0.13001397325513103
-0.26927186230872024,0.04168120721690878
1.3413491617514022,2.211333028601533
-1.1494837871721395,1.1349242815991982
-0.39681884805708323,-0.6172845692552189
0.5486399791393733,-0.6189834508861229
-2.9123517009303317,0.9565494617872686
-3.5773582634258734,-1.0110371300457306
0.519175993196584,1.087726751338853
0.7380214208503478,0.33429996375100834
3.096330202278616,0.5177207640270725
0.2371423138002149,-0.2567338034800533
1.2296095758871421,-0.6298248042464099
-0.29320896537896074,1.4619928308683203
0.4458408323776295,-0.24673728055347494
2.5008852626243008,-0.41093507657386175
-3.185989227188453,-0.08013706787980918
0.6204243863575207,0.19302213271794288
3.2033800951160494,-1.0308251267194486
0.42305132881401375,-0.5648714942069116
2.475859444849272,-0.6180320739060579
-0.9438182242941635,0.8452803046068483
-0.048071241245570266,-0.8859625679998893
0.05028705358288129,-1.7557678577580538
-3.326386619038156,-1.967094562906154
-1.7522667417753004,-1.4703801346757173
-1.645312619075979,1.3615382028481113
1.233099117048791,0.01620659948405166
1.3082296585260824,0.5012490868072027
0.48605466405979997,0.5364877271213292
1.2361543452835586,0.05618391839232033
-0.2462241190826609,-0.07478129665130821
1.802897504309315,1.0445264298181407
0.013182663948107732,0.14599591431263995
0.08679607114013471,1.3990974792634143
-0.39838894989361706,0.6208299452898662
1.0266757164546418,-0.617796273481028
-0.6317982249193698,-0.4971340238699362
1.4646470657971022,-0.7274648064542795
-1.69822371107401,1.2175480219507155
-1.6483743820922907,-0.40505095294555277
1.0311401326897562,-0.7984727967996325
-0.13281632187451906,0.31977804112682007
-0.6808371242296924,-0.09716710637250317
1.3350865987131897,0.29456851257516387
-0.9108921211291268,1.8898139038938433
-0.30030188145055475,0.9130708059288597
2.098841925106739,0.027010554301906357
2.3087135187159755,-1.4084233842060085
2.3585973154054907,-0.4999624972086356
-0.4231886654008669,0.7110461025453031
1.8460543574767052,-1.1710410396618163
-1.4234292416530172,2.140970296330354
-1.3603543120830914,0.014416562635548644
-3.525683778936542,0.04884839320948488
2.5093023028477948,-0.6666451929579779
-1.2959697736141174,0.49673775677571846
-0.18979886962058995,-1.158001806522232
-1.3654865128924258,2.1648925891014574
1.0427478724952106,1.3173513046520113
-0.5634504910760103,0.9842964451970457
-1.957225335649424,-1.3904290057898094
0.662493846279091,0.20541327045775085
-2.150595037215343,1.2090863980140045
-1.256108587973237,0.5931053993577392
-3.1603336719391213,-1.002109104633775
-2.1359371682964103,-0.6500937553086553
0.2677937545807168,-0.4519361380059906
-2.946804057154387,-0.6034378344886075
-2.2217185869325737,1.5287788357103074
-0.003553374199212085,-1.921013138823256
-0.8154103441395788,0.6559191396588365
2.9880549539389634,-1.2923033749284512
2.7508448190365633,-0.9612514874510678
-1.3018836941267304,-2.0097333668687174
0.8357064276052228,-0.5490544311588659
1.123923835319177,1.5107316515392135
-0.8962182870366051,0.264824242464778
-2.243312304747306,-1.198361546999097
-0.01844767396208642,1.0171476743793124
-0.25926851222116637,1.2313042635686857
-0.6536467454559288,0.10404648103908559
0.6634753022467279,2.0347491581525903
-1.126094410508398,0.8215641246246144
-1.7279963213687146,0.6826525072925881
0.1636244555247478,-0.8033787071662901
0.5789551388533138,0.6273984856213408
-1.7649674158500797,0.2167912776044933
1.3921359164866218,0.5198290026710267
-2.655721706664117,-0.6845856191413306
-0.867170188073465,0.12809888435898667
-0.3870128042964135,-0.8168615002149581
-0.9543355689778947,-2.147132099966032
-0.8475907103267888,0.9983045685783835
2.8066117234621712,-1.5023889816895173
-1.276326133558348,0.10718646478241609
3.661832583707871,0.3330021294490398
0.6556901695965778,0.32656301586305486
0.13808270596798797,-0.2830790735982502
0.7143605300814988,0.2712114752799734
3.7948916238779287,0.4709670697851621
-1.4903895058971721,0.7349648157519848
-1.680626878404584,1.733441339384263
-1.1322992948578814,0.23419415149820536
0.048214720446841344,0.06404884501770187
-2.58865668721886,-0.9067289653500941
0.03350885897791201,0.435946323899337
2.540320700120508,0.6673831031405686
0.22711108593716633,-0.1923031842816272
-0.43902818846291536,0.5446125041840371
-0.9272406730254411,-0.2925161935493418
1.3477675568273466,0.6709926520889239
-1.2387491598570715,0.9126023140297436
2.769593880898872,0.8986278667304854
2.9000396215715356,0.11784432614130065
0.38512619799268133,-1.0399681516170514
-0.01727263211496765,-0.6119130526418207
1.5459897123623392,0.5951573238847284
1.6421977533409877,2.448812305740227
-1.2089875965891232,-0.34072077153208186
-0.789832699705053,0.45583767838814
-1.9835211520249434,-0.5560525574794034
0.6135974075010857,-0.9739670442491007
0.999941825185336,-0.6763158635773625
-2.0248884567919094,-2.0824719767026716
-0.6827983572242387,1.3534350629077507
-2.020880876372024,-2.2301302529146136
-1.3481997153657563,-0.2638282304006328
0.8265255903394493,-1.1781278953500545
-1.1002231000174192,-0.8843802153622045
-0.451238934048448,1.376522659738668
-2.4409675919209732,0.201066990031392
0.28048531458699644,-0.9653961591817005
-0.06640997976697324,-0.5895171324965108
-1.0934388750497432,-0.7654812204420857
-0.28352144652371125,-0.043545672078880604
0.2704423207551666,0.17289168478769248
-1.2223022233640162,1.89557477322856
-2.2143938160026693,-1.916300765997707
2.708361649030223,-0.034812314757952455
-0.949909057065409,-0.31556769253452216
-0.14514015478033399,0.9465485277167823
1.5162596025304702,0.3548181181783934
5.293582781355726,0.5903622081149456
-1.8667296748332984,0.34508618601508256
0.6747408205897649,-0.9319911252835396
-1.0613284279411594,1.211265496493013
-0.8081854568650663,0.7985049046156689
-1.0803180315101848,0.915529791724743
-1.6884824517008774,1.2640501705071647
-0.061937042676992154,0.4176751006519598
-2.2117540305723535,1.4809924041174929
1.4202113497678057,0.3776395717866411
0.08250440405006193,-0.21905858802460865
0.6336524593521597,-0.006603910483364725
-0.6992829179193344,-0.023843768136116463
-0.5508059013176224,-0.519391322090543
0.43134585775099216,1.6318888483702207
-1.7460759486087383,0.29629536550366764
-0.5369856516200038,0.09473847583290661
-1.2894202708176812,0.38827425492643364
-1.3358532158865215,2.979854516737147
-3.164757360938462,-1.1317241885996594
2.0089898842199996,-0.8450385117162756
-1.0298081297306534,-1.3805710174469963
1.7450640827453252,-0.23259923843548608
1.6031884820914384,0.24551844332736034
-1.9289995597747405,-0.46532251834107735
-1.6326168535092687,-0.53972679815177
3.8407544390335255,0.14240486662813231
2.6263889128907154,-0.5021078248296975
-0.04727776999215623,0.31017582718283815
0.38605965962602407,1.1142343467426044
-0.9462696044207831,0.6770304698008064
0.6485290713005099,0.8810133471652023
-1.0757728510837072,1.0859184115067195
-3.0485306464475768,0.2828281601187029
-1.9823336797665765,-0.15864102604310112
0.031639121775880866,-0.7722530708831956
-1.6966008532538814,-0.391178163635721
-0.1009161973703018,-0.5236855326768944
-1.6119915591492946,0.7316723266209116
-1.1735308837529903,0.34678255459419616
1.2797479596197876,0.6967578627143014
0.371220821460157,-1.1603368561001515
-0.014496631970020782,1.431749484241079
1.3184459596059768,-0.4269803715067624
0.720912890021021,-1.1000166420746627
2.1698449368770514,-0.43921776482181274
-0.6897888934727103,2.483765992587508
-0.6444524677912631,-0.38771686649156756
-1.951663899587018,-0.32509647147092546
-0.6434710760586295,-0.1921046806296761
1.4471548414536684,-0.1486203834314553
1.9499810583932011,-0.7814760658012543
1.440457752130002,0.1432130832061304
-2.6912877998241544,1.0755949081983303
1.6247178189911016,0.3142893154787071
-2.757777934908106,-1.1111652988999856
1.347175986183521,-0.3443459049337084
-0.5516767898565829,-0.5515274001016297
1.0537999709007835,0.052939468234801106
-1.9986725218418488,1.330451671562317
1.75675144905922,-0.148882796020883
-2.1974621191573336,-0.08815486887039078
-1.0026823662797666,1.7776448188194294
-1.497141941653553,0.8762059916716602
-2.6314272792337485,0.5740812821065351
0.14179135138270255,1.9581316153017756
2.709133676755442,0.4898112547940131
4.000357833480013,-1.9865271419775223
0.14573368062937164,0.8326657578803607
1.6750219126012835,-1.5920084571186501
0.3481419568928058,0.4520053685824477
0.7483247921523191,-1.71374357412924
-0.5132229766908583,-0.46685541039991946
0.2926153881339032,-0.3637845296098712
0.8062180569096429,-0.7701191072317533
-0.867689593314497,-0.3488519971912
-0.11624144983948188,1.0325617203605524
-0.08764517849623236,-0.7139529121595534
1.239604975995787,0.5451408795105409
-1.5990482574415208,-0.9656496396073002
-0.07731331291147733,-0.18949957639212914
2.868008203579046,0.3238392663274503
1.7460902288789062,-0.9965284166185597
2.023768573333058,-1.31172043291069
0.036647760267051244,0.4918781505788882
0.48149634552903475,1.1230803993406389
1.5033542500543882,-0.0790650194873722
2.3403832942963962,-0.45731290655670426
-2.92740436932433,0.15567538768838682
-1.9731619605747683,0.055479918765380484
1.9641661521039717,0.24290254071125145
-0.41533403365320537,-2.5282451003137143
-1.007581183887116,-1.0691042911659632
-1.8812414804934057,-0.8452301054368538
-0.8325250523161641,0.15086762851156252
-2.103553925135737,0.18587788362226634
3.136641409098716,0.636180488684036
-0.03365407797086023,0.2575817492104368
-0.08692581264407635,-1.3007350703873357
0.8821150127517476,1.4470046175850602
1.4435177538998543,1.2719183034223662
1.4188322348319589,-1.2581972900269258
1.6104329158613573,0.3327052943741829
-0.9462683261862845,-0.5954243852430158
-0.44680020743529186,0.13886398920054824
1.1535474831634132,1.0533102796418705
-0.7910835924594299,2.130104266320959
-0.007659948040837534,0.7512777051426102
0.5981456466372214,0.29493473511013596
1.1777776234655644,-0.3398211683082972
-2.6665214435553017,0.18213487101117645
1.0721184748334176,1.3597718933283136
-0.3505860867775882,-0.04470875675958535
1.0611865662965716,-0.8861126513476503
1.165397538532243,-1.6196898655166265
2.411872591678736,0.5130478674102508
2.030180471431805,0.2472881256277393
2.019857493915444,-0.6459081732622967
2.1655054787493575,1.0260141257072977
0.4370684772239189,-0.42177686438763046
0.04827763055525955,-0.1346440918247952
1.3092256247675016,-0.016664133297943518
1.0981214271495336,-0.3509527421380881
-0.46359935510739025,0.23586506574957086
0.6072351132124021,1.151515145933001
-0.05264470017689163,-1.1424818981184228
-1.280899362690084,0.48852013847400877
1.9356911120645246,0.17215866960644105
0.08279886379513382,0.15376382954470624
3.0730623865482762,0.8718445698740908
-2.438238405299749,0.0492974252171587
-0.8351681592650495,0.4802292619057029
0.04895825503630713,0.7158646295711472
1.706071646443371,-0.5043652003806066
0.5992040589032777,0.2991834608137983
0.4657091312711271,-0.2507876072106319
-1.6908956888312208,-0.1326817797198955
-1.735412095844207,-0.32206139647833193
0.4837569904348571,0.4710804040968864
-2.0461589907275375,0.08164470901825371
-0.7978166254339929,0.39454403431667434
0.7513759936287863,-0.017517362895748446
-1.4734864084151638,-1.604121012470325
2.40803394354271,0.031368416099708474
1.8359045163568353,0.063537955156817
-2.3571299975074504,0.2425959371534602
-1.3985568647729807,-0.593729193685742
-3.428665866742425,-1.195469716665512
-1.1738870438221998,0.624606644894278
1.149582714858599,-0.2736065565341689
-0.6208424134122854,0.17124404768499576
0.6911958654239512,-0.28146007988829563
-2.2835014774226163,-0.0060618257735948035
1.196962881872858,-0.44928534793580827
-0.8326638418925247,-0.9680835891538281
0.018254523424357794,0.47373166076865714
-0.13931175208957908,-0.6031200882261201
-1.9073227813384257,0.16395148089481063
-1.7296264976096736,0.41046022190207787
1.451691703505139,-0.5868127156030817
0.5984882362525434,-1.203885634372985
1.57507356233014,2.426085613853053
0.4869873532537775,-0.5277718759454261
0.21448595221382472,0.6234171586011584
-2.58901592800015,1.939463549570124
-0.40555004514175463,0.7899077468538932
-0.04107648060561603,-0.30044280882755153
2.929660797408861,-0.06711638753511132
1.030434948148016,-0.8326072197388483
2.3040917725642927,0.8816964269577422
0.8963065588420923,0.5662707080586883
-1.066954840424219,-0.5144258182617432
0.175686324224777,-1.0421748070984445
0.3543354693963495,-1.3212337376636916
-1.4087333546560226,0.9865140038042008
-0.5765810648893818,0.12037312895556077
-0.308650490515758,0.21498453633275158
2.408429748847677,-0.8229486258623573
-3.1211107880864675,-1.4635031033044061
1.8087276310740648,0.9626135747116324
-1.4051928524390742,0.04203903699723074
-2.058118780904421,0.9072346600576203
1.769913195057696,-0.3859331265155641
1.0978471038515716,-0.23681784303685838
1.881778053571785,0.7132981766206321
1.2010529213183652,0.7323480796505246
3.0897675026061027,0.7975656226859541
0.838085755416728,-0.2952012531026962
-0.23471606418473773,0.6145472376508678
0.5143895659820139,1.1090994654767188
1.8652036925189455,-0.10477201168153431
-1.1690629878901755,-0.5134883637740536
-0.9778328737970712,1.3427476033167658
-0.46344002189686107,-0.6544457335513071
-3.1568741981479986,0.629476497114477
0.20711761262632028,-0.058422310519861353
-2.829193055926539,-1.8415656164845604
0.07958896939892855,1.1285940674785802
1.2979346342028748,-2.757853629547368
-0.7153146909657535,-1.9841280667576089
2.5156738052803065,0.5273300794806717
-2.1907513491277317,0.5270711986781154
1.7868910224477488,-0.6375798578775357
1.0127055846103812,0.14782209030324492
-2.5740498724660337,-2.531430045778005
4.066191448560799,0.7069754644705992
-0.09561792825594925,0.24972548705359698
-1.3162260332334474,-0.045642853333795405
-2.1106307921760252,0.02084148213777202
-0.33002704148951106,0.49325417619303186
-0.1911103085849396,-0.028901523497860945
0.15396829280949664,-1.8740555027312202
-0.44669423433594024,2.1963322345225227
0.9498379651726403,1.2008008194284512
-0.5814447489948695,-1.2849446619548281
-2.9024461758607067,-0.34513723047659045
-0.22404224347446183,-0.23603419015604085
-3.5512164800599173,1.0788495665089635
0.5306559463370842,-2.159268935319768
-1.468950345423953,-0.4990082644297892
0.24504053237370071,-1.7606364433375037
1.9711124722869062,-0.28509551582833836
-1.423123042902,-0.4725008930849044
1.591884387768177,0.07969406738271223
-0.6500843500292298,-0.6048743990091834
2.6297922030983782,-0.7510233913905242
-0.5477289197973201,0.6196566917631479
-1.260739478260037,0.4546727409425804
1.0308576755929326,0.5513983427782422
-0.6536845944354539,-0.17690009049084265
-1.2621742711935127,-0.5717385822251894
-0.7167597760556867,-0.11885248202077078
-0.06690979827450211,0.5011620700684521
2.013270196867281,-2.1767797009718484
-2.901131618189366,0.394111930370858
0.03462098842563101,0.3091381873347979
0.9373553919810644,0.06215090608572699
0.29017286248769414,-0.14931342187167515
1.9647977541503012,-2.5661193859324136
-0.11151799463778639,-0.4398532631004059
-0.27682716327891776,1.7894387110773733
0.8884943205200149,0.01290129556830568
0.14897072242702444,-0.3072898386747181
-0.5856131074207065,0.01690619559011259
0.7742160593795695,0.35477286862800855
-0.9787924398249678,0.6588202446894643
-0.9167657280289907,-0.22888016315794182
-0.7919910326484204,0.4249196023936837
2.0296037402496108,1.6766508027613596
-4.83152453397857,1.0062507994327152
0.5933982521444134,2.3403002158569794
0.05140772130033334,-0.6567703583517164
-2.5213056888571805,1.6761895075020152
0.4645901687040033,-0.7906736399225947
0.713627987747298,0.3535661467404633
0.8844588470361001,0.7324765292380994
-3.9777420945674233,-0.5107771919044725
2.0495841177816576,0.0879642774742757
-1.1066050570272612,0.9104611024518411
1.0298516201297643,-0.7102708983119079
1.111610671023429,1.669383459547647
-1.3150456284289394,-1.384596624727349
0.9906899285273254,1.9396914427283842
-0.5782398613685373,1.001326134799592
-3.107065769007236,-0.0897255763277786
1.7516128882916684,-0.40266821123673147
-1.1625674445243597,-0.5070282627910236
-1.2817401941070814,-0.13579564025701485
-0.6045988020550832,-0.048495861548826256
0.4083550879910821,1.2552262466345816
-0.0859056162331534,1.9686541003845839
0.8221003870607557,0.19937992065400773
-2.0092340497929886,-0.8456284879894043
-1.113579555646102,-0.545726040636194
-0.17399560848230033,-0.18309078461128447
2.8468309389880586,-1.0301221052967755
-0.1707188076206371,-1.1789414021073787
1.6278333954924473,2.097127212373027
0.05783275317647656,0.30261352594625407
-0.7254879561563528,-0.8331331336803468
-0.3700866361716608,0.8166035703577127
-0.2526295680433217,-1.1783461248068456
0.9054686084411079,-1.0960120478710536
2.0619169013648317,-0.8030424010642451
0.5395212715294816,1.6545132808650334
1.780616518112633,-0.2528800657783739
-1.4471846064445284,-2.4417069869024868
-0.6219457632210459,1.2100659331755932
-1.0864538013115002,-0.30638136416235745
0.4716668863122788,-1.8494080058784057
-0.5384375777691206,-0.3166834879634098
1.094659405551293,0.5210038966049031
-1.3965025674486622,0.4040491665329693
0.06454645998192216,1.7984149791648192
1.0302868665183842,-0.8527678625699305
-3.0979541625609155,0.0467201202649723
3.182446960995305,-0.6995692785784219
-0.4247278273198135,-1.542192894187223
-3.0375598705142597,0.8855273723059548
0.23714084786517903,0.46326956914752015
0.05016520195972641,0.2836784496988527
-0.1228415693587395,0.42679019325864453
1.4867866693899994,-0.6854728526884201
1.1211674571405839,-1.0056950873181933
0.4468142865357677,0.037647372169360274
0.6752334509199714,1.161211402411614
-0.1565376741571298,1.608077135453547
2.6632362738600723,0.7954327068074329
-2.21879402753665,0.029174426768095948
0.20947751132384487,0.26978392939993606
0.09753694678317018,0.01159385932537144
1.2199206090968895,-1.0259433396994282
-1.265780816137349,0.02464737821054295
-2.615508903594804,-1.3348268175884932
0.2352345241472898,-0.12407722610303959
0.4218457383279062,1.6361051105963191
2.2343991141714734,0.8228592227833518
-1.9055430694876292,-0.9231191842365297
1.73204065007508,-0.0724290696422832
3.551121546040682,-0.8343763117547379
-0.5666473312837157,-0.06251376817721002
-1.9364133292398362,1.041107816524563
-0.6104615495600567,0.6530079383099038
0.0210074510570711,2.484144080745336
0.845681812510372,1.1924774025075715
-0.8870920947570711,0.20400038107769147
2.332797801221013,0.6771499741332931
-1.6717984725120925,-0.2024431741833357
-2.6088077282592,-1.1275042470864962
1.660065636430976,1.3057765782875206
-3.411931546809299,1.008991476931648
-0.30619465330907425,-0.24105421459396426
4.676521693812071,0.2739357369313382
-0.01806532943989725,1.2409391873848064
-1.6811514760443744,0.8463514262060201
-0.08609619568019061,-1.4631012512496988
-0.07620118292930032,0.24362002148982426
0.2409749105296748,-0.16763152548836402
0.9933944732394295,1.1130006991386807
-1.5586667525516087,1.0310427387826613
2.5313220828551906,1.318607828178045
0.36767142655892676,-1.1178943387202076
1.0901910696027057,-0.7841115340562388
-0.9422240996334639,1.1140824361354387
1.9295732054933001,-0.5916458153424456
-0.385578613219597,-1.5214329809143075
0.4163287702402976,0.5325964876140653
-1.399659115780664,-0.5472184402659728
-1.4953974396031904,1.7897907703084006
1.032307959679324,0.29618455398846355
-0.665410245311079,0.16025928664166553
-1.2807346312565655,-0.36924389161575705
-0.9647750130405457,1.5908353339269714
1.0484296075761317,0.35855445988982093
-0.9435567918054164,-0.40849951815620644
-0.17648239740324612,-0.7940837066054469
0.022541625430645515,-0.07347305456421788
-2.8760233290154487,-0.9776468371548056
-2.206689608060277,1.0288774416789441
0.5044168338713437,-1.808342054024234
-1.1055440417290456,-0.1395140283330708
1.5850873669206278,0.6101335450879344
1.4502106563758166,0.3421194201096571
1.0787529995331557,-0.7172829730156689
2.7296576809688964,0.6602587067065492
-0.12463399161477468,-0.8860393883859076
0.9733228888557586,-0.02238465649681007
-0.8766014648940466,0.6518415719803556
3.6785548693030856,0.4629127794931132
2.9754504786540292,-0.675039011419468
0.01782065177668791,1.1974945165643633
0.5798793448577884,0.08669457148553406
2.0389463990472088,0.7429954109391514
-0.22070925722116042,1.5291010066732473
-0.9849361061995572,1.117520548774607
1.3109846265103238,1.1201294063310439
0.11765886912550513,0.19267992984947224
0.2744916744678906,0.7939351209105097
-1.2514070146019483,0.21359657456431608
-2.5765082225450944,-1.2093244677784134
0.3542136148186516,0.30274379250504235
1.3574430622412996,0.2563609837384655
-0.3387101236140628,0.5837293615218192
2.1546442793383003,-0.12799697521339518
-1.0558744881233166,-0.7614555567638507
-1.5820566824488798,0.6565060831752271
-0.10084546079419687,-1.313272287252248
-0.12388886302693569,1.4588191358564693
1.1549530970028339,-0.2314180612049924
-1.1624442360959772,0.24552817205616823
2.0521413552223473,0.558558153281572
2.9503754437623804,0.5906880448441909
-0.058716040452512816,-1.4089842999517348
1.8745656302764777,0.8240865805442636
-1.5847456059378902,0.30315382837627336
1.6128323117728738,-0.6352613845586089
1.5709146128391938,-0.7496669509459138
1.295155920284818,-0.3340530820568455
-0.023344633305440968,-1.298741686610492
-4.431373411863047,1.7222673909870256
-0.9625907154781941,1.4861513251433442
-0.9388740265269031,0.45170020097593927
-1.467382407090716,-0.22339841634209087
0.18336450682059932,-0.1971079879373953
-0.6284451682818519,0.7580657061739681
-1.236918014647533,1.7578268995019506
-1.5882002223717295,-0.5703967395967432
-1.073269478227843,-1.1175860426233242
1.6822488177748924,1.547640773595271
-0.9915375819412413,-1.7871385875844514
-0.7724080596499087,-1.0085308082526463
-0.6850464225348696,-0.2468578925108528
0.5084902707141294,-1.5604334678050311
0.6843742327927992,1.1121490628065982
-4.566984808864743,0.8569052705051
1.5324528207414123,-0.5747932272153171
2.1545520513656307,1.2796141191777477
-1.5752798060425042,1.4492924284038262
-1.4584473671022522,-0.11317064829006354
-0.6753800816674072,-0.4506681775680075
-1.1340060291849072,2.259602027742478
0.33589031091990956,0.721161822084155
-2.9197879295382965,0.2563246529688533
-1.6768914120551095,1.3635459466396125
2.308795800262361,0.30193063500302136
-1.3923299510220266,-0.5056205859191885
1.8651424171543873,0.08015976048755348
0.5330072933852052,1.038654287319735
-2.713901571882387,-1.9921855663492136
0.9529937928243093,-0.28803073943922103
-0.17650095328928003,1.383057398581605
-0.6832005843746107,-0.5118684010935176
0.36743563975800586,1.5461085604314098
0.7119502283501882,1.4147438193598127
1.0613877329619292,-0.06552911548895132
1.7673792713220036,-0.5685393048890007
0.6122038691675346,-0.2873588741496345
-2.0634511331795427,2.6646144920014345
-0.7104681864767866,1.8744244469332438
4.414572502902932,0.1253909718067383
1.0867365905725914,-0.6081535516204094
3.5539309512172457,0.11704103558126315
2.093151123298778,0.2438269266167647
0.3627031073336229,-1.243358737609354
0.45211060467167613,0.08004126921526018
-0.054870059815268685,1.32240432481173
-2.606706923769749,-1.7993566812164734
0.027070878702336418,0.8265839651372482
1.8160118288132958,1.3747979700547797
-0.8994599922318055,-0.5605573450943682
0.6179294985927143,1.6941757581910564
1.277386568839796,-0.6903370624483454
-1.364520658968713,0.44108266186040374
-0.6769542965154969,-0.3067726846636304
-1.5268672357157387,-0.30699635716260354
-1.2332484100341103,-0.6172990697580455
-1.9314079254795917,0.6985754808620198
-1.3506726920670402,0.8488054577314491
2.129183521196759,-0.06442219957718869
-1.3732155436354387,-1.3599682136722742
0.18968882859103509,0.40317016663438976
-0.7543031305064338,0.4220143594106939
1.7682989055554086,-0.2167150113864274
1.9667434449054246,1.8672312871808086
1.2961049732084204,-1.563929264900654
0.45920182965413303,-2.217283710253568
-0.3465893052613479,-0.7308348996976709
-1.787812056286875,0.7104245340914495
2.9152933216832957,-1.0558446374338408
-1.13950952662883,-0.9809709185260753
0.9954695205492621,0.9510213361781547
1.5893483589350959,0.46254792279774964
-0.8329207453579941,0.37706090962839983
1.5570187909739432,0.7814289194655282
1.146319805008283,-0.4251929532728843
2.5919457530726477,-0.3789840740581913
-0.7040196996400667,0.809779272561425
-1.9287960259195724,-1.3448867807811995
-0.7582346331667666,-2.1427198463985464
0.31328031380149757,-0.4332841736278544
0.0873190906275847,0.9308732890656916
-0.5901568444118257,0.25555969898680325
-2.8637961884658645,0.8572915041230154
0.7057244941936598,-2.016294310423165
2.9585167186233,0.31549680832349175
0.6963768571845054,0.6538645046423779
0.9137032785802703,-1.3507974226106847
0.8586679592326527,0.8620575905465448
0.5955700048235999,-0.11151889650579287
1.3974989503021422,3.071336701606002
0.5930605217784988,-2.1772360688967356
-0.46901575447991395,1.3691143676747508
-1.193983365013131,-0.39415809652607375
-0.37346048292101286,-1.6171517144400436
0.4711942446759989,-0.526955143564992
-0.47412444168446,0.27747924133746593
0.4715080246971457,1.0374666695650432
0.6587252005506263,1.7219642881321755
1.2497691469052727,1.4218930887043426
1.9241924532584704,-0.9653820207044944
0.11701112771828626,1.1301646922661168
-1.961664847721491,0.3912849571208737
-0.5176561452287851,-0.6546030209289879
0.06609385110989903,-0.21191059347748104
-2.753653134265635,-0.7098426594447239
2.082996780153723,0.03709234193645584
0.2135668687656994,-0.7296578822941202
0.5720292518704273,-1.027994073217439
2.048289693789399,0.47911912778277205
-0.9452142452135203,0.6287305482596371
0.8610628963260452,-0.18759700009161193
-0.16479618465290352,1.3676513039359723
-0.2761303005238791,-0.26043058649511314
-1.158288581706569,-0.3027745451255383
2.498404820529791,0.6604889823456973
-0.5632500601133563,-0.13242558494333675
1.0491963703435532,0.08479772902614344
-2.8125110812079046,-2.520438470619065
1.7699827945346798,0.016707384737974892
1.578316733935588,-1.82719593747126
0.14615116544595455,-1.2209505709988706
-0.3404136992068865,-1.335322538755505
0.6000000084203496,-1.0425831535338261
3.4331859913204337,-0.548853859632253
-2.6448550483552276,-0.4864926155454853
1.1730410813611913,0.6642752042571255
-1.367425953230854,0.22238781413469702
-0.029877594449596805,-1.9010744288179857
-0.37182017861799455,0.08329463754680776
-0.6424773866966336,0.3182552465834273
-0.015697693579094008,-0.3285665162529581
-1.7012567179166858,-0.06088597690670255
1.5437706541919507,0.1903101253970567
-2.691215266797901,0.7645995976355802
0.8096467692425131,-1.5748799874627346
-0.48980377880185666,-0.244317038639649
-1.7563873407111805,1.508336098057729
0.3035750558980428,1.4166613082979562
-2.335426630059717,0.85093692777578
0.05957073257945202,0.536824683955676
-2.1343153617173316,1.6546347484020885
0.6919081264767468,1.9178480016066657
-1.3865360004455634,-0.12907998804685242
-0.6764910255439641,-0.9694324432883201
0.4409240819147433,-0.2702923176244952
-1.1588131677633537,3.0966955137720533
-0.0869459995024538,-1.5693563427251942
-2.2707457518672802,-0.4705391395294173
0.9463134053942334,-1.4126911524926313
2.6473707083261573,0.12476386287738533
4.188313301864942,-1.2026910288948676
0.13675221999965875,-0.10875102283361787
1.18230621119578,-1.950095160018759
-2.6709385093612337,0.6176206650846504
2.254101489458382,1.2223452564679749
1.164342757086159,-0.383943622063459
-0.7259001674268495,-0.13513000707570208
1.8557712004335138,-0.16340723073131225
-0.3817141149680122,0.18091067522502524
-0.6870377745218348,-0.03816958696642825
0.713002388141237,0.768116952430694
-1.5950317497454778,1.2330391334509456
1.5324371465999223,-0.8140712224921829
-1.583984717890265,-0.3093284927742968
-1.5750821847347793,0.9016194489247448
-1.3645346826125015,-1.4216690480590324
1.1392500562741832,-1.97072128184557
-0.9251630422795616,0.22631595289847858
-2.0219936765507533,0.4963464110704922
-0.908519999903697,-0.7223001879535923
-0.0480635560207303,-0.5786510541204551
-1.7714587254965783,-0.7601923217408988
-1.7275216635515154,-0.8669252393444344
3.166944501149376,0.6934958206046
-1.2908481057208303,-1.1804984869976387
-0.48456355315951016,-0.26552286143334874
-0.5508555011989288,-0.9053361675148525
-0.6320352116556628,-1.4552889759012155
0.9320201099536534,0.8701781747467708
1.4222144257080744,-0.5198252221735389
-0.4589316472973881,0.18844008042075686
-1.8547174298885234,-1.50807587980101
1.9116603417733549,-0.7419394537564759
-0.14301163679502393,0.7560878806950055
2.595482722285753,2.58727145584531
-3.368378846347744,-1.9762160643903117
0.2931048319249804,-0.20110779528942632
2.8779095008143116,0.4122805981435
-0.5298962031572373,-0.6161001532392837
-0.3382401350019541,0.849521986994124
0.4432675373855081,-0.8667326706603131
-0.838193728327436,0.1538476602166413
-0.4681078980790993,-0.5220719044983598
-0.5067226412871045,1.2194310829547725
-0.9411311016395598,-0.6763645030356056
1.8432848253008394,-0.3518737962865159
0.6916170484446527,0.9456890374971552
0.3759423481549531,-1.0280386590928636
1.2128565103351752,0.06875005676357226
-0.39653374980520034,-1.8225343436866017
-1.1613057275293508,-1.0879334586290748
-0.9039364569218361,0.38213127589080353
0.002674561656913353,-0.9906975095362324
-1.588817562559353,-0.5445729318237916
-0.7503915248800133,0.4930864020479377
-0.774174962807152,-0.5791861411469302
3.1868343447435206,0.8228420732163579
-4.160722409900875,0.21566278748606432
-0.2694295821084499,0.43568311192450304
2.588540689222156,1.2409655987385322
0.18276669619868094,0.31982306261406573
1.1301262101316392,1.538847290469344
0.14973947264965187,0.9112622830378235
-1.0010000718247205,-0.5234524298344567
-3.3628739017633693,1.2931480750212714
0.30818353055445424,0.26386602090294525
-1.1634099069035868,-0.3946797086605034
-1.2005031092479557,0.27838569532088264
-0.7484808839686679,1.1123268243902629
2.6172921099352404,0.45504509424222184
3.6072563133809594,1.8223928325513976
0.32581190629260137,1.0865305578988218
-0.6971508358675915,0.5231600334021624
-1.7658396261768154,-1.0260680827411577
0.7028102423191036,-0.17973251401012086
2.674358400097716,0.07166413975085133
-0.37101058053773517,0.696631501217747
-3.5684940611298366,0.6373330412721927
1.0050745077232857,0.16954041021828617
1.4780995671750743,0.12034991537717113
-2.378768460578771,0.7204568950760697
0.26472627549442923,-0.8585862256299859
0.6768390242041482,1.6955158192498565
-0.10966095301340778,-2.0471668851634712
-1.1861563786280305,1.4554094821720291
1.5239058353453343,-0.04518552842516206
-0.6050696189530239,1.002579814271594
-2.227779244049898,0.36384043429261276
-3.0742117285045216,0.3460344109108019
1.8912742799989646,0.554254476026521
0.9249959647066774,0.8090542890877785
0.13196032069375344,-0.32883082658724
-0.6604119552762053,1.0347991305262363
-0.7934976213046905,-1.0844706235787835
-1.6136049726624169,-0.0053305733261247
-0.6471834668398273,0.8359699242722769
-3.180130822680262,0.9950175796158893
-1.1040954802027714,0.46078884826140104
-0.46640627452664074,-0.3933924379557356
0.9148200707856283,0.8967077783687035
-0.059889695060045656,-0.6693662391187534
1.1923846708133385,1.751409073748911
2.0237026576701442,-0.0846708974996642
1.5872551407361524,-1.5396256942059605
0.7057647710678352,-1.194683468016552
0.017794018771176305,0.04364363687958753
-1.4711820126203388,0.13982527132605319
1.1099160770689744,1.9696566849510955
2.519621073332294,-1.0384993376142264
0.5131590594756272,0.03946219930393072
2.8758887226391847,-1.0594214070820567
-2.2883575620916257,-0.4926548532134034
-1.7312450771693122,1.683972030069338
1.2828022616223937,-1.1363362231559908
0.3964353152298766,0.5870424240678338
1.9706732648577114,0.3929073590143916
-0.023207461090109367,-0.02417142635820863
-1.301963133792498,0.5194366231917376
-0.3203898633075637,-1.1600203819432886
-2.2990259563856013,1.6563225078035575
-1.6928860096455518,1.924845495123521
1.4586659968770153,0.047104697759313356
1.309181121704415,2.423106130613554
0.5445064272091154,-0.39902793154992044
-2.581616281440704,0.40043199385628025
-0.5376053632693328,1.4318890637745134
-1.8374998329900758,-0.4590044602229095
1.764799880681648,-1.3815490588794384
-0.8755832003439019,-1.611717065618854
-1.628621566172324,2.060826563902659
0.04469424768213665,-0.5290246506387777
-0.9602316852519177,-0.18573676341849862
2.2256158653055604,-1.1127640783210544
-1.1022163463012862,0.9483392793291884
-2.098842388836947,-0.7815598592245849
-3.2293702736362735,-0.4912630276613219
-0.04617975362012279,0.2995204194161605
-0.8428951707868895,-1.0640459272455725
-2.14335690976759,-0.17858226951422537
1.7838396918836779,1.4022095895032698
1.0008677211438628,0.42825439751686323
-0.042326818405844666,0.13054229242835844
2.0464893662562997,0.21486470946386504
0.9938040500979195,-0.38913509597656376
-1.2342838522776485,1.9961523197549256
-1.5588302459861492,-0.8121571305340674
1.2269723166807922,0.2109261619639301
0.5945504347010264,0.11502556634280714
0.25462165195599257,1.0087625071331352
-1.269746704303361,1.1031739387936397
0.9119213505086309,-0.032018804487070805
-1.1332483247009237,0.2906664931130496
-0.15297998189051698,0.32853475391394826
2.1704162195804697,-2.272141655570607
-0.9912513537152187,-1.5889896024777754
-2.3594838856092917,-0.6050636907219706
-1.5788207878051654,-0.5615986763768689
1.4914482400314348,-1.1992824219641323
0.3820967060703142,0.7495825713736299
-0.19331606803313034,0.0021184210174724715
-0.7636407079673542,-0.21469454738683721
0.7280398613297852,-1.2561552745073867
-1.273657276485335,-0.04454486424478854
0.45849835296389385,-2.6266847559986117
-1.0968818532194353,-0.16295631080584103
-1.3464890779125809,0.06318366880775604
-0.9562311522375175,0.24191498432149858
-0.5631111697259429,-1.56410176347928
-0.07324475390055475,0.22481673669147476
0.3531836926666715,-1.0414312698645425
-5.532547937142667,-0.8124698322923339
-1.2114758366201472,0.7179313858226648
-0.5873549660340589,2.014113723359744
2.257593057912495,0.05135875880268002
-1.6200039125731982,-0.8170954586402323
0.2441949271498688,0.18867044750999853
2.242545464603756,0.9390291574991455
-1.9694527949209093,0.6209975658727354
0.5909628387966035,2.7431128724637457
-1.2034077509017806,-0.7153375690946667
-0.7569506134338517,0.25223147991929806
-1.2046662509299717,1.5489179534182032
-1.0977859626238289,1.486159237018532
4.082868221859739,-1.9500779265243806
1.2666838081074987,-0.0033576200399812245
1.6526067926793135,1.4845207658486996
0.7379902302547442,2.8906429903991375
-2.409385182602937,0.7037958837508185
0.5924369554849607,-0.3678632936964837
1.6093944217610199,-1.00920315243739
-1.280099211058667,2.2187433575308493
1.44799000074169,0.7287415864657592
1.0565043147811184,-0.8480669268854175
2.778060067220505,-0.20315636633378117
-0.6266745187704282,0.310186516828704
-1.64641647341359,0.5438066538881178
-0.5424421640588184,-0.89961865754579
2.153356489745435,-0.6141904181254927
-2.7426088212629445,-1.6529345623729599
-3.1025635731465484,1.0397622896047818
0.1340929183974199,-0.3416184667703161
-0.6638839391612342,0.4663216491832921
0.011591839763526965,1.4222585085763269
1.4179676568537978,0.21987014237394562
-0.8288540191782787,-0.11297047594906802
-2.809508746395931,0.19392147688393416
3.0667223357999163,0.06319360385022683
-1.4958424311581642,1.2461649978779448
-1.5885556830181464,0.3108383975387898
1.6555800205838946,-0.5444010195789126
-0.5767336815622769,1.0478490568897503
-0.09508477805221616,1.230484356358352
0.7241851860904769,-1.3383306268204636
1.6253746546649934,1.5327838847681055
-0.5001910397726579,0.36471177320848547
2.279928008871449,0.28326995014659845
-3.2036997731022083,1.0066246315965148
1.1396808554296158,-0.5669763910042788
-1.259291337026486,0.954164514190924
2.0584069749119873,-0.3767754697378553
0.21306671824581785,-1.4749506797103382
-1.0093579980141025,-0.9977562791069342
0.9942616395324488,0.5670218329032266
1.3397825208108773,-0.9454683399946582
0.9628411842879574,1.6100761231896492
-1.5445443594495907,1.1892834534396428
-0.7260256854331272,1.333439166032965
-0.0061092556821525385,0.12477857967741192
-0.0618894789750906,0.2578616172949595
1.1246182131575215,-1.1937118542442775
-3.0223518487599126,0.9957835101574903
0.5014905818302551,0.3798334550370854
-0.4349720316549599,0.5673056252922603
-1.2577509245759284,1.688311811452882
-1.1137301666543995,-0.60596298394751
-0.3218064967769454,-0.12614154987731818
-5.401627656689277,0.32667092154216776
-1.051934356187325,-0.9354354054587067
-1.31372223696944,-0.18759882127683974
0.7991748139839363,0.49294981046696934
-1.2082900237657808,-0.32542127137283106
-0.32267070025573485,1.3089894097291122
2.313414941491953,-1.510924561816994
1.4915272797231351,1.1227712402333418
1.353407099915179,0.6611854748160046
-0.7498086456162777,-0.5688285875565908
0.8145484189344785,-0.9244085682299981
-0.3508467006803909,-2.080282617242452
-0.29413981601540684,-0.795175012413834
0.6145280156198245,1.0471766550029968
-0.8954903826313987,-0.05608572627867428
2.2395046566648054,1.1629808803918416
-0.24019520939690572,-0.619871070624552
0.9275408493894974,0.7071061601065628
2.183400718885947,-0.7174986020844216
1.5474806618627626,-0.9655750062098389
-2.1133786540357873,-0.10712721717067626
0.6673438425148264,-0.6649665113199965
1.2760790916909703,-1.5428221490372125
1.3377945332411232,-0.18231470071699332
-1.6699422511719466,0.10643541643128884
-0.9855528555259858,1.2683586114960674
1.4918373536124325,0.9368056771330601
-1.1426405560239685,1.2199431992328313
-0.44954408499647136,0.7203574983935084
2.363813714252954,0.3326127589499748
-0.07169887557718471,-1.2289449064718925
-1.0901612067507647,0.14987219793527454
-1.3164260352943575,0.5967937773308142
0.4990789943777819,1.4574379493704361
-1.9997220127158135,0.6862885417318136
-0.37100394584462726,1.2403834346054217
0.49984580248503263,-1.031997891365239
1.9487247308215012,-0.32641762614809505
1.0013221205549936,0.4293507136612708
-1.071097676973268,1.1609526907425614
1.7676289763455801,-0.14522864583891965
-0.4492725563212163,-0.08244595914915345
-1.8535545330741134,0.6871403060029787
-0.2580620388982088,-1.1258708271451243
2.1572538017185527,1.607404549823429
0.2478600750973878,-0.8791360931076848
0.018782796494679507,-1.918589423559303
2.45581746705428,0.0100670085225806
-2.1470322705816405,1.698458702375565
-1.9283986710791585,0.5864531303336101
-2.423769706450248,0.751090543003633
0.5589722797200827,0.041385762307114264
0.24973969067268675,-0.15237749727117703
2.314104550919664,-1.5449093695931155
0.36521261570515534,-2.259386257904186
-0.6062357392189541,0.19627233844086328
0.002692309317160628,1.312549194340226
0.17656112769143714,0.34413370482806543
-2.5076419099922505,0.6235995270520134
4.06549746650234,1.5837175456395398
0.7798065271528672,0.32876685144105805
0.31501246203388356,-0.12265510030761952
0.9227459764178705,-0.818524805650065
1.0641164708799076,2.022212562972086
-0.21083022825364753,0.5265477791536803
-0.9468617043610508,-0.9436017159193308
0.8991760294825559,-1.1711676678012368
0.5785662607971787,1.2530637269289127
-1.2148351486341122,-1.0374416964083255
2.128553417050896,1.853834157502221
0.440028054484475,-2.756462797090711
1.094729043401446,1.4225951977899767
2.0878813315198785,0.48689481116196437
0.03283323174725217,0.11859442305687404
0.475428010476173,-0.1754584350417629
1.2150408577591747,1.8907298485940296
-1.0872916257000784,0.7070588584012034
0.0810774942690014,-0.9032036088954514
0.18832287997672242,-1.7189099560288814
-1.4340878275250917,0.1772972131473084
3.4764551830108177,-0.0010711335374141854
-2.1109401652386035,-1.5198680373755091
-1.9471558555307367,-0.055393525482335705
1.9713398635553687,-0.5739346330742002
1.0698993761948135,0.009290068306694576
-1.5389472262211668,0.7259236116484019
0.9109335226525392,1.4926099474640355
2.2017756674959648,0.9088890363692873
-0.04539458639547864,-0.7214407498302056
3.8982343501118732,0.3689151288291944
-2.586092716302053,0.06310712149202398
1.0407351807886531,-1.332128954630901
1.7497925043315048,0.3982327846922724
1.3370158524078701,1.856672337917714
-0.30653358996847246,0.03242660418700401
-0.4356622230167241,-1.5941826797254006
0.666217756630886,0.030268671108619073
1.223631729978104,-1.2137121989732502
0.9037101544235449,0.8636055068862878
1.560086836190084,0.5248649917251288
-1.5283049356001028,-0.17091005347474328
-0.34165646868545196,-0.3311642658558212
-1.4100238981856312,-0.2122343016155467
-0.5791691641292125,0.008274494342320363
1.522831337721458,-0.7722350213415422
0.16197588108784325,-1.387753081001437
3.910288744724655,1.138698946694648
0.29010955078457545,-0.3854009764969582
0.0895378208696044,0.16704310416914414
0.15927437916032441,0.2852819511674943
-0.9567130392899039,0.3220204796552139
-0.08675491856639062,-1.1738179970984242
1.6916820406674686,-1.6758401645518477
0.17095600219165852,-0.5886925246919921
-1.190189594825207,0.3957115324169533
-1.3876269307179527,-0.727949867474313
-0.6753028374987651,-0.3549213536992336
0.11079515161632056,2.1272974137495684
1.790379803214393,-1.8454238848045357
-2.010732962049655,-0.7550339959104986
-0.47973941683313437,1.8966040685739283
0.21646502915261828,-0.04459867199522342
-2.750558651444152,-0.7059851654989105
-1.2503974244496097,1.1687689170111202
-1.0198328096042795,0.05523043648111129
-1.1939555607757475,-0.348308395044006
0.28783431753247113,0.1923689270375111
-0.24083941425269612,-0.6581088093827662
-0.8329291539015544,-1.0174910628880784
0.6419439398289525,-0.11359692763474837
2.5846120764693747,-1.0109969600760071
2.458884775112628,0.01069331179648031
-2.884157658093504,0.3544065674743389
0.8656082757527094,0.8530604560516108
-0.26703493509575765,1.1279249855168274
0.23273301429803445,-0.40573650163225167
-0.5974245503138229,0.49941460793906933
0.17638294483080336,0.4925234462063564
0.2271110941080281,0.3278187158159839
-0.8684276360233847,-0.47945941095045846
-1.3445513217377711,-1.0280678124641107
-0.6730435239292263,0.5020018890665597
0.35138889668514833,-1.70686256219305
0.8984945125263961,-0.26783943256831116
1.2800234660102199,-2.553631015648598
-0.7412850346003691,-1.3364024233582634
0.42576685095410516,-0.8771339384474245
1.4437538879299476,1.0967242076292842
1.7483923427161923,0.6881080244042689
-0.08824928119728331,-0.5539346838422423
-0.33139758740941894,0.7293697951297508
0.28668635075458826,0.8876229633803967
-1.7245612093461085,-0.16066484837472153
-0.29041426655326213,-1.3843781442136902
1.1168795977096948,-0.20791231006611424
0.9629206941655517,-0.09789240517213632
-0.40540140654583356,-1.232454390830226
0.32657730163074994,0.3670467929299679
-1.2369755104360314,0.27981185430235533
1.0552382223375372,0.44504269989418677
-0.11673215420470964,0.27892309716744346
-0.41392717754420727,0.729843035114983
-0.5425857541400799,-0.17932802787303154
-0.09434080034978728,0.2017851073709533
-0.6718164673979375,-0.397740284245532
0.987214554003845,-0.5844992156219503
-0.5929253220242711,1.3382496307620757
2.389446144041072,-2.0437687015264965
2.1978157552220714,0.8767599891542641
-1.337315234781757,-0.6205408754456606
0.10455640414392034,-0.750038177643121
-0.9759849320042924,0.26157748406540704
-0.48997134478291726,-1.4896096123510028
3.003641201467196,-0.816023071946203
-0.4613571256736988,-0.849139646512992
0.5403390556161431,-0.22139825818509487
0.8119819410124175,-0.8041376881606885
-1.500944058724861,1.601118685639269
-1.2826432116138073,1.7970165164979541
-1.8090335571121783,-2.021993522748063
-1.3289561008466655,0.5443227047657363
-4.275045163975774,0.8586634390775747
0.8168736011904421,0.5429852023911051
3.081290761884105,-0.6581134930916945
0.22173110855479045,-0.24409556215854147
-2.1244032890109112,-0.7482746547776955
-0.964164574349922,-0.4202640311588286
-0.6883152675374954,-1.2099650286671761
-1.5263771658200636,-0.1147888216345503
1.2902739575927349,-1.5028017113050698
1.2153900665630006,-0.20013455422813764
-1.7331776907264893,-1.2485816890997645
1.0876215666712619,0.20681636179140384
2.2902189953658976,-0.6794195609428907
2.8538373078443398,0.2905803478745374
4.297818034628944,1.081580728364782
-1.3529889741647962,1.589446936104708
4.236330639592804,-2.5280045890204903
-0.5313095827631824,-0.8341940938737827
-0.8886981830707714,-0.30308607711201396
0.49060856231676797,0.46032781838148307
-0.8730920011395187,-1.6503545041545293
0.5985662109697891,-0.9820924068002156
-1.9801157816059525,0.13035720265710996
-0.3581289030951515,0.08488824152666716
1.9283733515425192,0.377618406420093
-0.08559193714673391,0.4436757268881162
0.21239368010982423,0.3385944331158625
0.7128879070759673,0.19365531663149269
1.7559924439764902,0.05573977332636784
-2.4828370682841494,0.6647630897243626
0.876786077756152,-2.239322666564225
-0.40220870886264487,1.5443334869712346
0.2499568429677578,-2.204482050880324
1.5899252546435645,-1.079161816904492
-1.7912799771177663,-0.22676079665014473
-1.5189666621646343,0.6726128910898425
-2.9031449395707094,-2.9952668907996163
-0.8237384126456646,-0.0281243239418344
1.9956485165682247,0.7923950394157345
-0.1808807827102043,0.994518116028477
-2.010187343482179,-0.6973296584974588
-0.7285181168625705,-0.30083528695503226
-2.2317925552359346,-0.6161481288926278
-1.6877791525967427,-0.3926746535260844
0.5832283653955699,-1.031826550728435
-1.7608099894590432,-0.889252162470918
1.668951457804953,0.434376922028368
-0.106680436245504,0.13161537327274178
0.12839205591678815,0.4915865075904735
-0.41755945141184103,0.2140143897008368
1.159271757815585,0.7043386011475956
1.1747398316655162,0.8782139981549947
0.5025815278682572,-1.741716619866104
0.8471836588614721,-0.8543096504143626
-0.31813450488063844,-0.2313759574900389
0.8133045103635728,-0.022677525487341064
-0.5068166632107102,-0.6700905738180335
0.003347433243603001,0.9120236709883057
-0.41196562404944614,1.9799483682905985
-0.6858278089787939,0.186161955581734
-1.0336676965826852,0.08434103219821125
0.7015351557883283,0.8494562551043311
1.965908869220195,-1.865839755203436
1.7566529575043393,0.028468940438410424
-1.8848480039181532,0.9790358254675168
1.93380457711031,-0.6431539972011118
-0.47723775242689326,-1.2265605799019654
0.9010995227183874,-0.1858056100997783
-1.3593229980708166,-0.06068543320192063
0.212969870811008,-0.9086522819154584
0.4705847743453606,2.096161276050951
-2.2269071878794793,-0.47869638100794565
0.912400749516284,-1.1536593514265687
2.0189025117574726,-0.09362131907061147
-0.2619719185224419,0.9078606377044912
2.0402521962420193,0.017414248998230967
-0.2845402401786113,0.4855939200440023
1.2743767965699258,-0.8715105943331573
-3.3278549489266496,1.4876884464035136
3.628166668970195,0.5617110279184433
2.2431873678644356,1.0477015688776097
-0.4269382563805183,0.36516063247516933
-2.958133539965727,0.8248840377287843
0.43204255245823375,-0.8730525596772274
-2.165888320610635,-0.4914104166895625
0.667280306336232,1.34648059555603
0.6173485787464229,1.5597419472839638
-1.412104753503037,-1.1470655997190768
1.6814505354215665,0.24973606786381217
1.2083620542092604,-0.4309438004852274
1.4637350059328451,-0.6970314693648616
0.013286555503343067,0.28483969535544995
-2.12328610037056,1.140962932365408
1.4668084083167063,0.45166247328419384
-0.4055570987036867,-0.319512449919035
-2.0846702147890035,0.51486117993516
2.028059048961489,-0.35997617358090106
3.149111280753764,0.4121143007306019
-0.06187219346880454,1.3964657004557333
3.2386817319049377,-2.0771596593008277
0.13697209291702445,0.7972522985400334
-0.5706838562495268,-1.5390549215704685
-0.9456876812782162,1.2283277105444614
2.4556236119891137,-0.6370256098728607
-1.1702158220816576,-1.217671377606484
1.102903964962481,0.6952692270887474
-0.8387457525888125,0.36417006314241074
-0.6904601438615446,-0.9991869029616581
1.5453745409543505,-1.2529997571683937
-0.5700552694340304,-0.18748148749128224
-0.6071930691304398,-1.2040869501711966
1.6992070457622108,-1.0614729729236276
2.396095939832435,0.11562079042143356
0.9670347049263499,-0.9658716342550967
-0.9821546634359238,0.4265392900265429
-0.7659127489463692,1.4901435958834768
0.11987289561005623,-0.14855541490058238
0.4813950928884863,0.13015106198558457
-1.4817988652096579,2.018096732835487
1.0845569093697958,-1.1876011173773469
0.12826999445939855,1.1912351951807418
-2.573562477957194,1.0708575979124821
-1.3933897236910955,0.8543173391737832
-0.7561930104774955,1.2917478507326312
-0.10928653326158261,0.2805749659586189
2.833918193255994,-0.5829294955992674
0.35725695920944245,1.0945732912205675
-1.2611578348479375,1.132842211712895
0.33094620646074485,1.1053139014932878
-0.5281316211808214,0.04450208231923648
0.48713735930031266,-0.7161945136133265
0.8708515305534221,0.19136225411161115
1.813845970835907,0.9422300175678358
-0.03642974350503877,1.0243517898599654
2.4584407913997497,-0.42967612707459496
1.362033993804287,0.31537289612739006
-1.0611593172182818,-1.308778304485956
3.3147834986226963,0.9849501030058511
0.4904917699051465,-0.7833087567250635
-1.2526867559583528,0.7852553595715474
2.4793695768456327,-1.1493045773901618
3.116666377797667,1.0314159064340078
-0.049537895579340845,0.32183519002277045
-0.7554753905633945,-0.7813576956169462
-0.25856243618049296,0.6913563810805253
1.0720975912765496,-0.5903616918053307
1.9167849825457708,0.7495550374451283
0.8557309962953603,-0.27411147538072145
0.15258481270765467,-1.7210471256296629
2.2470176554566414,-0.982416240480937
-0.46925470957728327,-0.4304147086872844
1.5463790075503607,1.3681890237485779
-0.4320941975269179,0.9011436305292249
0.6465344370163397,1.623861412322142
-0.17034384718567724,1.6536352160298582
-0.08377827397921629,-0.534750804590915
-0.5660797761933148,-0.18848685975882942
2.017281046771042,-0.4112799243305384
-1.0993890571628027,-0.6715106053010765
-1.1103483788230626,-1.8414947093364584
3.181490348767664,-0.01474771801684241
1.4667713469814971,-1.2855655937111106
-3.5776705480395545,-0.034171881534327396
-0.8478881088156054,2.1157708095629846
-2.717984006343081,-0.5093450963307086
-1.4260360401228827,0.19477400562806724
-4.70777199935106,0.9066483858092831
-0.20548436654091357,0.28029129196590696
-1.7129127287419674,0.29248418794229586
0.08985788519465758,-0.36240243368808
-2.4376818883237874,-0.23187797506123262
0.1243677797580599,-0.9600105221878282
-0.6223744171804909,0.8460450088894076
2.2529294477828934,-1.7414916566140959
2.1170352926184375,0.9710883383822022
1.1780184045154245,-1.4036983847452424
-0.4899206709918189,0.9626072740766523
2.97807059289044,-0.3538175262121811
-2.329552916759731,-1.2318686881330803
-2.105337944345494,0.5792986450796365
-0.125674649833597,0.9287675350757748
3.381057163381679,-0.43807864810353686
-0.3035083603051313,0.7206105486789331
-0.2748678648139229,-2.2850844946693503
-2.1628655341677137,-1.3205962897466004
1.4188943779055676,1.292408930468729
1.4297643814940306,-0.22366927419791616
1.1836128020998649,-1.8622133264488476
-0.9438310092710436,-0.6988661804419937
-1.0600601525595086,-0.9234004725250807
-1.9396833756074556,-0.16596173147292473
0.12580875264140046,-0.37075098380764737
-1.6206109939177527,0.1789317289381608
-1.766124757873933,-0.0694660516125747
-0.635536075366014,1.3597392550370186
-0.7337342627763243,0.4245485997196691
-0.8069677932329327,0.45767161119358607
0.6996668952603919,1.1651571238945218
0.11857170322541882,-0.38876875042958176
-0.43223404576667646,-1.2618774433584852
0.27451939246722307,1.2069703246322492
-1.4872905616569483,0.13584174810811248
0.1579179358645169,0.13935120789892844
0.22590373926695068,-0.6333299215302364
-2.254570289036221,-0.6168553331035774
1.493540631555543,0.8467223387708436
-1.3221505578404933,0.9846557981376103
0.13546469880965245,0.7838234057466584
1.7466176108029055,0.792961605445475
1.388515136570804,0.5690295372597589
0.05150008285325322,0.13152273007815657
-0.5437485043231028,-0.17537968432098058
1.4212678628633508,1.2103238499415532
1.0120424667129297,-0.3737208704904336
-0.927547530066195,0.36997921388074695
-1.1923404705025356,-0.8040129979542465
-3.108532772543997,-0.6592990368504504
0.23104776252538112,-0.2361545678572265
-0.12404661752759803,-0.8039383767271636
1.7042870619638135,0.7978518254783004
0.53858264022055,-1.3480342515450294
2.0013437912590355,0.09922962338107293
-1.0460463418742563,0.1325080968421812
1.7072254964514277,-1.8107995783196809
-0.7933745686569827,-0.4410238205236087
1.1663940926884082,0.2556995380481427
-2.18813758879604,0.42872799329406813
0.3527029490492828,-0.20430720860016585
-2.977031912168865,0.6768882044807154
-0.400706228912632,-0.10931625723604081
0.6605309908168704,0.013652912075056728
-0.7814528268466436,0.2516538689865537
-1.575656443133951,0.9269996287341687
1.2691777039439005,-0.6757180024155319
-0.15519418477038516,-0.4868218725182975
-0.7343559705460074,-0.6688964917292147
0.06284388173141472,-0.33219771614193333
3.9550037129183826,1.4262342580797647
1.7302542746723157,0.5727253193298222
1.7438605022817604,-1.131089745168842
0.653319478488546,-0.6004469655886746
0.2497279088657206,0.37276722427640213
-3.5941234324956244,-0.9065077809327704
-1.0184705196946982,-0.7253400408147569
-0.7208616198037118,1.3449596661741487
-2.8123380960713,-0.6133756284731867
-1.7361236853231503,0.9546668160293867
-2.971254706383951,1.2553231895309385
-0.05748575354605874,-0.7334620911689643
1.2281489562732242,-0.8899625565571414
1.660161777936493,-0.2761320864811651
0.6221766931188617,-1.088627720673625
-1.4450945117978535,0.1210338785027424
-2.8980977377799393,-0.20565191185338647
-2.635303049102253,0.36058001588630156
-1.9034738658817476,1.3969434562328211
-1.333289547053512,0.8174849807703192
-0.23962274698737995,0.48923977541235625
-1.5212463271904526,-1.966048412967918
0.5084638405023922,0.44337598210237517
-0.34841025419920924,1.7226276607045492
0.0158185676115384,-3.0105225163135167
1.7103758290068072,0.6893825429756253
-1.7703476013005552,-0.15935857475646428
0.6280568674385525,-0.8497950030229446
-0.02095984271410996,0.8011285839119535
-0.5002294214545429,1.7097059006073305
1.3278844812989403,0.7752307288377537
1.318521231835511,-0.3711919512615264
-1.4197361939826423,-0.9434698244081563
-0.27324087578688616,0.14462763378954377
0.42181752387609805,0.8731692923815881
-0.40951012203387677,-0.3870530262337276
0.8775319984316974,-0.2903829916507967
0.42178802686541317,2.8220002498383985
2.748841860534019,1.078651945959726
-2.2954187038946814,1.1501286783936322
-0.18365398462109622,-1.460285906058812
-1.3627537672682866,-0.7071886792934604
0.9061611831585661,0.07468163945423903
-2.4257578350683167,-1.0011375578851496
0.5194690653373298,1.6003972988892943
-0.9450726470225117,1.4103123065906453
-1.101242799181521,-0.5335453373840537
-2.1697473053110308,1.7839186066074848
-0.6976139193015091,-0.004252096719942134
1.6267507954363885,2.5893897173890488
-0.0377830252942192,0.14468613052503645
0.9415206268117118,0.576192750328422
2.4969627329494126,1.3999034411695583
0.39563337723386366,1.2776333498078092
-0.838199358093511,0.5107320661358935
0.7008783227741847,-0.14114031944383582
-0.8164442194714379,0.5141326999931192
-0.7566340249457542,-0.816184171876115
-2.2798391994284772,0.15213371886411586
1.3893862366265883,-1.1093075324979949
-0.579003863474159,-1.7808816400803014
0.2731473687237931,0.05042676413944306
-1.5539428929099592,1.2622778906716723
0.6539214445732086,0.9258046415960592
-1.1429118572026256,-0.08191229572560826
-0.21256308255273637,1.7469896981754964
1.3167390468586888,-0.5690613908465737
1.186138968348794,-1.9178326617980233
-0.0330451087754107,-2.182101294200962
-2.6521965490600774,-1.181190940595717
4.489215855090962,0.8166247432622288
2.618788455409704,-0.6348026834673863
1.0840122373324477,0.46095864185730206
-1.1298056723864562,1.6462833835839772
-0.17038824255294702,-1.100096962577806
-0.8151306446647755,0.47849973179588984
1.8957839086445825,0.5389630726557222
0.3937543362777507,-0.8607379884731032
-1.1762457875397492,1.3542109252450831
-0.706132648687173,-0.28770705554947656
1.681782213854857,-0.3837529809130093
2.4001467702307173,2.111613218417973
2.292497345229368,0.5227667423667182
1.1355480975809662,0.9252905496854981
-0.3789373032039552,1.3548929315218388
-4.862270737993681,-0.6504739994592169
0.4457400357123324,1.2498210970536792
-0.0027431382661505903,-0.50189411499767
0.20997314448203058,-0.5446233893382973
0.08084602054980958,-0.27199997230813616
-1.9893932429237355,-0.6220648349449548
0.8361128352767784,0.8221564326571629
0.9483244710477754,0.2672106551450557
1.0235081730894886,-0.49122441461711286
1.41986550536008,0.6745050331548218
0.9060774673824348,-0.275182437386346
-0.6150441173083663,-0.3280703703646766
-0.10625527187413533,0.04868388490154364
0.1366873008800653,0.4634603556662172
0.16154917365992771,0.3898476493774196
1.4973264839575946,-0.3632491822528304
0.9655031295337362,0.8471112074394023
3.11601515935493,-0.22239415107965607
3.3097034698270082,-0.654984488608719
0.11947437392088749,-1.4680216487673514
-5.754983322689054,0.9831784809990213
1.8552486991908999,0.012390076194007553
-0.8105645084805816,0.21087235851051478
-1.2022258827465102,1.0458029156995154
-0.5976679124840503,-0.47740623159781603
-0.6699645702219097,-1.3743992484741285
0.918404715158089,0.06978070221521851
-2.339153668689338,0.3079615520802954
-1.6165811186874024,-0.2628490661603728
0.5147378312961248,1.473737578076169
0.9344160456199622,-2.4861665677213565
0.962312467404018,1.120056637899783
-1.1805544183999483,0.7911536503642258
-1.46739847389936,0.4567707777004593
-0.759952250681879,-3.3359015494690962
0.3598091284270876,1.2838887832702683
2.2282160539088243,-1.0264341106358852
-3.0711557786561254,-0.5076919783833868
-0.3310931354375498,-0.17059266479006882
-1.9990176615378057,0.40741803465197535
-2.4783640160302345,0.6394280421925499
1.450434968017225,0.8928405543192964
0.816936861749008,0.8158535100785161
0.6741502739208933,0.25292720421312587
1.38153875959649,0.4159226590575908
-0.719578345149204,-1.0907537158222465
-0.6489562745002924,-0.7510268068190222
3.278595925083861,0.8954602236748322
-0.3698565813893615,0.8372094867286812
1.1026981695811369,0.7237994164444209
0.009572311444972465,-0.5144167616565275
-2.7723877951176226,0.9104921319436958
-3.0669435057019023,-1.161244452480358
-0.8684763299098572,1.077359809862273
1.5841518775049837,-0.2608708012458902
1.1824374849540056,1.6841704063406324
1.3711157463360504,-1.521442092065485
-1.480569268404473,1.7634040459185218
2.4238087351834703,-0.36146432916346183
-1.4473399502795765,-0.3794792560117442
0.3192365980049531,0.1948388189855969
-0.015528434861605033,-0.6970789128006968
-0.2608107304718795,-0.07232900130230689
2.0078882074434103,-0.7376262652708545
-1.0576657802489409,-0.701063530979187
-2.024407883567892,0.48688595030057186
0.029993229309628906,-0.901565495303516
-0.5997401014297897,-0.7681942350054822
5.066074378623969,-1.372791249746409
1.0147612146599625,-0.5039306799613394
-0.6140108628279365,1.311602029723922
-1.58416735378063,-0.8459336401029685
-2.820432615853177,-0.7316332651872413
-1.5378286286061496,0.19392194648153552
0.17241265763869762,-0.3707964337995265
2.140992977392154,2.22815443334965
1.6825337135818783,-0.16252796467625671
0.34364224746956906,0.33521834621737173
-0.484751498553727,0.943768784799322
0.4032185346182313,0.9245778658628506
-0.777956996226864,0.23328758155737933
2.5775459936458134,-0.16112748668600121
-0.28378527191261993,2.024028536379257
-0.1295067873700903,-0.09976027531426664
-3.323733637531002,-0.4416901044284806
-0.29315226978414577,-0.6458489882940185
1.2547262069474114,-1.726803202706756
-1.6015838655578178,0.8216157522371632
-1.1260805017392193,-2.3480683971008265
1.189066526600497,-0.005722840904920714
-2.21498583527708,-0.20486063427138504
1.5867015113128775,2.239965192231448
-0.7982158352596531,-1.8316512287136264
-0.5828523307368044,-0.901103286984357
-1.6858176076883913,-0.13609645868164935
0.5670693906418248,-0.1975293374691683
3.6898079775440698,-0.5495445908100448
1.172245859190948,-0.0809879094021674
-1.2964278929108037,-1.2595627288697413
1.703430878237214,0.357192878994939
-0.47501931890137417,-2.3214853420775783
2.061727472141339,-0.02576935587725707
1.2100146032465444,-0.6003566942635733
-4.414712348207599,1.0162879427566356
-1.5061194494325412,1.7553110706333046
1.4165778342530846,-0.3310521687503577
0.22748590821752634,1.390725929141431
-1.535633921561776,-0.31611628063041075
-0.9503842732407191,-0.9661265231290901
-2.859354930134071,1.7459036321856196
-0.13255993128959404,0.5207764447340067
3.3160345890236465,0.004438522609814357
1.2074000860984884,0.6871774750986485
3.2856255017826346,0.2742150351301673
1.3235956346849704,-0.06921940794151801
1.5412190150290375,-1.3264348273079964
2.9611180316175356,-0.2705367371612667
0.5658948890133395,0.6232554234584727
-0.28084098226032034,-0.12277142568681056
1.5489862749330183,0.9023257611303859
2.1807603556828274,0.38365502386678896
-0.7199469640683134,-0.8781363180854069
-1.082353623510044,-1.3191719578321237
0.20828404864632027,-0.15717849993016805
1.247248300397493,-0.5242284481045876
1.1971365729923424,0.3363218096216861
-2.136251400281399,-0.7181376587627298
2.8674091005949824,-0.6153923257548771
-0.9617473940952757,1.0530697175949124
-0.39759749533286903,0.14820296862789786
-1.3539815399817297,-0.7027270654272929
4.047493253905632,0.017641808735019672
0.36310600543195104,1.3789112430016826
-1.2764626210223473,0.29378668827472265
1.2958853249436688,0.5929508094251296
1.1537036689650497,-0.7522345365274425
-0.28159053536982587,1.0264193771346004
1.2609100691750748,2.3181022604638017
-1.2379379412462965,-0.7914676425128536
-0.7393774124238784,-1.1818939743719894
-3.015324981849094,0.17554224383514822
-1.985926626329344,0.8755050498444104
2.711446208506029,-0.09138967205026136
2.4621429415834717,-1.0532063960426628
0.09868297297344378,-0.10858416178038999
2.4943971707847563,0.5980922727774546
-0.24011172991245716,-0.4070318269460593
-0.3651154538518619,0.6072550177549216
0.08476597269833455,1.1647107852399101
-0.18738239298534815,0.24023062577044763
-0.32279448534027066,-0.02794777127829265
1.715097160724329,0.8293439252262819
0.22520348093430465,-0.8561008274372305
1.0687226466507067,-0.9547098336929226
1.5470707879159964,-0.2665722849289853
0.5822786934821002,-0.4918794548144672
-1.4554069888623582,-0.8033419752904754
-2.029298833446058,1.8304684749987743
0.22317095221095778,2.1719932094942913
-0.2568844572374017,-0.35370504225558225
0.13108714338018257,0.09171894974836545
-0.024081058872879285,-0.18784282006379097
3.8753604902498506,1.1074992401181563
-1.995339383462007,1.305645561840047
-2.984919404731687,-1.7772637986896467
0.4985652502794145,0.4760108000656256
-0.564633831882293,-1.3068213411611485
0.4741018045949268,1.7582721578752782
0.8758245334260018,0.44024803021039804
1.926157042768346,-0.8233495383626361
-2.2608387305759075,-0.24132138793785318
-0.8350768467857445,-0.2889772582661584
0.6431418883211457,0.5251129428858157
1.1556953935308398,1.0419126041774782
3.2901743254325786,-1.14820729197171
1.4335559566708007,1.8387545009121138
-0.08518289382941568,1.6056901078208434
-1.3356536294139925,-0.8753235675910453
-0.8464347790785288,0.07280179436230931
-0.8890542344356598,1.710808544114316
0.982850442770641,1.232918586677483
0.38549616837874573,-0.33674303004789563
-1.9854743562632684,0.8143398145678733
-0.6538522036356494,2.9971982917191387
1.316321330177131,0.1051599818512121
0.5274935324610885,-0.6326482514400192
0.8529669240191557,0.1724198520913992
0.5743825650858946,0.24655209549731796
2.439646101913289,-0.5245367390000981
0.3540645957365551,0.44162506781421695
-0.579034196806047,-1.2544010597275013
-1.3736325617003409,-0.6655338670086792
0.3744141873145677,0.7582447761547977
-3.661056022162626,-1.7548708515422513
-0.2764335027490679,0.9031675919947765
-0.3087597898820159,-2.011981365705703
-2.0467062804259215,-1.731324578876315
-1.3923987579839938,-0.4989787430558854
1.2144862952223618,0.2868638428193504
0.34606762361244386,1.3252636031273886
0.15268250056099125,0.05762276315959555
0.45952130089803395,-0.24655360757598987
0.13894138192338532,0.5795812479848041
1.864293844287472,-0.8708988204679343
0.18514377255547312,0.1394151593464063
-2.1873196707281255,-1.19944625795536
2.4451949473116157,0.08259051687541312
0.5555104009932685,-0.12983632584940336
-0.8838805961926015,-0.8042679214494173
-1.880102577442528,0.16504063653773915
0.593871331437068,0.1585496531596428
-0.1757580074615632,1.1754540123391348
2.361220179048613,-1.6056334030627877
-0.5188609210002417,-0.0760489076970426
-1.2560711845237003,-0.7602623997034793
1.3436943273538926,0.8697620581762918
1.3879228390752472,0.7539120651921329
0.25297705141529325,0.507879845068621
1.0145355715123625,-0.7038332580694631
-0.05653068111335685,0.8854705829400954
0.3507976515138705,-1.5301309287433318
1.7474863238458846,-1.7353107035927715
0.9379775010322546,-1.275870999901924
-0.25391165749893707,-0.03347481032690589
2.0285438188892257,0.6751644009882938
-3.5472830591872686,-2.9760324740095245
3.078109967132902,1.3227428318797865
-2.558938642336103,0.1311121961784342
-0.940639237158444,-1.5677723475897751
-0.06137630279260356,0.10094697028958102
-0.21972100609224204,1.0925254146784196
1.5096165600398321,0.5994410153062589
-1.5867549279153517,1.099073062553966
0.3911502262245948,-1.366246629397111
-0.867318147329631,-0.4140052351384046
0.4427114690061249,-0.9246922305235321
-0.09715838969681477,1.717580205044318
0.1394034790244668,0.63936284348663
-0.8248872486965184,2.847009588957641
-0.7650959251441236,-0.46760953341722744
0.4309087710411404,-0.7246742116823047
1.4155732586340666,-0.14282663859515055
-0.8974190012967715,1.378357221422549
-1.3031513168593647,-0.36611968937534733
0.9201902485077555,0.12443759790694424
-0.0487558395865341,0.09669070288681957
1.2457472009789279,0.03949676120218946
-1.3586958200567214,-0.652398460462478
-2.669158388135146,-0.13729106791036658
-0.7995061227395015,-0.18010260135135786
-1.149528913897524,-0.007564659674649148
-0.11818260012044987,0.9435168181527083
-0.9552678214055843,1.7606280346244925
1.1115254270046737,-0.8404347626697068
-0.4322253936337743,-0.39199362478771504
0.2257117481608515,-0.8250118984061866
0.23645183766141592,0.18710153722227268
0.292432638618281,-0.5383494575109768
-0.03619366568246011,0.2397968337419887
0.7659010356154703,1.103626910444787
-1.1934827007387114,-2.5258316858046084
2.0991268899808246,0.4917798896006909
-0.3548060750528028,-0.4601870488978789
-1.9673237068480225,0.46042226798438896
0.28211003548765956,-0.8964694377502004
-1.2767707236712276,1.196260988306875
0.9980018017633125,0.9132806180402842
3.314408364063566,0.5683521485426429
-1.1798581373367751,0.7932257178100984
0.4985584998359772,-0.7456204671721736
-2.6332583830569414,-0.6196237546892899
0.6808578441620208,0.7524362008174793
-1.3285706996995348,-0.767729142768612
-0.9372519276517236,1.445635046658087
-1.651929734759742,-0.3235910712810316
1.0982268390821033,0.501894389860622
1.5109565362098938,2.09924951925509
0.03507782198776149,-0.7062233540680766
-1.2966400580035795,0.06876175084478278
2.3842845541557933,1.0541831646373074
-1.1256151916319843,0.9512773888765313
-3.243048449891158,-0.3278153102393581
0.6875835149356025,-0.516730437521854
-1.657162010462275,-0.23313593254505174
1.482913190248762,1.4478577661513639
-0.5717065450101283,-0.27910585635994656
0.9055698608162943,0.07811569248346499
2.102250519828237,-0.4267864709234251
-1.8132882969310828,0.7055485647959867
-0.8489056963386082,0.15552503758365635
-0.11350660898559516,-1.003433810758229
2.3063269785515152,-0.9688241140349944
-0.9875740769106682,-1.998605566555507
-0.8917555439235108,-0.8313214091256161
0.7172108633337126,0.7939458036321722
-0.8658430885658563,1.323760538012268
0.22878882434642484,0.685558363217184
-2.32730613145219,0.5546322006406813
3.321494913834895,-0.12652604952864957
-2.021563845464105,0.774914554913987
-0.48262905598531247,0.2862782230818843
-0.048721553763141925,1.8044489719871246
2.8690322015351937,-0.09844531417674846
-1.9872686713991101,1.3430080837361311
2.975556203218127,0.8741140818178601
1.1357652316530338,0.7354432862041588
0.6256429866348691,-2.01149132546182
-1.476950530526933,0.9291895615477108
0.8567118630571106,-0.12750797890915333
-1.0852299336297,-0.44392649443489174
1.8999918797976183,-1.4829130411779132
-1.4565930436615997,-0.005587133968183114
-0.16973774168412598,0.03355159681824261
-0.8329096320197573,-1.3030019218148046
-1.481284443640492,-1.473280172893692
1.1119797253618713,0.4866194801281112
0.8031881211144503,0.871705131061377
1.8135152983514957,0.19028290992242175
-2.669812662312251,1.1508346496843629
1.5962560535115657,-0.0863849843514986
3.7581733580353407,-0.05435127440020237
-0.6774616337654203,-0.9170280287407904
2.842722918163455,-1.5602419775537173
-0.39474190808973986,1.8546621338595848
-2.05861460634196,1.1312990502497464
-0.45844866361019343,-1.3925125671384784
1.5723059515129139,0.15575190783128046
-1.2572647234972971,-0.10004631110366666
-0.9005079885097307,-0.2739924731630432
0.8903091484397863,-0.40901784781493944
0.004590175107859282,0.38126914696797887
0.8769344287301112,0.8181755254714744
0.3567443111375038,0.40239116902820543
0.7194379793273594,-0.12051837437919372
-0.6484517787143116,-0.15722671689112
0.3475964130455888,0.9368143169226666
-1.3910595085439004,0.4634449381160623
1.9326504337550827,0.07268946303543318
-0.9514120752259706,-0.03590129760010782
1.693271231324084,0.34527050961228883
-0.3504104414742981,-0.46834868855944944
0.30299851613598183,0.8215388173082104
-0.7424468263360511,-1.0758585618378667
-1.5239931467520436,-0.41145650976648185
-2.617140581407952,0.611106095446024
-1.5829862378886892,-1.1328828133542732
-0.4858632798238828,-1.5730085426495004
0.3178187682433261,0.0630776754292401
1.515568969924895,-1.6964581544464707
-0.6686361896952733,-1.2988035540518614
-1.322941146400761,0.7565941185064321
-2.164072179004069,-0.20478525760573577
0.7200954268561559,1.2854869497089854
2.074791772994015,-1.204814340937455
1.899495401934433,-0.0939523656322844
1.0648991222208561,0.3995845532077593
0.9578149759013985,-1.1705149301289088
2.5464356695640116,1.0317619044996247
0.49812219212521575,0.5106788831660388
0.9691945140362574,-1.609287086687434
-0.4811757927779986,-0.037741796208600506
-2.043065056282136,0.38595673625863275
-1.0257733507493643,-0.5900566735280575
-0.013738557801982906,-1.4798649055088138
0.09117805875195428,0.27845878944741026
2.8894287822830895,2.2112429502825615
0.12191575138660304,-0.38698409915769044
1.7682651660384656,1.5692411812847087
-0.6526158623644741,-0.7522888217614683
-0.4675138286478512,0.21554563500995175
-1.9935114558351725,0.7715225308761193
-1.1134920193148576,-0.008413665971365013
0.7904720870456297,-0.29773564888123116
0.011340270591199898,0.7261275213503737
1.4144079298458505,1.8914551152692207
0.2718809225175754,0.3005869246391313
-0.5286805974566127,-0.5160601765303474
3.222445295680439,-0.189751557259683
-0.1408553530695708,2.5197076456453744
1.7445014545579562,0.13490711633812782
-0.6018138098170165,-0.5944136985779728
1.0643992190753497,-1.14506791648254
1.3920234887275302,-1.8259010941126057
0.31273795586337105,0.36358427384619
-3.531724384044903,0.6546419928245036
0.02737869128416942,-0.39669617996520684
1.8456900716399631,-0.014970418030954094
0.7912212495415956,-1.1704617092886238
0.6687583128438699,0.13292846482750106
-2.5833854009362787,0.4814953205671245
-1.0806826060125883,-0.5351642671676378
0.6170364467271585,1.6904526695858395
0.615574915180338,-0.8371063267469117
1.8220001701993538,0.28347660401898234
-0.21730013271914156,0.8483172197046055
0.6087361300107214,-0.07728950014938255
0.024561362896940553,-0.18847681889449142
-1.4804141047523354,-1.4288661504496623
-3.3836869966421212,1.3573414957162835
0.646514538195115,-0.1698932016675959
0.26092081261921707,0.5373654249348249
-0.9272625631502533,0.6727204878601408
-2.4287595847737973,-0.6282984920177531
0.9446092716131071,-0.1975286042912149
-0.398880111293328,1.3344823507435037
0.8353120835522184,-1.117197665740445
2.7960727956176377,2.1279180747572566
-3.2121463204795573,-0.744872785276274
-1.0494012130535457,-1.1795174566405118
-0.3140634199678699,0.1323090206885346
2.182239261219976,2.208348264339871
-2.4546045288097273,-1.910965935592205
2.903791538520907,-0.14101571848969216
0.20378385234943575,0.4762650172565557
-0.14400099260078736,0.033649958535531356
-0.29708964482835964,0.38192167000300953
-0.6543945482700433,-0.7180330821722741
1.5721751389037322,-0.599721845931381
-1.6027811311236584,-0.14842264715919978
0.5181212724657804,-1.129888087902751
-0.5762724985604633,-0.044686401440189545
-1.143200172771147,-0.3887452936715014
3.878962763525844,-0.4700451851548686
0.6285761021301901,0.3205064125986378
0.9198983169917156,-1.8206594931993039
1.7066651710029934,-0.22909010338315364
-2.132024917977821,2.317353765614861
2.6284378636830477,-1.086109686325625
-3.763435767742614,1.2855004964844134
-1.1531496150577807,0.05465612091269875
-0.6885475097683506,-0.6029578088814181
0.8725850474557588,-1.3206416595298065
0.3280773992122316,0.1396819652852321
-0.25022211104758985,1.4533971058146764
-0.0179960169415858,-0.3892111451967638
-1.4670345352838523,-0.08096142473677351
-2.2458485917262596,1.010370850190332
1.0897674335040903,0.34087079134628084
1.040559168804278,-1.5722757797245785
2.376741562735588,0.09888721585518365
-1.185025645222812,1.5122349106655983
1.0392228154513838,-0.03694118646749832
-0.42556009254709765,-2.741489429477377
1.7857124777902231,0.388214991591073
1.5329441650172124,-0.19845643954403597
0.31681409883668504,-1.8290944139212169
-0.5092952349989799,-1.6792080900537842
1.4413982679123922,0.9751071432888088
0.9703567848848487,-0.73238274559508
-1.026660603129274,-0.9074963807359919
-1.9916980102191464,-0.035638560931668735
-0.4327993510226943,-0.6442029983199388
2.2731207230223136,0.10004862777774516
1.7197307380995575,-0.20272002943667036
-1.668491204505871,-1.199995580093643
-1.7516361238498817,-0.5111977985613847
1.9120257745192295,0.4427533213091045
-1.7034538571367435,0.04191804023862554
0.7639429854630119,-0.08194248239183136
-0.9241068230044855,1.9373842411793845
2.425567386782524,0.7310375253855356
-1.1556371987068184,0.8524412648213425
1.7150422953087423,-0.16596840779492483
0.277287981090547,0.22014519035127497
0.3782922813514301,-0.4310999895256928
-2.9554628720271015,0.7775497655241282
-3.304370029808578,-0.11039990409904346
-0.330848910400971,0.2223777489305565
0.3703590951249176,0.16061130215516814
-1.6877967416065849,-0.018166881405454506
-1.6330401157145134,2.93818806715577
0.8422089447391995,-0.6666192774947225
0.8442817206856958,-0.6757115301586923
-0.20661159058189058,0.6940967468117569
1.1703025817791124,-0.5951689990751792
-1.76130344358022,-0.2914063613488932
-0.5339023756304561,-1.086410953355618
2.47181640867551,0.4915579194025869
0.10248319490972631,0.5042572444841515
0.18946877188049904,-0.3151920599234445
3.4589198789516096,0.7148166884800725
-2.099013248773156,-1.8581250137335916
1.1946455499631656,-0.7068534015143436
2.495979419712149,-0.1699791862109306
-0.4872868897478192,-1.1722824969029528
1.289446180282269,-1.748713037418722
-1.4730292458163572,-0.3078959650384471
-1.0300985933510274,0.6940200870607419
0.5774496240714515,1.2821083914265121
1.1978500096658853,-0.5472878832053729
1.6814047686093687,0.7332158376215936
2.3544428804092394,0.6365420380756676
-0.1011698378327732,1.2186081743344965
1.7904176327588819,-0.3501910303540016
-0.5134572651737235,-1.7985004951846741
1.353136967382402,0.07018585242274462
0.31123319677827266,-1.013793740969723
0.6685168606228858,-0.7235051090620076
0.6352618110330561,-0.3012191440531824
-2.407057514696718,-0.3389276313491429
-1.68618278829116,0.14155926689579443
0.15381215972628362,0.7031563164196175
-2.530918619461753,-0.3677355832759664
1.2468166547996336,0.3956975066080047
1.307333949432213,0.014816009930505383
0.4907558293166854,0.9354943958784453
-1.681701019136883,-0.18859185110631663
2.070208408302772,-0.07892667577455567
3.0558159595775365,-0.37440044799890676
0.22061524116896097,-0.16224853995849545
0.7658030676768545,-0.7834881283458742
0.30260798219406587,-0.8825972861435134
0.7955537834981989,0.775765385282725
-0.1793381349395941,-1.0832016831846014
-0.05184635976570501,-0.3191180896979034
1.3585764007460481,1.0153427862709963
3.518436242844661,-0.3527007950036071
-2.1001068516026082,0.8287404536855749
-0.15571872660445032,-0.5910457207268417
-1.7706907278481232,-1.051163606350194
2.3880373478641252,-1.5948258549008207
-0.8816069539798477,1.3127240692726614
-2.1648011906786913,-1.1368711816344155
0.9572804982728602,0.7471865901250933
2.616466672114667,-0.9999470267933823
0.9953968028411442,1.3173839179398212
0.30719681592287584,2.2067827246151004
0.6137113841639908,-1.6865300596903368
2.1222609942383324,-1.0847564341588138
-1.311298905021225,0.7731318638032247
-0.16777065612946943,0.5130429233658149
-0.6790352227643001,0.7769218547601916
-1.7517979609375653,-0.5737555504043761
-0.49256288912520363,1.9875341610233674
1.661581643973673,0.11804946668977437
0.8499032225890882,-1.2169625768435197
0.9664657501623006,-0.2531485000429449
0.2197134174799773,-1.2035668962288326
0.7849856740928829,1.5909413585541052
-1.200885513522158,-0.6603312628001164
-0.4642648288908439,0.4924834847446222
0.2880063554530151,-0.4706731449821802
0.41627378832283535,-0.6153873097625132
0.4802817823828095,-1.9102541812810507
-0.20750292302456685,0.5981746029905671
-0.5661351016954945,1.299181252629184
4.736656924566447,-0.9159675813651517
1.360180909398598,-1.5452291149986712
0.6197212139289336,0.8033160427378291
-0.34981274730959094,-1.646241349106251
-0.6768282404158148,1.2195329359482587
-0.19620089059043352,-0.9043951229546204
0.4392432653800251,-1.1032927428246264
-2.820653316094622,0.24846242113129152
-2.3540843930620254,-1.0381392850114375
-0.9553235834084364,-0.7071110812932093
0.3107091551678528,0.3539819326710066
-0.35890972072777705,-2.429112337166646
2.2171818391492266,1.6424192459283222
-2.2235951804936533,0.043640132465737946
-1.1270182044050556,-1.292966012403528
2.280137611486652,-1.0172453692868415
0.19667898701272024,0.9916463782608022
1.3272638742017377,0.6010529350741034
3.076870414904195,1.3867806572852113
-1.0407066268527339,-0.6827428448042349
-0.1489715066880481,0.29658383715080283
-0.4086403513963074,0.4265679117836776
-2.9318895067249136,0.6952675002522368
-0.4655952056339536,1.1272811234320694
1.321593281070998,-0.7172639058443472
0.8108843127183613,-0.11417026776048074
0.9286247540820152,-0.6101497455801451
-0.5632634709592492,-0.052611873356375655
-0.9841458540084621,0.6984327820629752
1.9038835078479308,-1.6540355002607023
-0.7459757195365043,1.1093715694592854
0.4411230581898211,-1.1391821242637497
0.2450020210163077,-0.30737031969723144
2.1925755243856773,1.2439419249661245
1.4571185365085395,0.3280097179834053
-1.9428879310006812,0.33952994826365984
-1.78132975016256,-1.1806260452951107
0.8683647271037014,-1.0440859358238408
-0.09650647106874977,0.9412563966689189
-0.6827576759306458,-0.5891435454843897
1.5234418259917062,-0.4949118732998493
0.2811890731333663,0.9639512510547117
0.07868608033416592,-1.0499135453695274
1.1697429611325745,0.269235132886258
-0.5626634924153467,0.04290732616769143
2.352778478208831,-0.002685725863242228
-1.182071434849512,-0.5184356318775039
0.9853935995131322,-0.5798551814633284
2.150749257989767,-1.0783641637948653
-2.0659432339081496,0.48266502604130657
-0.5150027637786738,-0.6681491915167361
1.7133110893283368,0.9687446211672515
1.7358668215965376,-0.2245550415906529
-0.2572434005823589,-1.0584504894210378
-1.102006640515289,-0.23781388214842067
1.4339037334961433,-0.41085719913647445
1.775323653872407,1.0091034117280526
-1.746995022768592,-0.3690001892515323
-1.8058704734495703,-0.2762103812003258
0.33788502297539935,1.4115467054924355
0.944040950143338,0.508267321463349
-0.44860362784508234,1.6627060160034965
1.018940729973524,1.259045004063905
-1.0652049102560732,-0.8871625883628546
-3.172040398610603,0.9899508544001078
-0.6358516084988941,1.5253032920745915
0.09484821976965177,1.5328131323234198
-0.41375993984468484,0.9880959835766874
-1.7379048954892278,0.9675229949091757
-2.7234734638182263,-0.30266104367554975
-0.7711332065518468,-0.8373820843495747
1.3464836574746155,-0.3522173188974568
1.8842961591205234,-1.6647890014327629
1.7815700762076827,1.3427953154217054
-1.2238643027228295,-0.28329295941771204
-1.730559485445546,1.2913307290649598
0.7449519224698431,-1.2314995772215995
0.9526500173968879,1.0826249210022105
0.6002544078007461,-0.4948806581793196
-3.021094911356645,-1.2843694083091741
-1.3003268773252,1.6271180521597577
-0.04453318542896765,1.1073116693407743
0.7308272919456407,0.21179242018578426
1.15096104390373,0.033937885134963125
0.21638028342306004,0.4395100188191182
0.4961757098073539,0.19462857791741106
0.12729818754165625,-0.7922759541714712
1.0284290613277245,-0.41205226978492193
0.46929847723636653,1.9607178320387029
0.09860649007093106,2.672156742628014
-0.40255319870607115,1.562668505230683
0.12193713756372165,0.4782239401626234
0.7268870682589123,-0.337749032701935
0.4012130833470918,-0.798185893896966
0.5712396275178806,-0.7322824104302025
2.0140827920267785,-0.5532676586867606
0.3977458841198811,2.1511640414257696
-0.9734977807097365,1.8062822963825986
1.3254101789912536,0.7462783899353939
-2.0492975065033763,-0.9606131764128261
-1.6221200711089308,0.8930559267110364
0.5037708970801036,-0.23861702851060518
0.7745950016798682,-2.1530094386441214
-1.8675768352559925,0.28710063740125935
-0.574226221480125,-0.8419130408340553
-0.909125748329488,-0.8080534290900372
-0.7300144843223951,-0.2504079935680075
1.4153966644094187,-0.4983229729424129
1.059758195320879,-0.03425681910400801
-0.028683269780561224,-0.0823305500172053
-0.8189428906723918,-1.8758090928476314
-2.024474505330211,1.520277988882833
2.130277408172923,-0.9833767229486798
0.8881708504273775,-0.952398385130473
-1.0600036561097106,-0.3285532517902975
1.0793992464373372,-0.10833484736929419
-0.1053354308619385,1.4589798168318389
-0.4306642572935143,0.2694234520549011
0.6528172924344036,0.5664654841095343
-1.1122473748690873,0.2745361875832817
-0.5156347792651651,0.23146158249877297
0.18219159629931883,0.3097295030870087
-0.7491767893278202,-1.9327341425689386
1.0036278154012859,-0.24991848483952864
2.803599755517391,1.1622611105711573
-1.1314471989107142,3.9423310108066856
-2.4976879444560667,-1.20430893253951
-3.002610251214392,0.4230799603243528
-0.22570221224247333,-0.5710465778743417
-0.9947468851892742,2.0476519038968495
0.3117907516006209,-1.3537827607914814
0.1988965080391516,0.6249394903158797
-2.4048252699211443,-1.40721109950419
-2.722325744222109,-0.31856666806083256
0.4438998605191429,-0.034313330749808996
0.2031432520799355,1.0696916817396078
-0.6387269975498269,-1.0771668261585279
-2.485715377698457,0.6633830488473854
0.7070868941474862,0.01877772338794696
1.907849318135915,0.2727933862859796
0.4169736603283834,0.9583327146851411
-1.2712108358475969,-1.2825566930052876
0.06682824835672696,0.8105949731485923
-2.0491711214005273,-0.5689048530894247
1.5869410707581888,1.0958734549768259
0.12276650179430823,0.3345576345378801
-2.6522353676298476,-0.20952838151705544
-0.45101154066552396,-0.5900259690908214
0.6949522653513462,0.8232949943553307
-0.49957143146328364,1.2609516854809275
-0.41384358216026085,-0.5328515408601846
-1.8366033105709076,-1.133006565781397
0.8498114806224841,0.6942110429452255
-0.9727038000287062,-1.4485309420337003
-3.234668065507549,-1.3055124375829716
-0.5568860560055907,-1.0627002755278991
1.4717245733555295,-0.4154504830387495
-0.5803941698999211,-1.336331889215445
2.6069774776852803,-1.9387999093815778
0.6434519228227755,-1.1354441943371232
0.5081372434205491,0.6424744465726187
-0.1925973988764133,-1.2715440721267672
-0.10242931164643596,-0.34026967795417
-0.395135452679256,1.946698462365562
-0.4534040881237897,-0.04917413002709046
0.7963007431007232,0.34253098972959317
-1.4037468446858483,-0.9460400182515531
-1.6138407430863895,2.163474853700142
-1.6847925763130664,-0.5412944891384287
3.0684818215157312,-0.22810468445151663
0.7955143525058699,1.3170586779673645
0.4567383025202172,-0.18173424485361891
-1.5862720054401471,0.047888782675214944
0.9350134510122428,-0.28168832078912964
-0.17485701967999298,-0.27483237805722727
0.3212534116976248,0.3705020108280917
-1.464930473795334,0.5529431891981056
0.24040328612636508,-0.6432484312125671
-0.6357503073097248,-0.7660804561469297
-1.1484167355452817,-0.6091360888575632
1.101159503710873,-1.4012540141997682
-2.3065617127950038,-1.5904302585192973
0.8471643964712258,0.29716714722490756
1.0267292003294943,0.9385958031751119
-1.3194655133268611,0.8710452931452174
-1.2304926916987011,-2.3819912731366584
-0.3345385218996033,-0.24506508704326077
0.42305431569333085,-1.102091955592559
-0.22928248772133825,0.1437374378208569
0.6503436902878189,-0.4178235188093812
2.6444694788060987,0.5919119062445883
-0.7615751537245707,-0.019153090401341374
-2.5727699560551307,-1.8960018949178892
1.2388853745459798,-0.9670858727995406
2.5249718638912944,0.005785114826653559
0.5891525445766865,0.09011042923108632
-1.631623013030502,-1.4056768077040018
-0.1858385448528014,-1.5364597035461218
-1.6777852263174484,0.05624533757317886
0.9642832409444214,-1.4036673060505274
-2.026935604047652,-1.6686294265007857
-0.4501931802423,-0.4451405126313417
-1.5065067394408596,-0.4884460913386509
0.1902370277024428,-0.8784004773393012
-0.5495125157066365,-0.7037369567249628
0.26514315487539575,0.013835723222394625
0.03352583244954849,-0.7201629036798193
-1.4799885415861656,0.07069702166483936
0.9403155952935327,-0.38046853611733444
-0.07314847776467295,0.1676501553866558
-1.4827935117988507,0.8782055654366451
3.3613898343086888,0.8392478453905953
0.7146452500756871,1.2882104710660833
-0.2298908300989581,0.8381468968971604
2.122806790052735,0.2385575315418043
2.7627234140799106,-0.4334316376401446
-0.2180241334708278,-0.3877609228162241
0.521096229652143,-0.8777773064358103
-1.4820042270044114,0.004529291051558021
-0.22078912615201723,0.6973874787119347
-0.2985938306398048,-0.7256676028830206
0.277240550432481,-0.037217858663773945
0.4991407179555155,-0.6773622287217693
0.8397426732420898,0.20935433018761473
0.35646398444993865,-0.5493833839499502
-1.816113939943747,-0.7395105712940526
-1.4077006586116274,-0.6799666949320253
-0.8196114291955094,0.5033287738455666
-0.4233608878848432,-0.0967494053303549
1.57616143570817,-0.4284217300000358
-1.7444084802793696,0.26140450254721065
-0.5361225722560499,-0.41451621746765044
1.4295142473210747,1.1265178936857032
-0.44981621174491837,-0.9738661536932566
0.6906234747642361,-0.1869715128172817
-0.20931306439185532,-1.4047652216670008
0.38517488598708427,-0.34687439189009384
-0.34270881571431083,-1.67963549770663
1.000598209092531,0.7463165225591263
-2.3175846111096527,0.7665037670055789
-0.5449680125828176,0.7841701737244763
0.4448590150414622,0.028872480174467825
0.8005428720092894,-0.879870404710092
2.2394289341307414,-0.8003406320359496
-0.5865370002983646,1.5301720552205211
2.2192226427913093,1.4356771037997966
-0.9885357399895058,0.12255515695077152
1.9929696173169655,-0.5156340340803272
1.2262006900475586,1.3686234226985106
-1.3701878694483343,-0.6945031613848099
0.4605588558777328,0.22884920809590747
-0.07685375329828731,1.3519573053984584
0.9383768905125007,-0.8363384996646277
-0.33490738264996434,0.8292235856371121
-0.46086933849259726,0.5205607958438698
2.053641874144277,-0.03951654223156102
-0.14808134168350945,-0.9934335991331157
1.2396334862876495,-0.7244397601032758
-0.33802722756629966,0.28945107285065863
2.499994888841285,-1.4233367948813866
-1.01750194400324,0.13074385901824978
-0.921215296870777,0.5410509840616632
2.2867757716738546,0.9852201728091007
-0.6674195863428792,-1.3983570744602225
2.401611459246589,1.3162472971612738
1.3377608693922192,1.6953634941799354
-0.2319745598412502,0.41015156771359396
-2.7199402080257378,-1.0380485814246605
-0.02897745640775351,-0.32810928836024106
0.152445080300137,-0.047597245118507034
1.7508265999565595,0.27046350873055675
2.3826707643601677,0.02198155264360243
-1.0274807687156216,0.2811651428946169
1.2017726459822742,-0.09074675733912281
1.1481032340200241,0.2651070945122431
1.6101190536156678,-0.46052342116131384
0.7480348682033167,-0.3381867169824685
-2.913746536442655,-0.5760251704766678
-0.23313364879163956,1.9172595345040717
-1.7335613623753727,1.4639007861743227
-0.30390865937711076,0.5552941900136158
1.470006354200841,1.3253089972677385
0.457726253812459,0.7984613389778825
1.7221362995961491,0.1812711595140552
0.512630881070309,-1.5055713410196836
-1.9474889095033538,-0.26216392012514006
-3.7812705098591017,-0.3350378920183519
0.2232131425193855,-1.1330751730921569
-0.32088969952674806,-1.486162274606616
-1.4654186090728232,0.4927193465670251
-2.550940874477067,0.32450432237081295
-1.1021148202090638,-1.167396980067612
-0.29173722729716406,-0.7458785064361894
0.9988167355595852,1.1612222731541635
0.2829466223519701,-0.8776965135165605
2.4121008707590934,0.1707989039338024
-1.5534060840680914,-0.18977829956798103
1.32158833808615,0.5063634710620628
0.07094811469309188,-0.8561076526564303
1.042003686177877,0.09008347754010702
-0.6547722948983153,0.16872257734587723
1.6075205608358847,0.23018080622921966
0.44283713751786413,0.0790738579626132
-1.0191674773766242,0.3446093205941101
-0.01803604336978222,2.191770332050811
-0.3593337884056493,2.561297776771106
0.7337675259566905,-0.6392161407867218
-1.769665124061763,-2.318242980352499
-0.044027553173541824,0.5954953007219735
0.5929608789739963,0.1862524599012663
0.049534960789549845,1.0610418591835804
2.0204118665834936,0.28488589971531725
1.1610341611065786,0.05860393952571911
-0.011221195111119922,1.1289065958772229
0.3250336462465097,1.268780588413842
0.44349832722299937,-1.3865600587809983
0.6049494062502361,-0.8166061871395836
-2.738486993496912,-0.10559295928867828
-0.4522894436540207,0.09843762392458368
-2.2266586022901396,-0.22598320335224872
1.9174214211892298,0.4342071778618859
-0.0912742800043916,0.9961047893171002
-0.2900114245194341,1.722709710720728
1.345195998049853,0.5789130237728995
0.633487196174812,-0.8523336784531098
-1.6929517715688107,-0.14737622519781826
-0.10635804379105321,-0.07535224125955695
-0.5027504598395772,0.514640239981159
-2.616799332909081,0.38816803343394224
-1.035414349855807,2.0503966511115097
-0.2753104830246984,-0.4615131352549084
-0.1724263972377639,0.3847505337668032
-2.223347135515963,2.354711397744092
1.7274983745712134,-0.5852068969036013
-0.1531545883371584,0.1451486961703552
0.056329614990844365,-0.9448805011240154
0.600962457509755,0.08208689962743151
-1.1821143808555068,-0.7802171481376415
0.6845339596990444,1.0468009034913464
-0.5506119690272745,0.14731885903139533
-1.3448783109707874,-0.9353972599822935
0.8601712400330983,0.8405676977916716
2.2375107882027114,0.17966603887158733
1.0872440602287476,0.9528187772234549
1.3844663477106463,-1.1476626279477486
-0.7809459098434485,0.36882441224866147
-2.3964295937526847,0.7733416946447087
2.2352062831497617,-0.4233774902357365
3.0817723341071397,-1.2590027269681512
2.314210160654523,-0.041607495370393925
-0.5036789084696245,1.2281152937809285
-1.7319515080932664,1.1259303306340565
-1.59852404672935,-0.42842843475557674
-2.5255988514210728,-1.2830854363764426
-0.16106792761506805,-0.4311797203495725
2.408516937123682,-0.4684776507319124
-0.2124939478083649,0.4464467833047774
0.45348435052241237,-0.10500150290412151
2.0633954464563127,-0.753264211737142
-0.6061429677485994,1.104263067260668
3.0532971850793924,0.1404258674448342
2.98814161124618,0.4354156527309408
-0.196667008020724,-1.7249854341312671
-0.8663013960288193,-2.424264870697286
1.0458570695854694,-1.4375457814444081
-0.521287413778287,-0.4805434256067757
-1.7348328256010044,0.5763560176138087
1.9218579802844704,-2.342246870407298
1.82467108091562,1.5928520643719872
0.23326740564534124,0.1705660267701262
-1.8942971305922667,1.3602949929499102
-1.844289376826079,-0.8859700824741287
0.16084393262872912,0.5038599341724908
-0.7498065517575483,0.0851959299707875
-0.5116393982124123,0.8176863130545542
1.5329447325900052,-0.23379136759971708
1.0997689761338365,0.4732152090075886
2.0672140207464196,1.1021953187712001
-1.4859348350658865,-0.6511762938917753
-0.514787353030068,0.24224423248964974
1.138472543190169,-1.8878622372223484
0.6721175115193376,0.7025030190633578
2.298570573881433,1.9546625434624896
0.6308050588561039,-1.2444360477486953
2.7721636561583285,-0.09138126042794319
0.8100267025847111,0.8804813009141136
1.5932511713829904,0.031417473466550466
-0.4852724201766857,0.16509955149322578
0.0214308178259836,-0.39099944152363864
1.3664166057592129,-0.4281522530879146
2.4194672558895816,-0.08669415358537777
1.0938554239661296,0.04167142213935586
-0.12475765790192922,-1.1814412615773098
2.0660025442925125,-0.06602198594602875
-3.2879679844198213,1.5685339387093264
-2.1333517522603103,-0.4191337935889047
1.0224513355025835,-1.2372549828746278
0.021162534379687282,-0.15141606798642662
0.9082704766862478,-0.7146128121242966
0.09661128364791308,-1.3383418253219395
0.856418541905809,0.13916846173262085
-1.221604231489786,-0.710282037151078
0.8557291291195361,-0.624714166853275
1.4916217923113768,0.153427380385389
1.830825905896849,-1.5331745953623346
3.02033144197305,-1.7415696502511249
0.3661476652535799,0.6708721945019316
0.41086663027076836,-1.930833600724083
-2.2847586962607718,-0.9766776953073547
-0.7971171017076375,-1.7998395353884376
-0.289623111009919,-0.4861364668488323
1.5754793284145325,0.4280587476511656
-0.9165016861344437,0.11233794873237668
1.1945100296232485,2.391873389457284
-0.0024325754450701853,1.0869156177890007
-0.26575217267214285,-0.9311578501566012
0.3733409536998846,-1.1970550048264106
-0.5867345583792638,2.706687940975501
-0.6435558721389982,1.0625720057333625
-2.557178858685172,0.5893696072695719
-0.3719313109918344,0.07485181221561789
-0.7199522192230898,0.27352156747501716
-0.7739714840236194,-1.4820732754824262
0.6253095938850606,0.15703917019676786
0.9879479291857645,0.07123139745901451
0.3482917569634914,-0.9041388431014801
1.4931227856742117,-0.5385264535684786
0.8633428887455477,1.5151763934435558
-0.4425842847084632,-0.1251749202948624
-0.6942844285715697,2.0711713025331107
0.46923335515026965,-1.7406794364873834
0.8606506648528512,-0.5221301862257478
2.0967664605472476,-1.547278551246919
1.7867595674101435,-1.2094224538918343
-0.8122095097607536,-0.8282057056592972
-0.15300942019089253,0.31530962677059116
1.006526707376655,0.26682617108038714
1.601996667088458,-0.6792903196276054
1.4084542030571883,-2.227799557336582
-0.09581674924702002,1.4776928730321528
-1.8810339786427748,-0.28576471603635617
-1.498404564368387,-1.1162901703011392
0.40895027147912144,0.2749307810700873
0.5133383691365183,0.20444517052317407
-1.6480190601515774,-0.3226764649999652
0.06685441633390744,0.14853101564150475
0.9468365354576747,-1.1550298404080184
-1.7268399862607162,0.7599128431764837
1.6574958027066218,-0.9968670947568703
-0.5662967228397378,-0.6055696553034319
1.8864196688649764,0.6488018161515753
-0.8001786686638507,1.2039589650102338
-1.5399382243262685,1.5857745680463387
-0.6872054847625794,1.0557982384665718
-0.14272218461598024,-0.3240721838017818
-0.5827198601572214,-1.5410330691004628
-0.32400213235967,1.4050555856028935
0.5009477245142855,1.370695988904976
-0.2567690546945991,-0.6719761533534957
-0.09916859092801056,0.9211890378245602
-2.5638395988038942,-0.3321777939307386
0.587547024015709,1.5012768835117287
-0.13380494653750197,-0.514864662403782
2.4154394707243063,1.9786512875485034
-1.4093477508809373,0.7861205475982457
-2.7124429927492715,1.7975448446859867
0.927102740895063,-0.46379726964987933
0.5197905274695006,0.405029604444193
-1.5126495307967187,-0.9692791983443653
-2.294623432506137,0.8439892521191966
2.306095096026435,0.8990415328371245
2.121165585910173,2.3970239182011865
-3.7311851380591943,0.4820397972196492
-0.6873345438847513,0.7240942025060932
2.496288082175849,-0.47083037650378173
-0.7140938366668004,0.5413793726352385
-0.7359183510399789,-0.3798912086875837
-0.42413899144405254,0.11586075884199988
-1.6813454606522389,0.17451566154579515
-2.5571636163420663,-0.35230487334917043
1.578820966102123,0.0629450965419935
-2.7644053593715134,-0.3752951697134206
0.37090717816313384,-0.3797311250338392
1.3298692391364744,1.0766646515022715
-2.1768394483517377,0.17541364182641137
-1.3864026038926074,0.3470662722002771
1.819768782587385,-1.4573047689855358
0.7993375803405598,0.4234583318303899
-0.9259285603183307,0.5304234639752379
1.8033735050417565,-0.3983386226887527
1.8098035851814536,2.0850296762606915
0.40357903952356067,-2.289227264184065
-1.3502403418104945,0.7843671357705463
-0.620173055207693,0.7128048049548621
0.4295801159330852,0.5415829319994119
-0.28289224372123234,0.176212705638623
1.4084357673522772,0.5506793226250375
-2.2946611201640046,0.8681754795558938
-2.241395293599358,-0.725887583831994
0.27130666722364866,0.2991956221800896
-0.7373166207103569,-0.18331684202330392
-0.9405729220466112,-1.0937684002255086
-2.652085078761596,0.7171699746132896
0.029318767197272635,-0.5643604246840334
-0.07913266200114849,-1.497858674779467
0.9802184729276111,-0.5391106607016489
0.10335919968145815,-0.7988988980931305
-0.19890611736074512,1.0284790091901104
1.7655009551855056,0.15319314055807765
-1.968700955172825,1.38238274568994
0.8045838282713642,-0.6665562312330459
-2.5067207471930235,0.8741698718964994
-1.2575428200012115,2.839622914807913
-1.8189856989349706,0.3560324671271402
1.1729138031778774,0.8616488623231527
-0.09811535039309102,0.6935176642254062
-0.02025486688946513,-1.4220753274258267
-1.6600994815941763,0.5858172974674507
-0.4495402438993338,0.3064563206495689
-1.1451979549636675,-0.2597473833983092
0.575182522281324,-0.8840363742048806
-1.4866367029974206,0.6939832403270371
1.994691547807614,-0.9724037396106213
-2.5133706744361417,2.133645604681897
-1.209779748684842,0.11416908348812836
2.5158007649491445,-1.2233070477865036
-0.6527081219430516,-0.5139962783283388
-1.972317996606618,-0.27813433828981726
0.32860734380650297,2.412376653923846
-0.7130883633218134,-0.8845889468094964
-1.2538053834274587,-0.11621726325138722
-1.643806216198076,-0.5378283698650225
4.152560408438915,0.4992584855816643
-0.3773278502762045,-0.5218834137050445
-2.8883510404993156,-1.1390566661397103
2.2405646385083013,-0.1952945797961987
0.9166063576658561,-0.2993938433322431
-1.1496996465296816,-0.5922443776240135
-1.3996786330292126,-0.5388103588971175
1.0102091942373461,1.184695797881003
-0.37037749123418195,-0.3197402142675043
-2.888966727667652,-1.1341276624784327
2.6808599469070025,-0.4621159637998562
-0.6509856933239355,0.054335659465392594
2.2433576047236397,-1.336269636551354
1.9176524369485726,1.6259779600063986
-1.5015143167242213,0.8675794775062722
1.5497847965447218,1.4301727436187794
-0.9771638247955219,0.3921281254876826
-2.8000508802059128,-2.0936974501301004
-0.6368972490332138,1.5353337166385135
0.5964562526644185,-0.8635683597098927
-0.6941049719945068,-0.7821867440020989
-0.4605725113876522,0.1563251439554436
1.7153490673929195,1.3782298466701495
0.15974097043513777,1.0532871339523997
-1.2649474669274288,0.9062811201760208
1.0530454855009899,-0.3118270528745533
0.29651335043136773,-0.32760752609211174
-3.782407202193064,0.3459436679800666
0.6425293706571731,-0.1300708412835327
0.5877430615741525,0.8893179073293531
0.03018169437128998,0.8301176644952266
1.3375508716043627,0.5913413211727055
-1.0085903764897532,-2.5259612817693786
0.5047496832313513,0.12798836367726404
-2.3504390567510294,-0.10885388073270116
0.6106355750982477,0.16802560175953143
2.9295895433098447,-0.7543246385464069
-1.4922845287013118,-1.3247859103992252
-1.139703197981663,0.46313847997504015
-1.0650231643373285,-0.3563013177320619
0.19499733870239294,0.5746929937075994
-1.5945544092805772,-0.6709143776847711
0.6318710680364703,1.4159106404926767
1.2702599182037477,1.0010648425707633
0.8015208201806765,0.29682710854588035
-2.6526231384571086,-0.21328841338594717
1.4927514977379093,0.852408877798197
1.4060511213805198,0.39254781523740595
1.2452420585194566,0.23858418793060485
0.5592633729837375,1.0428654095596086
0.3302839713076992,1.4265361544066402
1.548584097189595,-1.2524111844855446
2.885270231405182,-1.0503841073498064
-1.4295606950472748,-0.780260725478798
1.6171880936921577,-1.5024245976435517
-0.12932564701117913,-0.06274852556915117
-0.19450957804290103,0.6001164552445062
-2.3047960355730575,-0.021418294952336624
-0.42718411427309255,-0.5341216416128957
-1.4958974369526232,1.126457757129158
-0.6957816442589185,0.14055640320674964
-1.6472795756672247,0.34298296736631834
-0.6733625809695095,1.15423480489976
-0.6091655355351049,-0.12324193885113374
0.14513237765820047,2.0602140726246807
-2.4221247934369963,-0.44781500387176604
-2.168277221617985,1.9979482045128998
0.5428714060957899,-0.9747351819124206
-1.1961571756051483,0.5174849028804415
1.6117946853448966,-0.6425321688062371
0.33790458302257004,1.1195661169810924
0.910143225309611,-0.47823260785842847
2.1160384806313424,0.2908711906440859
-0.46456621770985884,-0.6505419960415696
-0.8617300581244135,0.9372251736666143
1.3075538783982201,-0.6557512606391394
0.7642703458945289,1.6834148447426684
-0.2809954647319513,-0.9959971069613903
2.0871869504339133,-1.3456279183281468
-0.31836646475989583,0.9515520780790863
0.049160456333672144,-0.5916436402635217
0.031833976251387605,-0.007237313449535615
-1.4018908423477066,-0.32224115383572083
0.11637808422958644,-1.3126082671526902
2.095140266097737,-0.076993664138338
0.6674524730642637,1.264915894972302
0.04659513959839716,1.0031370033055655
-0.24265092174850353,0.2317927626259248
0.49630054260952683,1.112268293035107
1.1246499427337775,-1.0595185846941766
0.9138582463346294,-0.3254543289050063
-0.49779729273296874,0.39580494073020817
0.4871723911651718,-0.1304148268171117
0.719909611722418,-0.24682333047655725
-1.5107924812904674,-1.2006437323210952
0.25234581177554155,-2.0813413886427115
-3.241955829453543,0.8178664249496361
0.7238005647317776,0.24322157325222585
0.9905145818440224,0.901998378210093
1.1213191886796892,-0.4372359421583744
-0.5925702782543512,-0.712777884827594
0.4635702525360522,0.006547966636634446
2.1359307683117503,0.8541996486128164
2.120654472436888,-0.23145221498765425
-0.04375904883984094,0.8017851843284858
0.20897944609433974,-1.0063080055930869
1.6663667171016496,-0.1614471331698672
-2.2512030228932622,-0.07011414407803107
-0.4846136140155368,1.22638994392192
2.0033556833051347,0.2076273980159083
1.4628008125271492,1.746077518294195
0.553895666474857,-1.3476847999474826
-2.2587486079959307,0.12991890441127968
-0.07486534956174302,0.1793980391804458
-0.8848730943748996,0.6200931975868672
0.49655835422582023,-0.8133599364488912
-1.2140200271923205,1.684446339410836
-1.538585092461911,0.012963941471759196
-3.0972979165254624,-1.087067512934918
1.832707027465052,-0.01602499041361854
-0.5996557671645862,-0.31316152288011356
0.23571867555380177,2.783235142247329
-0.0033571747112716398,1.0499435995250135
-1.601150899440749,0.049661355708217385
-1.88859736717229,-0.11191668519920464
-1.5079726889958533,0.951056862481465
-1.0847526582440894,0.9988621603282145
0.5499093705207074,-2.911549919320649
-1.1935764952809171,0.6429931547333338
2.6197359473919324,0.02796654397862666
1.5407265538397266,-1.3111438217869762
1.2125393244985625,0.8802141396241769
-0.1794883537097252,2.2461880135582653
2.2714211035807255,0.5567959468277808
-0.32700844668168605,1.1004284422568642
-0.04689212123136911,1.8041190919644037
0.25496180962390413,-0.8302621507200517
1.052734560815016,-1.8575714451669172
0.955362118504478,0.6568660633095018
-0.7126879176669049,-0.24761153644145104
-0.7994905791389306,-1.374173452371543
0.9598544357281267,-0.0781699361357932
1.072854875836849,0.7275473737906202
-0.5900266872343092,-0.14897166476435994
-2.3807821045176807,-0.7868276307350374
-0.3109741440123669,-0.22350706029651027
0.935288698238788,-0.019476465301345502
2.708125269629671,-1.9294822626260821
-1.796936943510993,-0.14277495317069325
-0.6398568792458603,-1.3443404721448917
-0.5841053422880649,0.6590259520210962
2.0337080091472517,-1.561042575586778
-0.05241225068794916,1.0126922045509361
-1.3609898390583983,-0.40916506921394147
0.8380429243827288,-0.5429757067720121
-0.6069577800614195,0.29445459730197204
-1.8365809100369317,-0.866034445223392
-1.339159960914226,0.2787457541300641
2.601062931633929,-0.7321087746883707
0.5763138324741934,-0.5567345123247693
0.16164008317881443,0.4053541693291353
-0.3748406037180692,-1.1385807337343827
0.4382232631781983,-1.264337301762357
0.4203539190037414,0.24822550741034183
0.43825324231098917,-0.026899852489384587
0.17226763541662948,0.168692744809392
1.303197507458324,0.3276392367214207
0.03465651900109655,0.05737555380698128
-1.4669082533289581,0.6080926239670689
-0.9186343363513023,0.09743628697865848
-2.9685280402345686,-2.007303899675303
3.0402256740635885,-1.7478845946618555
1.29413188792903,1.9279491802420827
-1.2451057426938554,7.186705886302617e-05
-0.42276727409564985,0.9502416517170968
-0.9553147113096501,-0.3457039056270759
2.3138208170611754,-0.05801509439393041
-2.1298157464063934,-0.4533646542708436
0.17171408822816892,2.465927331461365
-0.1627917638472718,0.2532424223641424
1.2402579460636716,-0.5348579055061975
-0.15601384158704248,-1.6515397134301908
-2.6373133149831527,1.9737334427358522
-0.3766767519636613,-0.16327838522830335
-1.4582433269149875,0.7442291195615972
0.11936931983484098,0.8559972903065459
2.15126555478049,-0.46283052343037057
-2.6091378663484175,0.672452775386156
-1.2003341030998556,-0.6041382867516175
-0.8290394306752455,-0.9904263620394158
-0.572446643119817,1.1644646925122124
1.1101884961578663,-0.15818937982219936
-0.26031662634208125,0.5185128336026553
0.6237040885806677,0.41092099388177106
-0.9386595655976645,0.637931960055289
0.3448865181269063,-1.5565369342016249
1.1666964463165723,-0.5852905313163699
-1.0984493246056326,-0.32447515749642497
1.172037179709772,-0.8314786729014906
0.07855915309135272,0.4290068480163878
1.568190360723379,1.1868930775958975
-0.3021298501154603,1.3451846553462978
0.5718669827431482,-0.33920476520988363
-0.060909347517795004,0.2919658624579071
-0.14431839306086844,0.44564350449009926
0.38839564233853474,0.6212560942035293
0.8052112038373556,-0.8781350730726438
-1.8743473678860076,1.820580268264966
2.1504504132268165,0.9265201843464447
-2.7894945608246977,0.952649343692441
-1.0272181646083438,1.2034600569003968
-0.141403606147351,0.5341359422659844
0.6185339536289222,-1.0273134230509724
2.364258791612068,-0.13897273155510673
-2.787437232337661,-1.6510533950619155
-0.7615411925845659,0.4150725096990842
-3.190250231698898,-0.16921365816554673
0.04743296086537166,-0.04052238352693171
0.40752537675004596,1.2040011300856512
2.386193613256879,-0.4569940385564593
0.18095214134018117,-0.25212315877207636
1.5660376941635694,0.02197329596321629
0.8757556223085885,-1.8399922494136325
-0.6528722955077525,-0.2660636557620032
-2.113441120188059,-2.4857949122861833
0.41250344743771616,-0.5855215618957392
-2.238153025718046,0.8551890533928274
1.9428106090044661,0.44726655825106904
-0.24309315305523588,-0.5948203104540761
1.7927661172671248,0.040798218223812355
-0.7203216511985991,-1.0749895671304055
0.40327617960148787,-0.0023434031495201645
0.31402328600203316,2.93032028549251
-0.06756617701638593,1.8458013203719315
-0.6489892700948882,0.05262213001726112
0.5886840277057803,0.16014416491537442
-1.3892448952248124,-0.979565314634551
-1.814152993438588,-0.8017891079510504
1.8642403399902414,0.3621843221046941
1.090751983338151,-0.524892565636485
0.09883741290335991,0.904149594851582
2.4977135738156724,1.569685680977757
-0.4016482780872672,0.33262078478103885
1.984054829983469,0.10173720583992668
0.26336112738873274,-1.6807796249106517
-1.5371261251145851,0.74761024527205
2.7720602876562745,-1.1436713015390583
1.4860662699361278,-0.41800912863341977
-0.18153154651434644,0.959575892385135
1.0907568893009236,1.029758164309032
-0.6055551509968602,-0.4665075273501172
1.2437235525893129,-0.4089155349199863
-3.586617847925939,-0.6993188732566719
-1.5297020005418904,-1.1978537453259108
1.4688896164304444,-0.6347954821042419
-0.374483307328379,-1.6131300189146887
0.31131344233311287,0.6830625815082649
-2.0201784931731517,0.39452360516187573
2.7718004935531546,0.5605292848705127
1.785794465576515,-0.9544040505751428
-0.3010278275629946,-1.1950705635150563
-0.6070437852949895,0.053514274313560234
1.5444065421295394,0.06410256495022532
2.9737056752533917,-0.14726982751294532
1.4306403837170305,-0.28948326918784945
3.257704001094903,1.7107757776943866
-1.383526993592877,0.4260250117929784
-1.229080245748186,1.970678391466491
-1.783411677080023,1.2689650254316331
0.662640974474219,1.7032709260173449
0.2634053247065553,-1.074462766356002
-0.2279266852079788,0.5931709909980298
1.213887942184948,-0.431765488993373
1.848492907821996,-1.6633867113595329
-2.288493613930263,1.4960031695555258
-0.8954580418516732,-0.29369252570562915
1.23021539118459,-1.0551016302666845
-0.7016080257878731,-0.41456386324869343
-1.1973091145372312,-0.7962241227738193
1.5278061414755921,-0.6936979676166672
-1.9342501045859701,-0.22160339018264946
-0.4523697116866575,1.7308151930447429
0.49296603870721284,-0.6663172165446257
-0.8607298708651782,1.6592706642191906
1.1747334840197623,0.8488367959795216
-0.8533154627960535,0.39627156358608606
2.112929240168879,0.748120032251875
-0.18861944624365895,0.013655663837457525
1.0069052050580303,1.286050103863426
1.1190359294742245,0.5669802632671008
-0.9413100041161091,-1.664665985025513
-3.080229822983833,0.29625193188996507
0.5411336319957523,0.7839731429926151
0.10843252068730426,-0.28900121860121725
0.8337390413626911,0.12625587271393265
-0.33979120857425704,-0.6128579946744069
-0.6456415482010738,-1.3776256560635605
3.0127095164725493,-1.55037687093124
-2.2085310922661665,-1.5370679870688635
1.1009257175463576,0.6690447424705321
-0.8619027872750866,-2.4902817083763287
-0.5036679266106331,-0.6664799269634811
-0.47565424886094854,-0.7656532852453778
-1.2051514112568857,-0.2821595359874645
0.8568363153543592,-1.8564315499362027
2.085965393924936,0.40388809474061865
0.7050204918699922,-1.273161394159899
0.1550729943181427,1.132405540709269
-1.47966074864887,-0.6217656875888323
0.7752378987366764,-0.09561302341192035
3.234524447593948,0.003773856555206271
-0.5710419356926387,0.244241052860572
-0.5639753690277992,0.03701437749614225
-0.841633696471496,-0.4271105487326319
-0.7341213517416306,0.3430485306940432
-4.117949330508576,0.4661471304949542
0.6075530787835692,-0.7651346671096204
-1.2683282645319207,0.426367818973557
-2.4153946781877003,1.191720302401696
1.1297849245988232,0.7058941961045526
-1.6230266775629043,0.932375241647187
-0.5080035808256365,0.17192084890744544
2.19966358678287,-0.9361504460748792
-2.11382369703677,-0.8096444597036451
-2.298897351896643,0.31988796785441165
0.40395928434350725,0.9427637251523103
1.7242310460155528,2.7859119139940556
-2.3615125765979443,0.9818219444386037
0.6115346052557656,-1.170435757497502
0.8714993099425381,-0.7672725723599824
-3.0887407255384804,2.2785173159559986
1.1977520068608303,-0.21438893197677833
1.3149088197632692,0.047514634761288484
-0.4676783598840371,-0.9604169204092289
1.8785195434470123,1.5651034055742439
1.7046833614872678,0.5003332073206254
0.15467688857580728,-0.7746013478853117
-0.6771680854874005,-0.9938252888572712
-1.4592418388744357,0.3072039458978721
-0.056345264049286845,0.04420617488045252
0.8546383795562685,0.8321102172211272
-0.4862652915609619,0.5469684731271998
-3.2962515078930448,-0.2644803487686226
1.9030708418648556,-0.5438015954613664
0.2853348327673406,-0.15994214829883396
-0.5694367450152508,-0.5506808466567625
1.2857375826349327,-0.1301955328047618
2.2869578947241345,0.016440928619381696
-4.202867354231837,-0.897930893380057
0.6513954748831073,0.6306798620978803
-2.139973816215521,-0.3704277144696703
0.7486657601984119,-0.8418843502853434
0.19189080356186888,-0.35160742828186803
0.953589789660825,0.24225815662028627
-0.7488714217419828,0.08303819981330346
-2.809860167728728,0.4221181149044621
-0.6755522868850021,0.898346125075529
0.6102714527096746,1.3049402040080331
1.523088493012835,0.2854861626880532
-1.7577469507087877,-1.0694023872354967
1.5405906403095262,-0.26911080253030073
-0.9718084344697819,-1.0043183843830081
0.5436748223917898,1.6968540737122817
-0.7648409292984492,1.9874008825271634
0.2732559415681525,0.6503111974963428
1.3378164518554119,0.8584588426390306
-1.8405211159328037,0.25094319323665915
-1.0198588451202473,0.36605591546079125
0.27744388101312994,-1.5974542183291225
3.602375491545528,-0.07393236525691027
-1.2947845682502421,-0.8811530623462598
3.060200828995378,0.2813565375383702
3.006634955512756,-0.0596098453885342
-0.14596672605238675,1.9468219623461143
-0.44722878929985044,0.9166276887228414
-1.0380977979970376,0.2845119825216449
-0.10230379549900365,-0.26693968713962596
-2.110079148839337,1.6760214587599298
-0.1143585259808964,-0.029954646126529826
2.2453204107762845,0.3316739616352778
-0.9166275937150765,0.042249604426835
-0.36108645598357614,-0.4041539057073227
-2.5517107114008626,0.03650622238552014
0.5610931321965653,-1.9619668506783159
0.3967225274270609,-1.5477064012411874
0.09555353964865636,0.34963054166962754
-0.32524057533321504,1.5681996905274862
-0.4391368781586821,0.34822110414416885
0.7528503505510079,-0.7203688548966539
-0.043224902382934964,-1.4428537540673354
0.47245780733299825,0.7845272604756386
0.3224742261818219,-0.567195151015101
1.6851409306436427,0.64323541855256
1.0154911460625813,0.38986515806571725
0.289292764725286,0.47830039225468934
2.27763304597827,0.03360170735355592
0.6304027935848422,0.38364438496964126
1.9574440331856282,-0.1194544012563351
0.9104139125799567,-0.6353065343682036
-2.7628786183973144,-0.9634990605160515
1.9572521449789944,-2.3850087979709786
0.20276436201400364,-0.18110956240450954
-0.07793215635116693,1.519378182951953
0.42202252123436557,0.7300800925375974
-0.5174747429356011,0.2277091184759583
0.3405432905834179,-0.734004994289151
-0.8878140995146386,0.9973392257590772
1.9114083881015551,-0.1193093118030249
-0.17038217043157544,1.5749343137890586
-0.5738757640836503,-0.9810872632946813
-1.3873887235789109,-0.7499695279726564
0.4031636837229622,-0.8472699442196283
0.28066065018763786,-1.482118370434013
0.5826369205162596,-0.9370446851917625
-1.5408778312576934,0.10321625976591761
-2.4017717982173594,-0.7122010248506275
0.9383869537598397,-3.856375329240597
2.2269627928147613,1.0742732974201217
-1.539530433584844,-1.6840937293474054
2.3841619253425477,0.589228284886637
0.42586658810457134,0.031214589669564773
-0.010594356826244572,2.1173728164203425
-0.596323044818667,0.9969574815226198
-2.076777029137495,-0.5046045954849743
1.4815927738868995,-0.702063562355312
-1.1634095421564046,1.5027276807992853
-1.1697100136064005,-1.4758710971014117
1.487889464830432,0.19087993591870805
-2.82447517000759,-0.131120463249672
-2.28539671600225,-0.34322606870467587
-0.027201365262122655,0.3535139844484254
0.4399266435072781,0.18955986050867568
0.7271019719533858,0.45740074279174425
-0.45269774009437924,0.13897565236328388
3.795554502962534,0.41768140501724765
-0.34183883814875116,0.09336519293159469
-0.3461792281540832,-0.6594268872163145
-1.1954800032208162,0.004001260236595398
0.18586022478160663,-0.71438655970402
0.9224418480701619,-0.7803766047308504
1.8053670818001901,-0.3361500027177518
-2.233926396660327,-0.11942316073584242
-0.36899300753355124,0.03522530634781082
0.6700554162137162,0.9163788273633305
0.8805863018918034,-0.4984640825408434
0.009822986706808914,0.1968519264748205
0.8136359542981527,0.11802771394381888
-1.2134458393887007,-0.6086282874660651
2.336858148477535,0.07374078620654491
1.4889421544691444,1.0027214151773136
-2.0173916805977585,0.1865062168834001
-1.6126545721751335,0.22658392902730803
-1.5703826251603592,-0.7053283309426673
1.0169549563447926,1.9688588512048761
-1.9270916496262007,-0.648356370322501
-0.4965365013121209,-1.6677834605474777
0.6820565946251615,0.8601841202180764
-0.0992489018196521,-0.11481703964842598
0.3883312735690587,-0.3030418209470751
-1.5987040670231374,-0.5455537804115271
0.892281560095867,1.871714624315838
-0.9198178387139948,0.3545902786046827
-0.4869295115969119,0.5497512216450848
0.3565975918589792,0.16261562358226733
0.15461733229627225,0.27004961344519623
0.035970028523389444,1.3986246105594142
-1.1259402329651336,-0.250854661227695
-0.44932411679878825,-1.4569375455207298
0.0032753862555539182,0.8680546542277768
-2.062627849750627,0.496701612242392
-0.6937994494700682,0.10797981288504269
0.5815198185492697,0.4707532415477864
-1.916154905768014,-0.3707442202941741
1.7348724773913595,0.020692582854259692
1.9044198938997643,-0.13170025385990994
-1.8677258639401284,-0.5914882570709169
2.036429449575209,1.1891727831050025
-0.21537238306820158,-1.4122586274178004
0.6277718387355822,2.3608821718129667
-0.7449765781923701,0.8773622092064753
1.3845672408401428,-1.777975534702351
0.6091410282730007,-0.2241663294909295
-1.2212298848964052,-0.16854591590355783
-1.7478029999479328,0.39188662894211224
-2.190453652813834,-0.9893782707397202
0.28191266464913467,0.03202534336821736
0.8587071176696037,-0.12111939812264694
0.9764485181691622,-0.7376183625734388
-0.17697164191106676,-0.8767522314712319
-1.735494683496546,0.9188046467023571
-1.0231121970356745,-1.6965825400425936
1.7285229584428885,0.47787893609605137
-0.726942846900122,0.7975103068781241
0.2151264460222142,-0.21855833833841642
-1.6134757253623313,0.05237283972499601
0.5048745681885525,1.1634949996973813
-0.6865268425186167,-0.7048515107240569
1.5700690706636455,-0.601652428889124
1.1603365593102202,-0.49548368109930824
-0.7435589198623496,1.1653255992232814
-0.1899960410214951,1.2922937468847076
-0.8266743600609432,-1.395890234463619
-2.129149794817515,1.0062407473116368
-1.2861636443208249,0.818908306347284
0.2973259915812302,1.5535948104498276
0.48788924734437283,0.3851080321263795
0.22282185538895832,-0.04426012027857669
-0.4525995809379536,1.1452166865716589
1.3995999085814779,0.6989037915017654
0.09531285684140609,2.2448984141487265
1.0548807421439208,0.9587078449618279
-2.6606626983037778,0.1535479764239154
-5.883600377427514,-1.1741043803761713
0.42568204175712016,-0.5809171771941184
-2.1371484805822343,-1.435954978028016
-0.31867755406958403,-0.21506203606086322
-0.4531455615369085,0.9260675932328454
2.3811009036233055,-0.003671088480515556
0.5999948294154096,1.0217252687600726
0.2487885401980091,0.3375737334390134
1.2554867319505105,-0.4030922897540097
0.5527463802585582,0.0876251551699639
-0.6865154894826496,0.4720966910550961
1.6072138953818396,0.1392233984636159
-1.6646251918324113,0.15068422885191396
0.48487078130034333,-0.7690501075867064
-2.3213546912044665,-0.432976265242216
0.3059157862739925,2.2584607961546443
0.2894844626593942,1.2284664904235425
2.514682442871994,-1.4738408968097159
-2.347460840162669,-2.3669689575063617
-0.9013307637807189,0.07619242144872226
1.2340236398612157,0.8934728944259902
0.5029758845959617,-0.5199418374222072
0.27045757700625456,1.021658728197938
-1.434203554437809,0.059654565007084104
-0.8862275221371438,-0.16306127972697482
1.867561512334885,0.7561151761751815
-0.07726379063089193,-0.5318757929022689
0.56303954421671,-0.2867063218036532
-0.1727824931647185,0.670167262130463
-1.7746282728746479,-0.03139593706602425
1.4007156391124949,1.9087762733777358
0.7548485767987445,0.6938254128560183
3.458455256050784,0.6288138283327617
-1.5233720694758177,-0.04950464606506815
1.2338593818007209,0.8747546767096062
-1.967315949055502,-0.3226077728016462
0.23601985150961652,0.28237775119951514
1.4647598835947468,-0.9162930470045603
-3.1082026741447306,1.0394413922305916
-0.3073987113624118,0.29060469726179183
-0.8448146010639305,1.9825130636978765
-1.0529359474426827,2.392298383669758
0.5778189783890313,0.7633194514331476
1.681028559633893,0.06842531120790343
-0.19991807284373325,-0.9460645121255687
0.3082296413400303,0.9047498032588243
0.17146312958887164,0.21028456389522832
0.0027052595346212646,0.5380348391544619
-1.6340139565681593,1.7297873874562433
1.6626669025843392,-0.8244232886633468
0.44279305223825405,-0.9243041684813366
0.5923222350038665,-0.23642593837068013
-1.2097644435383734,0.8212011497518233
-0.6888305969838608,0.5548672402144881
-0.26420129656616753,-0.8956885116957725
-2.3011870401732772,0.7565529007024825
-2.532051487796517,-1.201212818893263
-0.9011218959578517,-0.8377416743488576
0.7837811496635849,-0.11545731718918943
-0.9797060848949113,-0.5534312459752201
-1.5282077963860703,0.8898594886509348
-1.2220284798565053,0.2863784830010945
-0.6830136347179689,1.7655611776272604
-0.5307884442301556,-0.24718536535441432
3.248282178309835,-0.1222021510407434
1.5819309427309776,1.210382609061763
1.537161168422592,-0.0909208031237956
1.752870546410072,1.4940052477075458
-1.4982313040010742,0.5408282103844916
-1.8335469224808587,-2.352786469885359
-1.660305437301085,1.177570414149464
2.001759200006757,0.9127268131198087
-0.8207876833237364,0.9513326061105448
-1.8770342733589302,-1.910978378545258
-0.6464943003297194,-0.6629899612710476
-0.35790829757194115,-0.5887048335567698
0.4026199105418432,-0.8411213675603924
0.3764265310680645,1.7419225318939382
-1.2422708458102623,-0.011767837823633949
1.0284845887705663,-0.03656094262917065
-0.9587903006252372,0.5520083103157789
-0.23441450505756456,0.569301667889382
1.0301611057550326,-3.3348927106258297
-0.9627321059165121,-0.6463575371493634
-0.8540271353717064,-1.4127885777912768
0.8875020745396965,0.40030609315481963
-1.2865997649075291,-0.2888924143340474
-0.577188035406106,0.01538756450126866
0.8336132670643388,-2.078519748890523
3.081138662153963,-0.3098522246904981
0.9081067571441199,1.1151302518328152
0.7089596444850175,1.4094494831021676
0.7962023755090943,0.7188634195406998
-1.609785411100574,-1.3354652934481188
0.173395108019862,1.2594018029921237
-0.04464973250460262,0.7240022550000158
0.4823768105591342,-0.11718903406453861
0.17476207871380625,-2.025036314509744
0.5695495161256687,0.953594950662517
-0.4672007923488023,-0.5921663299833791
0.08791337605768909,0.34616582105478094
-1.8417428490854881,0.06839386063666252
-0.4798609170043707,1.5383949844382783
2.086250322264965,-0.12536698599750856
0.4782125094423838,-0.015113590085947844
-0.031381556074615326,1.57861539047863
2.84418491438152,-0.6582222437501886
-2.041252467451619,0.814322851407777
-1.6641833331693296,-0.19861572287846402
2.5690671169144093,-1.0025419620049292
0.06894140407340074,0.0011609867208726128
-0.36387455443469063,0.6917051136079876
-1.7988064876434648,1.3537098399765113
0.6715443995925178,1.4746939853456824
0.8166898042911934,-0.29476407422553264
-1.6417415412523444,-0.9872492320322136
-0.2104133783256425,-0.3187388995774793
-0.5032737480495991,-1.1815307533301556
0.3839657196281566,-0.21738619941650508
-1.6788753633309659,-0.3416652836197584
1.8779211817697359,0.7274902041567654
1.3737356723964065,-2.2059351799143783
-0.5447633380992243,-0.7336079460866397
-0.3246280674575568,-0.7255183044419155
-0.20463322541642404,1.1871272524080254
-1.167462829509755,-1.113844377401017
-0.6651441273525536,0.22665735964899383
-0.4054055515119136,-0.12812841441978132
2.419302556060692,1.0430425268363819
1.419927462495655,0.5958318645105473
1.4019820610049354,0.1212437318203795
0.5548884195065855,-0.5546668745880683
-1.6759905133968518,-1.8523425031098761
-0.06223665686606886,0.24708565568740534
1.45573268942007,0.5304897985298728
-1.887396944050932,-1.574867612474653
0.9548298103098964,-1.2336941643285493
3.483913837894149,0.2523299733716759
1.5927249689845977,0.33914168620787005
2.121043703342981,-0.9906473100920593
0.32750812566324106,-0.5740647135680381
1.4518979231474847,-1.8364888385704266
-1.0767798215310531,1.3772639038132337
1.1937957185118395,-1.2998744073684523
0.9815822010911448,0.5422593912485507
0.43486676105649436,-0.03496069615338034
1.9740111295777476,1.289593619624759
-0.808177256771083,-0.7922540927747564
-0.2805862747104939,0.0612527103403872
0.14319306203744486,-1.69842690923735
-1.5444164566341008,-1.9385268369397537
0.3403979157003718,0.5963335838654739
-2.5783956194307702,-1.785025839069702
1.5704318016423138,-0.22821753443453083
0.06995604984894863,1.0112954479729197
-0.781339355855645,0.7466848560946794
-1.2515604184426823,-0.6645854879485937
-0.35186854442878135,-1.5885031364081725
1.0323895661586202,0.5094948616555286
0.8216084681063409,1.3422567828601808
-1.0583069209176914,-0.6622380786656235
-1.2690595089414516,-0.8033128584071165
0.9853480594794711,-0.5249019628689985
-1.083521106922544,0.5716087108071156
0.08986466111925534,1.2285176064149128
0.1856319637864156,-1.2396068113805223
0.4680931975901076,-1.498281809324653
1.2874056452728078,2.339996321932448
-1.8944444053009841,-0.17732278789003864
-2.8667389878907317,0.25289279569030954
-0.8511709218425274,-0.691930840617639
2.702292611748279,0.489962309452716
3.033261150131068,0.9600608747015225
2.746765703348831,0.2997961715729297
-0.2894720516410344,1.7408580770144348
-2.6731726229772432,-0.3267445899410919
-3.5145586524777612,-0.2628824730353762
-0.9210572423241168,0.23140635127741563
-0.29711044522404023,0.46496164550609703
1.9509381015839382,0.22794726206260926
1.3017081893136686,-1.284415026955091
0.3411076184874309,0.31251516619556136
-1.3347671564117125,-0.3741735848034373
-1.4411693373673353,-0.5809770140746456
0.3811915306071531,0.03248205475324366
1.0455764682595898,-0.9615226873292143
0.5878218933683769,-1.1353913238732314
-1.5518969394099822,-2.6154689600038497
0.9760014431881292,1.7472373285098912
0.6388664506521171,0.5557313191030023
-1.6059996092852673,-0.11676412130630513
-1.1764814554503835,-0.6672232368866481
1.0327439618423497,-2.876032282046417
-0.35176130271883643,-0.7285288762214843
2.383720952454686,0.7158663371640762
0.7516939140968646,0.9421743035938688
-0.7299467822839038,0.6422919936033016
-0.015308400586399021,0.15839195575246848
0.09507508895657725,1.303874145931379
-1.092585469862565,-0.32853722208854036
-1.3688822972664398,1.0851889161343613
1.0520848407142491,-0.38458244372021294
1.2679099455631435,-0.8811413088777623
0.905672204329438,-1.005712980422521
2.2729771414857027,-1.0644964211729528
-0.8126598540174028,0.6590680288024853
2.5114061491066955,-0.7427455710970785
-1.3513816778312293,-1.0330288450349439
-1.5190283450527393,0.71373521966136
-2.639938323223875,0.3279703904722328
-0.6686929707402256,0.962591982845802
-0.7555835052441805,0.5125995112727985
0.7889059203819757,-0.7531115801973117
0.36583641243067644,0.07610241646858744
-1.7894600565287053,0.12513299076967724
-0.5890893576387264,-0.9191586584740024
-0.5571930316315281,-1.1046249740939926
-2.663973370442839,-0.6807216091177045
-1.4714200905200543,2.0365823566720804
-1.156220445921134,-0.4127440942215489
2.1504375297314198,1.2328667913867144
0.28717607393602884,-0.4686605094797979
0.9932531309212494,0.888838819539992
-2.247953245723818,0.902491655557847
1.7913217245209876,0.9525905079520448
1.9516530945361392,0.3878273420089586
-2.997517450716939,1.3773665787811513
-1.0579750858737724,0.37835396935272786
0.7436483595232655,1.7135297293402796
0.9665826803072732,-1.6199198031884334
0.10448587430004552,-0.40728973348467207
0.08499707776069994,-0.038036775499782384
-0.28095595374164734,0.34613056172657
0.17387526652912147,0.020595437122285096
-0.44702480267298544,0.2817266830893391
-0.19625529772809858,-0.177634236400501
-0.5997263438693423,-0.24297505703675448
0.4675879550888444,0.2546621490855142
-0.06946484818358864,0.11077966039685695
0.6500652104448935,-0.35567880233233773
0.2408849779558485,-0.24025227484883668
0.13442946400530734,0.46937437231722434
-0.17586830828429978,-0.27736656584079483
-0.313905010706226,0.28029862401779926
0.15689147216908358,-0.1434560091701099
-0.021454202781894645,-0.0009527570301394032
-0.40178109464559025,0.08837778628301167
-0.4550575249524955,-0.6302943631498795
-0.28761111874307516,-0.43881520062818974
0.5462901675798691,0.025899905636148777
0.6639833754033911,-0.21729226913516408
0.061496744192672946,0.2989743885823867
0.04468283887238652,-0.48183626426043735
-0.10089611154885632,0.16957651687739608
-0.2803456044928507,-0.41286636612129785
0.4125537172821732,-0.10563149824332858
0.5620729181691407,-0.31931332927138917
-0.2680257257517856,0.5707289641413593
-0.024851513527380468,-0.4018476488910107
-0.13495989021305038,-0.03661790861070702
-0.12607172245949314,-0.5180508444060455
0.3557724766289586,0.4798710366211769
-0.3935884636098365,0.12038472485316153
0.13994090728089187,0.04109192687960036
0.21847143219175966,0.44229388178751766
-0.04264535208054575,0.04422673242678369
0.2679203480960318,0.06587140684232304
0.04429555216123505,0.03951758641954546
0.3651389763468336,0.1690902976329358
-0.4566615914777562,-0.14773241517637875
-0.10463257830206078,-0.06428619220899971
-0.021543942855310378,0.24310038853723379
-0.8016622153414047,0.08321188546736458
-0.32578582007356044,-0.034273174230637686
-0.2440797763076359,-0.42015671730921367
0.28446179844700487,0.4494150853609786
-0.21205300389438012,-0.1984362329852312
-0.2454236961917931,0.29617117152577704
0.2452457341968575,0.05272609550642562
-0.4853731937370163,-0.38803515681896106
-0.6213732202330716,0.3756826432591845
-0.10847769002080393,0.07636219391986188
-0.4343120304235066,0.40060360702111275
-0.4229037883978947,-0.05472261022077566
0.17203013750639456,0.2112153689901163
0.2627921513737737,-0.5287581334035041
0.2366592647556375,-0.15006475907812714
0.33263299809216984,-0.3818979996693815
0.3723402960044405,-0.11243515501151753
-0.6385770626480792,0.1415435218518435
0.13512358797883997,-0.18137402629624372
-0.1588824598708676,0.25915262809163453
-0.22422727379713084,-0.2569837930650034
0.1681243896626116,0.2655709840949935
-0.5190886439687254,0.3929271497622108
-0.525332581761696,0.3040578405272957
0.19007182322451513,-0.10325671554893184
0.14633580525326936,-0.6376360793832428
0.04101979676145307,0.17465009902120435
-0.26397402141694104,-0.03757041441459118
0.22314889037463728,-0.293517882038206
0.20409086761814277,-0.1668837194611231
0.025591354514236258,0.43032759493344047
-0.3531963123809314,-0.34120206018304633
-0.127574503718852,0.14049275268636355
0.2513501032573328,0.0653874526912211
0.39815736684053604,-0.10721629939896966
-0.09796098101289853,0.19335980619391407
-0.07490189034247871,0.4896735776696597
-0.048506732407518335,-0.0887914511658595
0.08246790267329164,-0.07295428442313037
-0.17432019001800714,0.18661947149705999
-0.8682555172714751,0.2754728464305004
0.35783070049412896,-0.03831216214459056
0.5384066841487648,-0.09161212082809449
-0.18371995788171375,-0.6652939562159281
-0.3199960106756322,-0.23340267370996604
-0.04113015671706666,-0.3417935016202651
-0.056251165118631874,0.20538749889356736
0.29865557314888785,-0.0731708845802526
0.01639183249351136,-0.08490648166167847
-0.23778684911135495,-0.002716879086894356
-0.3955228351674147,-0.26105294103761995
0.259690255445902,0.4659741560066262
0.17985337234927487,0.3894581735089832
0.31816796342754566,0.4854320349143063
-0.29045602521632813,0.20502516937166743
0.5515310698584988,-0.008843434506581177
-0.5231083521171711,0.48441879090206547
0.2128803064204439,-0.20429005077389387
-0.5728748301590705,-0.2613626937099037
-0.2370994145095403,-0.18045345443095775
0.4683068791343877,0.1568613800742895
0.24940927634279683,-0.2286315580163018
-0.16386612464615458,-0.04661189646539961
-0.15565111284650646,-0.4805565881654329
0.030186633250632634,0.14432929962847327
0.1542422972282168,-0.45513101015493274
0.37547381480480896,-0.2796483164596086
-0.13687020138254835,0.3651501404689932
-0.48353551904616043,0.35409549509583305
0.047090588114628004,0.11229392686394934
-0.13722925125251845,0.08269907452056915
-0.3901901114245342,-0.15928789414627778
0.08930067459383831,-0.23187109912266038
-0.06393412622783674,-0.10867250932721388
0.0919536619409383,-0.4540962523386953
-0.2683332600561541,0.07573456648609903
0.1460131590976496,0.014649337442522913
-0.3951294590264935,-0.28002638001308006
-0.2483194169089749,0.47060457565240726
-0.07287426932618331,0.18207411308611443
0.5225455244879142,0.20755254120265695
0.2354476105645481,-0.1462019778117496
0.3231577512803369,-0.00039902340789702305
0.4251231100029433,0.18821180105622667
1.080849640743262,0.045834710130070656
0.012476720267530198,0.48057023543096145
0.42612027693895665,-0.06113627082502534
0.3037905763205823,-0.1513681596708332
0.2988097509922577,0.19027586294142781
0.5322718854120543,-0.3793941816859536
-0.12579390929534293,0.27728907969243366
-0.14960550718091384,-0.39021354017759485
0.09592965404455846,0.19157539981756502
-0.05480993157656614,-0.19448206625179879
0.09555025589945193,0.14297524409501794
0.4688246355159034,0.2722028838183052
-0.1434440168118835,0.04602635865117562
-0.09140368877811914,-0.35988628549220397
0.052293301057973106,-0.2690325733521456
-0.06849552780755078,-0.21859774231013468
-0.5742017484040461,-0.5685020680793321
-0.17403829280968186,0.3382433576195787
0.20621197267125133,0.03303227572689866
0.43126402527979396,-0.3406554135566984
-0.346385570261318,0.4367024572375071
-0.3477847197692529,-0.21039843004144898
0.009070140815200684,0.07517174672246144
-0.622678519463351,-0.24758116355886053
-0.13349106089613821,-0.6054780459987084
-0.520812617865418,-0.4093321676553782
0.4107183899527395,-0.1345471292599294
-0.23079934630512133,0.26948906136181433
0.49585025590170817,0.10395994404577355
0.3340564060375017,0.042061537851373586
-0.19389518930922503,-0.6030082868234645
-0.32158789105382324,0.38102584430402847
-0.05806372475027659,0.06710390894866679
-0.03139398727746096,-0.03582530096764802
0.1038440831857204,0.33972693299666856
-0.23296298685905367,0.3742490170704821
0.2239184620566609,0.3463770742827573
0.07959841649996986,-0.07412594901098629
-0.10211854701475918,-0.30104296823525867
-0.21361219662540692,0.2966768751426219
-0.055465494929605785,-0.4095163329211251
-0.2450703755482708,0.5841770215992846
0.017531608465076273,0.008399863558368878
0.025631605565972927,-0.3182652767098752
0.0785121850429018,-0.3695605662469831
0.5298727229015562,-0.38328144721681784
-0.039733415909871735,0.04210887201625293
0.30137936013734473,-0.0019176960179361352
0.06887621909271051,-0.3707766520527579
-0.0714732905695362,-0.1069367359667706
-0.03574778098537021,-0.4103806158274027
-0.017647922750415088,0.17679054178325176
0.08393031231846489,-0.01637797983381411
-0.28779622956569095,-0.11352075177523438
-0.43960211503349006,-0.3864332190202581
0.1962892180422826,-0.09004668006682962
0.2694371497743777,-0.12441836440389804
0.22369074984084086,0.09531801036287901
0.04649160556694179,0.050105393435088186
0.2301673882359866,0.23761803062380266
0.2140287078051427,-0.1453729630515187
0.23628880768648639,-0.5581234506589483
-0.25786224640263405,0.297327862979412
-0.32908553914638927,-0.2808097539144542
-0.1165707740256812,-0.3320751159045766
-0.005215232862796633,-0.012934963534125652
-0.07257633813968688,0.09068115388635505
-0.5630070994013626,-0.1592509217144048
0.5165077836405426,-0.16160780444043807
-0.08221379666572065,-0.11730789532966651
0.05181132497308608,0.424962105297943
0.3733646972289176,-0.0008034262674396804
-0.7034916808563615,-0.29038885183853885
-0.15350816157351363,-0.28733500707089016
-0.11613518207394133,-0.0752652538747108
-0.10089301363519337,0.0713573802084022
-0.052045977214185836,0.14519404858985716
0.4341404395334534,0.03724758115416461
0.20203766271816676,-0.2525620052751266
0.2874105805886488,-0.12718238986823482
0.01413608154327713,0.2201723645593872
-0.41981191384365035,-0.3438275881359286
-0.623909110543802,-0.13972601792323872
-0.4588223169694893,0.17923885736440576
0.10792971124980587,0.2625844279905529
0.009530913809290492,-0.057874611327414845
-0.06304909426680226,-0.12336204317124477
-0.11057307202204099,-0.396635382433122
0.603516472632824,0.1576919768181283
-0.2468710772929423,0.39563390554403677
0.2783458368348177,0.7695462175799074
0.0005738808062981809,0.11593385505541386
-0.018281853535799072,-0.015263895493194311
0.35299126458502317,-0.2759431839452722
0.4387591148074334,-0.5636570741229449
-0.07186483706545145,0.05308777492194999
0.23976081577264263,0.7051017360462909
0.10916740864501613,0.38124366889707384
0.002231141642974387,0.33496928073413945
0.06127648279710776,0.07368084511737466
-0.2064026444534513,0.10785694808409664
-0.09182981799932541,-0.7271241954833932
-0.1741905839258119,0.2287531742291991
0.2704130149286758,-0.17380217087274472
-0.028560334662318748,-0.2105182039787661
-0.38931420738451156,-0.09697708591458223
-0.21703116694892635,-0.10710134683530446
-0.9597793935636534,-0.2152906775914987
-0.14834778056464454,0.004161621652792833
0.01129351952914485,-0.16748327886241596
-0.04084075466009211,0.03009688672684383
0.5940463054594177,-0.44615334436500986
0.17247181227451105,-0.06421733118960521
0.15913555592674522,-0.32888867690587537
-0.4929807103710833,-0.19243479554935983
-0.10939261623513981,0.043019652910059165
-0.14599884219710868,-0.48119928442648735
-0.23582435964240234,-0.24672221318164117
-0.23996419965400395,0.17068931545090021
-0.5424368861824871,-0.42395335255974026
-0.38275596140439855,0.5333601420836422
0.2622280208294847,0.361322386839194
-0.04287440759795468,-0.14835812533568374
-0.15192072548230018,-0.236162906335519
-0.0016234003958124179,0.06058197100064455
0.3502172036103453,-0.43423867710814784
0.0012631562627357013,-0.6006428174497298
0.16211223927931137,-0.13780053721576996
-0.2539814527164772,-0.04021462995065735
-0.18558898522401573,0.028328167306059058
0.10619306551910261,-0.18442218483536532
0.5677961125011342,0.3821840188424842
0.4289324578544622,-0.448541897545165
0.17484842083684168,-0.34147864048742965
0.045430128048215467,0.1459907868434434
0.42032080668815125,-0.34849421569114236
0.23840349691353716,-0.360096135659195
-0.6880986067111984,0.037006437662149116
-0.31617925435656663,-0.3160567860948094
0.10144209760737949,-0.03992532837620617
-0.5360902696652916,-0.20995696789732698
-0.2692767014270586,-0.2584991110118219
-0.20994448309739225,-0.6306916174034821
-0.0768497718737501,0.04186894584640119
-0.08622906246786234,-0.3741569976338786
-0.08673612815004807,-0.050472661059155904
0.2475922551720941,-0.1536314695045695
-0.07956715963516028,-0.06195241760996498
-0.11538903962137018,-0.044902612203978225
-0.40475163124305485,0.05808847527547899
0.3073038605957474,-0.2183277904474328
-0.20144925418424584,0.3728089437820105
-0.32610909840038255,-0.554220018256673
0.06392717246069128,-0.06797733555816875
-0.23008237871491882,0.25086929292326016
-0.15778582193828825,0.14303176590078112
0.07753805229572071,-0.29245067295857907
-0.0979447871338669,-0.24247364789640713
0.6934828125901903,-0.30203776779798114
-0.022448562995759393,0.17976828919931676
0.1853514656637666,-0.22197711855465255
-0.5825082142478836,0.07653692643703502
-0.258194739574419,0.07929042422278652
-0.3260741084750137,0.7105180404706116
-0.2863139169907886,0.09397537794051104
0.12466139815110076,-0.24334320442513904
0.3106695203332229,-0.4380450786199197
0.10338915139035325,-0.08275581439132364
-0.06799338706989269,-0.03572575272819553
-0.18925651161372584,-0.6632098582171667
0.3340799253559527,-0.21415624808790398
0.6213766362464586,0.08920576284826587
0.040516711435107246,-0.15970670107985244
0.28180891922147167,0.2905871357117511
0.10301110493864249,-0.467506933416156
0.22665147193967677,0.20306484604596503
-0.3493640334330349,0.27416692245778584
-0.14644088404263722,0.28694894275246097
0.1186408320136752,-0.4697569153963136
0.36374728322459376,0.09436583875721526
-0.2454402664913024,-0.20062623555645445
-0.609989733312038,-0.4218427325948703
-0.14947932793237473,-0.12416031749211251
0.303039214304475,-0.27149339757024277
-0.4751686773263548,0.27622514044916086
-0.35307596763947524,0.15391900290407076
0.046775575815333634,-0.3457333404326603
-0.03479137582843919,-0.2172663941492787
0.1783399444659682,-0.11420922768498708
-0.3686180281336737,-0.021721544195369164
-0.09749357825060034,0.3019134824411342
0.3585556207209293,0.20723469794418992
-0.35786885809103514,0.015417590692452002
0.44307368889308063,-0.07819465496847665
-0.3202250957666066,-0.5320062103822416
0.25481447321328327,0.3875992878378169
-0.11188755306393769,-0.13412897935969714
-0.343472477291693,0.4664520721278771
-0.1490697141457795,0.05883278763955062
0.16347875645369822,0.6075852625864334
-0.002056198470447275,0.18189646000989487
0.3355408234330031,-0.42960588936626365
0.4307220182804644,-0.18432464407836366
-0.3549091995953551,-0.050740488201589475
-0.37688074347310346,-0.2621348661324972
-0.3914381320862525,-0.11311824515461327
-0.26975882881440577,-0.4100817475746328
0.3312643562459233,0.0017163843297367198
0.16810858520002053,0.07122358470328194
-0.16350827187672948,-0.3012328221618356
-0.003330777186850305,0.5820762880445736
0.42129165154978154,0.019053978384137648
0.5724032552937358,-0.2450222598368736
0.07781530003284064,-0.48886178998956514
-0.7977843552142195,0.017982866819150525
0.08918612842799194,-0.07814655984400588
0.28042443886240426,0.2349122721859329
0.06738969475682252,-0.043011079491590415
0.2179544756204351,-0.3581156346806181
0.10711961233811525,0.5012154888532743
-0.3703936252445596,0.1306874638521557
-0.2658715300090388,-0.07623261347950759
-0.09634565613904693,0.049391559434921475
0.3196244334715055,0.14221258696849745
-0.22976522049618617,-0.4286569841680305
0.1367707899502941,0.04730826598884304
0.09110777817635905,-0.1350370419881675
0.4758591795237391,0.1521899956889255
-0.012503933438824366,-0.22205457738188347
-0.5264275254828775,-0.18141055652912474
0.1940611394690334,0.49886132956921725
0.6414165634902014,0.36927362726464086
0.21371500345993685,-0.9886683539901925
-0.2362984775431221,0.3470285947392935
-0.3245837637536894,-0.022095607877327065
-0.2858906500522216,-0.21245461886970354
0.6009935641146138,-0.30215242071229503
-0.0981982321564308,-0.2847352884839965
-0.19879301814840827,-0.20398078342752457
-0.047530993238170005,-0.33813977510455306
-0.09507211458171054,-0.40637989832179267
0.47029510793625107,-0.3121140452531732
-0.3043432473048909,0.09701815651970615
0.354192969498134,0.01502704457123913
0.03662762893532542,0.16675693546555687
0.3621079540283056,-0.019910951763016282
0.47478571312021534,-0.3920037991934375
0.025439290173928524,0.14833227704808183
-0.09451908287974971,-0.3014067836624745
0.019853649559530954,0.19398429059668024
-0.028431201601539495,-0.3497760008870882
-0.4970899367216184,-0.2062429879210576
0.46574411213552186,-0.10841749217037445
0.07373550521435708,0.20232144031708457
-0.34892975551531624,0.05279917563821849
-0.6202569960595226,0.006000396645277333
-0.6982797698791047,0.5657006355165916
0.23114413100625097,-0.5510949483675436
-0.18569327052212858,-0.3115132928101653
-0.13647020043154,-0.3243565434116974
0.14644627936164706,-0.5311956929766823
-0.15481444683053353,-0.21585585386580822
0.16395732481605396,0.2063307491390118
0.02857921931301459,-0.17749421955472547
-0.025238874944770864,-0.09990089159589288
-0.47182512170744667,-0.5167664483640846
-0.24591940693165787,-0.23895767254810418
0.18076060967605978,-0.13850961467627518
-0.2046065444592154,0.19272012676413422
0.3616108667353472,-0.5024749193754663
0.7039203971980196,-0.13650262371634145
0.19691559025239674,0.32604540902066714
0.44784956740954723,-0.13352498568697918
0.2162181714888205,-0.6346684242356037
-0.16027860680165637,0.3837527332044574
0.060045499442227396,0.22046908276149985
0.6039962838292325,0.26081915252363724
-0.15706612278823534,-0.5231350940236181
-0.31179818966342215,0.4537367177541643
-0.3402583269345808,-0.23198282553335933
-0.06525881515006471,-0.15283168326606927
-0.3010416265929186,-0.21083314979760107
0.5022058282311712,0.28408115458656213
0.0649069603773863,-0.05393950575158866
0.29151789292815083,0.14452230977628772
-0.08959961717390949,0.02277030686531044
-0.34205915932683545,-0.028512601107876158
-0.39281818362998316,-0.2840352191238589
-0.27239752265343625,0.5436421761923297
0.10425764820801332,-0.4390180885515687
0.15596487953038432,0.12367619221040531
0.18095882191760546,0.11299697763218366
-0.4466018051345571,0.3463068858457276
-0.00012275576948105423,0.41642700971378344
-0.30781854926771773,-0.04121657982503272
0.12043979027535846,0.15911829177742584
0.14372311664923562,0.5294621131357528
-0.35165191410793145,-0.019553030076675682
0.29040888215890437,-0.3199300425195529
0.7016468824584734,-0.11534043380982639
0.2504507212753987,-0.3913937995843401
-0.048850211865331394,0.11154504329841679
-0.09496371096292265,0.31933686244219056
-0.06271919450175253,-0.03631244762026152
-0.22822015403310317,-0.48628801483609213
0.07571946199561479,0.3064952505173032
-0.3415387773462913,-0.5328896884697336
-0.5669093359793701,-0.46378643337691233
0.06588050454406459,-0.053501516248415634
0.006369919732746348,0.07553557370264974
-0.17135100493115826,0.12667424962750623
-0.38480898678311,-0.019841865613942
0.08692320807421043,0.5280131295404572
-0.2970525115711352,0.019550502324960552
-0.04168330525960035,0.31040043052588073
0.5294915562379333,0.2360863692284094
0.19535693087261521,-0.38786211966135886
-0.410739798714509,-0.05091914618565642
-0.38245547130369073,0.6369961539843058
0.04554572782312762,-0.1513052561820772
-0.41259620461770624,-0.2023861573070072
-0.600517644370286,0.05117267444310667
0.15971160338901702,-0.14055597877801557
0.0962807262962603,-0.23811137385067155
0.13517949938373972,-0.144985018289276
0.07891055454537116,0.4296029014105876
-0.019593213501718467,-0.04098560744327171
-0.1986565643029982,-0.3984225098264136
0.15484048982638296,-0.45352396142644924
0.4589650465215452,0.6620414796163409
-0.1503687022330362,-0.0670003108302307
-0.30622206306248956,0.1303735502896255
-0.3405358258233717,-0.23141316790188277
-0.26001907000011526,0.09629579078142474
0.06077955734282216,0.4377988954804596
-0.641888269066068,-0.19567895512312644
0.13175112732969774,0.1375760339845748
0.1931739030888468,-0.4217238827671164
-0.539423507982864,0.6068598355100375
-0.2937541308832798,0.08056077907337243
0.02390429395362416,-0.12383815330568758
-0.043040919091319345,-0.08936223698584914
0.15589124048057715,-0.1530114523543006
-0.042341046454909784,-0.13767154923704794
0.37943085803248955,-0.734248542704898
-0.09635081971310461,-0.029389719629026655
-0.2949098960159261,-0.04196360418171368
-0.3190325598785269,0.14659846117814312
0.2206405527845067,-0.1569431239324579
0.008886342587074894,-0.23131089424230672
0.19011477021755846,-0.0023324833358925536
0.18393674976875532,-0.48371043542714515
-0.6059549558291522,0.043026956260375275
-0.34202478030703304,-0.5585457778565163
-0.3061875121511462,0.33624559464923875
-0.24481925654752873,0.2052809866982325
-0.12610659797295778,-0.277855762927204
0.29974487838515573,0.19834140400141104
0.3595447057151698,0.03345426727616436
-0.08786724906089904,-0.30270306932545793
-0.07538425839742335,-0.6068628471687268
-0.21163011721718591,0.09493070502793567
0.026756309171563263,-0.23828455414051042
0.06075626482018098,0.32849087090882384
0.24194266650067958,0.0042101201645553836
0.23953161779476587,-0.20987480894919508
-0.6906354153207154,0.5393516199271414
-0.04576348429113542,0.17293394778090154
0.4152300092670311,-1.0965259545312318
-0.13143447819147508,-0.14591753063725993
0.3417725455089865,-0.415226697603727
-0.09193554000335664,-0.23993938131609258
0.052477040232589166,-0.043419719675560825
-0.3410672077197447,0.10621455257626386
-0.3297745672699544,0.07840972263407212
0.21764747167890436,0.3233619229694406
0.26454548406019945,0.1909795132526
0.007928671860147826,0.1724240787376515
-0.3682572727915174,0.060447696939982296
0.013141366982164386,0.3860396558177704
0.37717048820228327,-0.09488296295727523
0.5228599410155281,-0.0870909806205572
-0.09501237969777433,-0.571672005891759
-0.49796035507733705,0.3168492131430107
0.2521090798664336,-0.02307772673374636
-0.08278892893650025,0.8800817118513817
0.2829121924683119,-0.12165980752873735
0.08432166750528584,0.026573438825020577
-0.265033231728555,0.1639514860825241
0.017473308197814282,-0.33056999189661385
0.39250151011629836,0.1075643141637683
-0.04474619669017313,0.010398429617155593
-0.31044154903361326,-0.09110645690305129
-0.47659325057899693,0.35178118762290195
-0.2316494060593955,-0.2711246153731967
-0.1230408785312946,0.08247063392466647
0.2459997407751777,0.43639928741551376
-0.3362547803434865,-0.2119865267868895
0.4661255657188907,-0.08906579480768971
-0.40114566325235745,0.7035913690415485
0.699445827767051,0.14231731954681712
0.5176555670263413,-0.15185924299278528
0.04234987481639762,0.24078742802354342
-0.49430806043087766,-0.17042806547730774
-0.016627218594726566,-0.4694747772480213
-0.1160522873959517,0.41170918357955105
-0.38228616691527717,-0.3309177792393043
0.08730288817423268,0.7355137874991873
-0.24709293895669315,-0.14679971263866165
-0.2144717541148744,0.6399794044685566
-0.06110359037170664,-0.41060132055601734
-0.172472648611711,0.30764807587987586
0.6234469851330088,0.14991788189539504
-0.1607143898998649,0.2513238676665456
0.13226430341834267,0.2904068120028782
0.043656747663108536,-0.14932354268435155
0.1058250675776616,-0.3926531526008995
0.1287265210832796,-0.01527531910176536
0.2644084459818367,0.06690907727554023
0.0799338226855927,-0.14155338634665143
0.067468738465896,0.08326619104795853
0.01754312054044182,0.09888765935242211
-0.04152535570199233,-0.27300793396315975
-0.2735393644982032,0.1184913845071397
-0.018260513226060423,-0.08016360710839372
0.07238021257966003,-0.20999427006101132
0.12064936697183849,0.23621254146719792
0.05408543189707092,-0.2330973635080633
-0.06988650403456013,-0.1370002769714179
-0.01712397095876931,0.021615255055996752
-0.1660939453652376,0.4122934861962716
0.09396719730196916,0.057835223317289415
-0.06633846837423656,0.15848649974240026
0.054168281459241005,-0.08929276079894886
0.3002409130147657,-0.02354688731290227
-0.21280767289272592,-0.014663170055878241
0.17900861427314527,0.0879918708051074
0.009963053965611826,-0.08879027191447804
0.6063580798742265,0.40199996564286283
-0.06489009853905288,-0.11194987155064258
0.2085493749453199,-0.5121723405616102
0.004606035526793123,0.8228389813110059
-0.4164913524940481,-0.0982106072831256
-0.15620672865574328,0.3939509361274042
0.26414133162851805,0.4214372525879276
-0.1298083381824819,0.28356429367511454
-0.6660768944518841,-0.0594081658792207
-0.009420905077351141,0.08600544596230285
-0.3277008893853031,-0.3823530627914781
0.03954531977901564,0.5970443321454828
0.46534412441940554,-0.25554179945480093
0.23083719324087104,-0.07617028882226266
0.46099674862199325,0.029695946112075274
-0.16845360643334745,-0.03223192645108802
-0.04294990009065965,-0.19706198468801825
-0.3133308590423339,0.4183017156164065
-0.20521303351202852,0.2850837850464839
-0.278065449685854,0.09661416129770793
-0.3920168907635872,-0.11986591679902502
0.4097569875994021,0.3192827615533412
-0.6275880885079267,-0.13934058983326963
0.411041671441367,0.47111755210134465
0.37381767747606937,0.03336627464502829
0.14993780264369938,0.3689344580918145
-0.3343521804282208,-0.03414609785507497
-0.47465253343296215,0.021459954612283394
-0.16452110437906928,0.3676263184375999
0.18753613690197718,0.6581775455413333
0.0009190912322022663,0.4681100452514644
-0.31304984852842727,0.26314038581335497
0.344461435396947,0.17678502988727895
0.5053149984544614,-0.1520846070778878
-0.06797974920437926,0.08856892233162982
0.032801071079203714,-0.27391475519901953
-0.4526546050888488,0.11273464010543217
-0.12431601483271056,0.1320151982080721
0.15313199340029812,-0.5882535424404575
0.10645696207733325,0.011621582757512067
-0.152300354762912,0.12446246972673157
-0.08227305254293409,-0.02511295714170668
-0.13416322096336555,0.10741465165697121
-0.08353941411551549,-0.4025166730068942
0.126970440755438,-0.23275929166807763
-0.5902611256107367,0.31048144894917973
-0.02230485444237665,0.00017149969373305175
0.10499266068770673,0.10196369439447253
-0.17114540569232317,-0.16395634821257363
-0.14379991318946445,0.005848206983056905
-0.13511833224463485,-0.6906036540405596
-0.143714992061148,0.2538035815262299
0.0017651333551120388,0.5423798516857411
0.038700827404135114,-0.3195052647643922
-0.6301542948701399,-0.2820996562528704
0.19586411144168644,0.1322639694712447
-0.08699966530408776,0.44216378715202376
0.5798889526405602,-0.0006291952148834472
-0.3574945616696125,-0.36879540624375123
-0.2601943526262995,-0.06258517099136193
-0.060872693574978334,-0.3089796240935378
0.12396763490581064,-0.20065388786063296
-0.5852301982114505,-0.09121232974599498
-0.248730015634832,-0.27879737647248815
0.17739604817215301,-0.2333717172523695
-0.28443718392976275,0.022360200066673046
0.41100791291286826,0.064510743641169
-0.1361650796547217,-0.4271941001462901
-0.26981196040256894,0.11891451675280117
0.18307327733685586,-0.11458015893941936
0.4822852160473339,0.21607845706578266
0.12491887762316894,0.23414925620635793
0.37812881976697754,-0.1633623542865146
0.502990602191089,0.18424430821131996
-0.2765576039782735,-0.251086811909649
0.28151740021787597,0.397128618850587
-0.4570411527910642,-0.23974086025693941
0.12747075953591547,0.10582488258765392
-0.021395367154445764,-0.056282743393283985
0.3728850609126187,-0.3050683542712803
0.3516754538954523,0.2702747285355927
0.17093500516032073,-0.18423954266003728
0.08952836984484551,-0.5100216494934919
0.15251060301658528,-0.864604008950409
0.018531261412963667,-0.2625134083283912
-0.0183587223323711,0.41277252578969204
0.4327734516757328,0.37732154025109793
0.4688669459034529,-0.2155795207042596
-0.04249775931066212,-0.11233647441041379
0.07129092090322339,-0.1394739226668069
0.024496567431832327,-0.40002964363487054
-0.4835095325811585,-0.2846495614870029
-0.1009306732836019,0.29434485582023545
0.4799112603144308,0.15116636141382014
-0.22493276250954322,0.08192665755896668
0.6343630386903905,-0.40054398349825754
0.3516378928768147,0.030210964210193304
0.12044944516386266,-0.6911534908464064
0.1682529857929262,0.25284080737815984
-0.2751620089005076,0.0775724702211425
-0.07956862566741063,-0.4035697356299491
0.4324197330965278,0.48492766724701203
-0.18435880175206004,-0.5388493977505744
0.31833952708463975,0.1590918546748807
-0.41311205683111746,0.16655153069359857
-0.35944752374250316,-0.3719011318057442
0.5704153996758948,-0.011355207243035069
-0.003551143872097259,-0.4910483526458589
-0.16154996609830227,-0.8539122948980441
0.40882224809968876,-0.3203628680794976
0.37374646648905124,-0.18498748267859905
0.27622636957717156,0.19327685424323748
-0.17096937582363175,0.020222425518245917
-0.08607527278130267,0.02806363781584383
0.093488647117419,-0.3043264869850755
0.20831980264417116,-0.15900339121241594
-0.15254507220556116,-0.2789779829607483
0.051221133186208974,-0.36749220210894246
0.08021739023922182,-0.17810982809617715
0.386030926912576,0.022353715528900153
0.22633974868053566,-0.171791555827261
-0.4520404934505872,-0.09705080082749187
-0.0640890925456157,0.20847444327341708
-0.2786350109950249,-0.15022632560721108
0.17042622618350203,-0.40018998929636745
0.27694600515151324,0.16903605648037176
0.030466795683073346,0.07975489455248534
-0.080438109188355,0.09859784945169432
0.02075093791079494,0.1877515972607129
0.06267578204332634,0.13699245819238356
-0.19202989551507205,0.008618607741391223
-0.3656133302308096,0.7174357988556278
-0.6150417127666059,-0.3854906238905863
0.3801546395216651,-0.17592518354656747
0.14890987309048975,0.29020030940345004
0.10875330340325172,0.04277588762867231
0.37955966638588473,0.22737691020337153
-0.37664040290772505,0.05092692886106139
-0.5206892627565056,0.4122169653479944
0.11526957495572691,-0.3022532566899737
0.08798141263302908,0.4027379668220129
-0.5193920429018261,0.3512989479612799
0.10785631864214161,-0.363086734269114
-0.12006688571987037,0.18919962296630188
-0.24212641792127446,-0.012911979670976846
-0.10002711248472386,-0.18197460573571914
-0.732458571275541,-0.5665857569153159
-0.1774122670175814,-0.303244101335195
-0.21128837084526134,0.2124336420553767
0.16713073408084206,0.24415238077816706
-0.04746904095326581,-0.0632131441728515
0.19166066210366448,0.24509554294298525
-0.7648618034210042,0.28357802336824117
-0.2517294667713144,0.04639198758790421
0.16679911547143322,-0.21670008715506128
-0.09265938917194654,0.1323162338446934
0.25363815989231014,0.146095412297659
-0.541380872816767,0.20218331710509294
0.2193332519068423,0.2596209810006718
-0.1917417653355121,-0.4086493715763665
-0.22085912531480228,-0.15297877360972265
0.29731411407823555,-0.5695864037063458
0.3485703389869517,0.22409881150660416
0.3104099088261845,-0.06369343439412485
0.6115925775144798,0.12924422120922452
0.3800410825330003,-0.4427036244570475
-0.23863097511968967,0.4202942549079151
0.04249143844069513,-0.35830174938578246
-0.10805937254548055,0.23236899131473762
0.6087269579847197,0.03538505126776246
0.3314609864096128,-0.056832833257853696
-0.056664041014036735,-0.08104803198365222
0.2633729393259006,-0.191418902794839
-0.3696595398939314,0.3885588530702305
0.07507852129364183,0.003783850305672771
-0.28137674778092525,-0.380766459105966
-0.506577660188222,-0.11518806061045204
0.23536087125895006,0.03850170816088149
0.27257732855626543,0.2693415844335976
0.1371637908635958,-0.18138591615516217
-0.0548901121699503,-0.16133296674136433
-0.3799075964539228,0.007029638144221594
-0.3484040612151742,0.26202744598419775
-0.2907839939216392,-0.41062636067880887
-0.07010198751747714,0.1516063892975237
0.3228536200814745,-0.1392187590385968
0.3181212633235958,-0.097329774524546
-0.4945702798838631,0.6004727235389247
-0.20797000101508414,-0.05894076736545763
-0.21604830587155166,0.22640812509257396
-0.7594749385503736,0.21567415116100455
0.16983628408497234,-0.354007174229552
-0.07384794729555648,-0.5536182975668712
-0.033942760989292775,0.2462946277250732
0.4037613175126915,-0.32506385773455565
0.026492703985307144,-0.4992548863713081
-0.12921913948980535,0.3078486644532593
0.171623286301483,-0.30582802013267785
0.3176615539726686,-0.2317552427053182
0.08894026981476764,0.5923119465267885
0.20675687960944455,-0.4979206084144713
-0.04367029492286532,-0.37688581242207764
-0.024557323907898814,-0.13790944274217615
0.033906213089648536,-0.07207705195032663
-0.22593628512979852,-0.26812358463529595
-0.17041848431088022,-0.3475965291968749
0.41336389254554207,0.45299829732957925
0.6023868287586963,0.07889583723141466
0.477659374211454,0.1755506232627564
-0.3969772070305642,-0.04116755296756079
-0.4259572603754918,0.08683648465774092
-0.3572128295835483,0.27987049833287714
0.04031623256384424,-0.2988897043636004
-0.842617377707299,0.07945079895539454
-0.1766404699858502,0.20881269402236732
0.42212978674833396,0.4634392039152781
0.2947316492186723,0.5843672939405284
-0.1527283951720522,0.020957939094528432
-0.1300066323511913,0.3415916849061402
0.17017251204207123,-0.801050380011464
0.28058062657325966,0.4656848728130142
-0.15994118032192803,-0.2177650985162411
-0.0703098065158313,-0.07232923469636725
-0.16980291855600702,0.13233134531010635
-0.39940483241256414,-0.046032710194654124
-0.06592312440654426,0.05893601387044035
-0.08877826206262905,0.476307890467843
-0.37819323479659667,-0.11526601360379139
0.19382428129131882,-0.32607714495016604
0.14499620358776683,0.5440391571895653
0.2087159102535229,0.15802926510140322
-0.23042110663931042,0.576671692594039
-0.5950727034343942,0.25908897317367124
0.14019933889369474,-0.397078317604031
-0.19923381438891402,0.1936154015270644
-0.2672004399737103,-0.29518441976476634
-0.37711592239303277,0.002229540731900086
-0.08259675842614614,-0.022714321082327345
0.4731981891151419,-0.48529914138991687
-0.15163485640665436,-0.24384314686853598
-0.3269409132500801,0.6615561900477299
0.19558002030900848,0.07151322145234933
0.051843683931385186,-0.0526788403988857
-0.6357904103064622,0.5438670659822776
0.19870389592598597,-0.11887059302075058
0.6385403305504801,-0.02742610859073603
-0.7801607782287071,0.2972408568368549
-0.37071180720663716,-0.12022073958490492
-0.8545581265954819,-0.22395622180575034
-0.022591326222250446,-0.6761269246082152
0.2971158709834058,-0.2809494940148284
0.031650224938883774,-0.2838083237968839
0.41759870943380084,0.047570008640582945
0.2491650870990402,-0.18313747971833277
0.510644197050653,0.6474057032571587
0.34806323043212845,-0.31728867907044184
-0.12088292058285133,0.4201940060572215
0.02001793687045195,0.06592588653826474
-0.2606030746442919,0.2420322107137167
-0.06919685066041462,0.22380587842076097
0.018549501605435934,-0.6654706590937249
-0.02547219706060618,-0.003465803692967151
0.40267605789108313,-0.07866844117014964
-0.09905041875204923,-0.3398934284073802
-0.2796259240672071,0.13788781116476048
-0.26088331047095614,0.5149620947632414
0.19653008148675924,-0.8019010931652198
-0.4209415224266999,-0.16034090275251625
-0.06035585104527519,-0.37372984923408686
0.3982500736366263,0.021533347871307992
0.0877795337222491,-0.09768638494499882
-0.022381616735626345,-0.18170316382715343
-0.010773121091528955,0.2068520484987176
-0.3088693776681518,0.4908543903171296
-0.2571404131303623,0.7983955955273506
-0.058554501874373166,-0.22188871454057632
0.08138190903278794,-0.5462626655454208
0.2844450035406332,0.16775893022350202
0.027768185151430425,0.48314542059696103
0.4058322527262744,0.2441069901122185
0.4815594045628575,0.48190411185909326
0.23858016374466112,-0.06764600118063577
0.36749442241676533,-0.1828723319319385
-0.2972140564164283,0.03463077222039368
-0.34475968040641874,-0.0991659562100665
0.15539201288704968,0.1989282064021032
-0.40236294356011415,0.2909303334010473
-0.08711155320477999,0.31442509937156576
0.23135757159892176,0.15317780124131694
0.42401187740556207,0.07374669800258989
-0.07626469508641964,0.23832800677525445
-0.1949832885923071,-0.5888975722958164
0.09613848645347474,0.06317122570018262
-0.32206303305716677,0.015743417151135284
-0.051983594488028126,0.06392411879146644
-0.002400014482884402,-0.026287063876269317
-0.008395197801238477,0.12955664803848482
0.02655104214536454,-0.17238087646020459
-0.2503544566716425,0.338857028836089
-0.2180978977855251,0.1420949332240422
-0.22413487830978604,0.04520575736515823
-0.4860283017585171,-0.20925497119083597
0.10254909655383178,0.24459506556237154
0.2683972355076015,0.06199790954834732
0.23889302485606076,-0.22664501806107495
-0.07874905813822641,-0.016998462723971527
-0.24330157183916626,0.1887247857723719
0.22329439270880677,0.16547206164594755
0.1916769067123655,0.14610269034244655
0.06522619273088874,0.027759417522323162
0.5232933757269819,0.30774585999056897
-0.007927656410118843,0.37133895114348303
-0.07706699517746662,0.22119678470266213
-0.11994519932238007,-0.17623538245671214
-0.46826331194424214,-0.31741851518715525
0.19840198924268773,-0.16318193009147808
-0.03164561014733296,0.5860970243930169
0.15297937240703857,0.08450877414820605
0.5525634006273721,0.6379325482579155
-0.11722553097138516,-0.03605950307623094
-0.7014026150374654,-0.07764410114787645
0.1443211108532317,-0.0222169609932221
0.05005781696780267,-0.02765222401599106
-0.21973616279139593,-0.23209527356031728
0.11917990068644932,-0.3446544804500031
0.23582889603131252,0.15040098815425887
-0.2839829730634642,0.31647021527920904
-0.09039955842101473,0.7334943901999204
0.44302611895467836,-0.13011387200730673
-0.21648665736880954,-0.1057966460592225
0.02000092662413557,-0.23136878833530522
-0.7873233498131654,0.3377182288120702
-0.4445536503243885,0.24449623643887938
0.04725524919983992,-0.2630803745623579
0.3683963428756803,-0.2706594260918829
-0.40860890460030025,0.28575442757876923
0.022369218618148966,0.11495884536252231
-0.11271537271611502,0.22751661390334316
0.2859264164977481,-0.26483054350167384
-0.3653409915967755,-0.563317459173062
0.1290232945102456,-0.26248950500405094
-0.19610720609887708,0.20633001900336806
0.06691140744794254,0.6333173935904673
0.020679315692541788,-0.12883919685828246
-0.07553372224278533,0.6827567645630597
0.14334355388081532,0.24894593024750641
0.013095820290888335,-0.41790969051264787
-0.03984189062300848,0.06421015134330951
-0.1069249602068229,0.2591922835235582
0.02327951692360108,-0.727644869565806
0.06661306444382159,0.19333534737401462
-0.29674262402418633,0.3518163539469337
-0.10484137137521297,0.11966043723934297
-0.3165557833893518,-0.01851636320442699
-0.011953626834235714,-0.05187797490042206
-0.1776996614562084,-0.06939669830754666
0.23123494439437672,-0.35279394113013274
0.2018180933270069,-0.2062571495714902
-0.27682456906931086,-0.1249782136956479
-0.0006922036195424455,0.034048303867722673
0.19155497377450914,-0.16704442729711994
-0.05259249604920863,-0.260738772749379
-0.21846525744166342,0.22793125773775358
-0.3277210584134387,0.11118419158435672
0.25628026847350865,-0.16176886103687005
0.27081394448549095,0.1518835414462762
-0.06238427966221459,-0.1359473681057805
0.2298412753580032,0.018919508846436003
-0.8895631589656022,0.29251321641686
0.39826639521277085,-0.18112232794987904
-0.04708344158315362,-0.3517234823501229
0.04253296823984676,-0.043540374906402494
-0.0961553170997908,-0.4090395048556386
0.4187122445602517,-0.08323455280529263
-0.3182194871866601,-0.08419124379403704
0.4423380979820507,-0.7391052371716689
0.11888127628353332,0.15919054912335298
0.1867992647754474,-0.05480693000439617
-0.09876136899867485,0.3545689358315807
-0.3924657593689112,0.06465959393822476
0.27915322966083045,0.22068257109466446
0.09342250535679926,0.357011625962113
0.40848703749264526,-0.03951512483122387
-0.05813289606470944,-0.00024695665917056085
-0.12576941366967445,-0.4720629670170695
0.41642647099209057,0.3718613235702724
0.5735682493492332,-0.043709219916466376
0.0028041529097190044,-0.3017191651043945
-0.22582724905713183,0.22191674594622823
0.2431592288368647,-0.6539343575892755
-0.0762061698512023,-0.12878226686195343
0.1797788476202395,0.2724933123635523
-0.07778279231362602,-0.13131655558977154
0.4692042054635439,-0.21537658528457443
-0.20984685151520988,-0.12484643913388513
0.14415889875658802,-0.6029787793405721
-0.14661059106963714,0.21464352953491
-0.08445196842623072,-0.036865812593073914
-0.123616696428173,-0.08169738299842862
0.2215824198280246,-0.08060058492271238
0.2755089344801613,0.004223939539375279
0.1673216486797113,0.19603121120161998
-0.03239504002358111,-0.01561906235977468
0.042054009300477826,-0.4084909644539437
0.2693164705378274,0.1726548364632201
0.27879347616228156,0.1495709073012679
-0.8070826894060604,0.06165809946493807
-0.08166665153180874,0.3225723920883957
-0.06727763743184566,0.00911360292388765
0.2007757692378486,0.33341282669677674
-0.02003124531322373,0.4221633064435189
0.21575501428478616,0.17469386565734477
-0.32359823130916565,-0.22438008656338115
0.07801635463823403,-0.039235715550732214
0.2700616960351483,0.3716568102175121
-0.44231486079544446,-0.449288359820852
0.7540930404626708,-0.11758610045358261
0.3572657798599558,-0.10288945093402323
0.00040599073969256345,-0.25956318010612006
-0.24852243217163042,0.26186368497563595
-0.05252554508211175,0.11304452131223311
0.02514070788340217,-0.2133175069801476
0.13219876704361425,0.1816538760707518
0.45019825483800924,-0.04752487040046538
-0.1428295408328538,-0.2670583719667028
0.16881295127176835,-0.21387552307286015
-0.3877287487800339,0.13081532243278196
-0.12408021429758022,0.2817029635565516
0.11301505436080755,-0.14603046988643587
0.2073787473026414,0.16333240010070352
-0.22596974299938588,0.4745262472732447
-0.13223750880357418,-0.3776611669110759
0.43816699067506365,0.1067009618515871
0.3485725858884135,0.24919670738862248
0.0625371651157099,-0.028544944979649184
-0.6709935459662146,0.37148496325669406
0.7533397643070024,0.6596511114783852
-0.00597946849717351,0.10300660451589087
-0.09377011740639807,-0.07007691968339971
-0.15670797775623443,0.29309484229858696
0.1129101111597326,0.25262065811337037
0.11597477675127892,-0.7556492864754553
0.2851883619379537,-0.0008206668273340778
-0.2778186493047039,-0.11837984002173416
-0.09374846344237835,0.119011707454175
0.6091637169672607,-0.0580974840881371
0.06737718997499755,-0.02555282768130051
-0.05175731199802392,-0.2589638278383245
-0.2824853296751105,0.22035876552734623
0.15178029174622548,0.49651266644061953
0.3093054651127332,-0.2543015847645105
0.2623762937429422,-0.419116506944092
-0.07764025908267502,0.006000965948239169
0.10837568500906086,-0.008596698310579172
0.5014978309945834,0.351279835836108
0.3212646876514407,-0.3687584857135596
-0.23524882265799588,-0.16138655250722922
-0.7638015193864408,-0.6443109717800558
0.0890317521252705,0.4124950908635468
0.23957043802452982,0.07516338849700906
-0.3267673475619787,-0.13902987419423896
-0.00263685663683331,-0.3966814435773529
-0.0791097197619236,-0.3691428174531753
0.03128589666965964,0.12428006993741737
-0.16340888613591373,-0.332227513680213
0.387153299288398,0.031201626944570807
0.04439066418982878,0.6128834583405092
-0.263705065849425,-0.10427628688344617
0.2752386460781161,-0.2884333331923137
-0.3792562787975115,0.11460216163582891
0.3853483132605398,-0.3677375222345182
0.29731782726676914,0.515995359098821
0.4169325885962358,0.42108590055850054
-0.04747391173248475,-0.04925148568609322
-0.148834193935013,-0.26918795442726595
0.025206528279927937,-0.12773096183260815
-0.025331035906659406,-0.08869968362562847
-0.1958208856690537,0.11507013951211945
-0.16608699423769274,0.3118896987903348
-0.10991185417993925,-0.31095378922757694
-0.35100110593195877,0.30327286960282335
0.2033889868798003,0.18530568384338938
-0.01568914127130196,-0.1523368472419819
-0.09251354077009406,-0.3260135687031031
-0.3331062482825032,0.03486981518777033
-0.34811189330023945,-0.31787654511062524
0.5807742152167237,0.3071042547487818
-0.18817723885847087,-0.3371648316396614
0.18315851826279797,0.16431185794894318
0.04879034097005313,-0.024184909444524626
-0.8325565383324307,-0.16818746531256035
0.5377352469415777,-0.030849451895787253
0.2052251936328348,0.3239949508902605
-0.23030104629144263,-0.35767722269813695
-0.008509951328878586,-0.12364696655754501
-0.3447550102210997,-0.2255230694061564
0.5478661435383401,-0.011585140064614393
-0.2722973124724393,-0.20540426775379628
-0.15692519900839783,-0.5304243727159843
-0.21886832344427734,-0.3165412640797087
0.024113820062751062,0.49132650556143354
0.41109495004179414,0.07401846338588179
0.5368123347285473,0.06370861614242322
-0.119698843266689,-0.08478371700259148
0.1134776946953767,-0.015487627232750822
0.024571623781221977,-0.12894357684941402
-0.2944827793332174,0.15807855931231954
0.7267666723787832,0.030242656277811895
0.40882786868887666,-0.3513804630475845
0.05673475491331037,0.0761173509312578
0.4745628280496963,-0.7376225769814652
0.3636320138153414,0.12415775990333566
0.024558402324526694,-0.4228070570509564
0.09778908159839796,-0.02881652585102278
0.45363784271299623,-0.3583882809588567
-0.28384607433890413,0.0008469598599291036
0.5021072091964017,0.17348355578286664
-0.06753376820553485,0.450848125574874
0.45740302285427015,-0.46240729650344353
-0.0015679792388460375,0.2926418867013405
0.10128186674189159,0.03934581161324147
-0.010292506971737702,-0.1352001458473872
-0.15955308684336822,0.2279569515178379
-0.08101646944329362,-0.07077745532556201
0.4137334209505701,0.21525915492020373
-0.6942491948017405,-0.29768091393839846
-0.37168978344145115,-0.1898991096888877
-0.21764151280743066,0.28308001583837983
-0.32350343773080636,0.44562015707112657
0.45299388312464667,-0.010509569745854788
0.37730309335596124,-0.836186677606734
0.17760954281838465,-0.05971478478253647
-0.19134122024326053,0.00972783534672893
0.400515560038241,-0.06983201300795162
-0.47643897779866323,0.10090156849965932
0.6425947920443807,-0.1430729782791966
-0.20538893915326523,0.2516612582034082
-0.07861056655243145,-0.3500139818193126
-0.12880315514841426,0.3710546122062423
-0.32193222422960305,0.4650236471883277
0.5775339371810757,-0.27391792141809224
0.23666838923534605,-0.2740799476809188
0.3646411626239362,0.12320859413325844
-0.3671007816182313,-0.3561661229228668
0.05428134810119982,-0.14778086133069604
0.1563086067994211,0.33075808693680436
0.08122695706495299,0.22128202934308888
-0.34811203532039997,0.5940589025068769
0.3226500063391911,0.05123524428006232
0.036465024835546304,-0.18325140068345566
-0.28648921069290084,0.01537305349590615
-0.556575161865799,-0.04517650182259036
0.18199995404696398,-0.040967132760940626
0.7351367202394502,-0.007141112428719889
-0.3045762820038844,-0.27953001265387095
0.05113411512388979,0.08466532649119285
0.33314918372747304,-0.4225989803275773
-0.38089567983039035,-0.2150479823724343
-0.14398703072550736,-0.035663628941945226
-0.25804763377842055,-0.6778659937966774
0.29540300844736384,0.23069746090347523
0.3976567708062178,-0.6159463529542516
0.04771087941952049,0.20087630726945344
-0.25252022069823027,-0.38784278697844865
-0.13283728137835432,-0.12147560721104984
-0.18914955427402594,0.1557391940848288
-0.293180658486902,0.6594418558438447
-0.03061146024553941,0.03493559331220482
0.17244794533855864,-0.5947878984598524
0.1470772333285558,0.2861085397907322
-0.0024697093708532175,-0.06957552145770547
0.01711615104760915,0.020971996337647077
-0.024465238526933632,0.16735890896628428
-0.389163461749882,-0.6676133870717142
0.04804046909486176,0.001961054320558733
-0.17508767563639493,-0.12290816698580863
-0.40420296574783127,0.3665504718016557
0.11121167013467512,0.21813412900162285
-0.18351901092556347,-0.4881005768344642
0.06832617637765072,0.3787877557047145
0.2542913445208282,0.13485752644806337
-0.28507161634356953,-0.4641724792359655
0.02763638462189145,0.016725931047831922
-0.5431268645191084,0.31044783415675653
0.45975992718278286,-0.3642131617720182
-0.4077199490666346,0.4132732007536251
-0.1544458987192124,-0.4537886322382577
0.40151397112918713,-0.23736815299409536
-0.07035687782429577,-0.2828612506169076
-0.35921930589009005,0.41308011947659856
0.21392196968596058,-0.14730484096475904
0.20715973864535547,-0.34884510079829933
-0.18995590180957,0.13356326367421856
-0.15747795623411973,0.1983542971778156
-0.13062269118542588,0.20026082843823942
-0.062107188205809384,-0.0814017495678029
-0.567891323076542,0.07636029031108436
-0.05442715833542984,-0.1950699258687857
0.5351742594549446,0.5024405033807191
-0.26879099017101127,0.3432615475973795
-0.17504807804092914,0.3248870487122026
-0.35508529895891877,0.23823478037206364
0.18364857791860614,0.15591999179850044
0.3609592074427129,-0.3733087452449364
0.3540953517532875,0.18999037087669451
-0.374403176668098,0.03427956901899602
0.14993751914908798,0.3790092254852757
0.4301250102642707,0.24222575471472843
0.15289893231303694,0.16511414104590644
0.14352290500313297,-0.5052674392590468
-0.14149277359054757,-0.026700160982541188
0.06603294713809908,-0.1673676779710969
0.3708954539119216,0.07570977725492208
0.09846269052862919,-0.12466448143279311
-0.3744824268089179,-0.08278373282799179
-0.13681250228579142,0.13771017147201114
0.36278386166669807,-0.1296414340706328
0.09742299610532858,0.036477461872203736
0.0357186234729229,-0.4558235672622919
-0.16620465997401002,-0.2497204430280176
0.35657975416033044,0.19681307016088812
0.4987237793466771,-0.36905763500894234
0.3789567369054099,0.37371752328089913
0.4327774864336118,0.29231980659039625
-0.10761187222984998,-0.08046898060193595
-0.15005072921217114,0.8996202316507395
-0.046903552049755784,0.372931073354488
0.011571972592876109,-0.2847838520117205
0.42930593403757666,0.22385221611001446
0.349766021840525,0.019758919895927166
0.1615408161763483,-0.23301362725782332
-0.4293560297540661,-0.32097274294986267
-0.5064065533790626,0.2984680004665137
0.07213882344051097,-0.17938363938724006
0.264078961680215,-0.03056290651111559
-0.02387011469584125,-0.2763077784679585
0.5744713514935215,-0.22444738118957727
-0.3247323131341307,-0.03807876002144161
-0.3625055848486797,0.11645468781724547
-0.19928429234229625,-0.7765077490654345
-0.21068916395737072,0.005075939750025039
0.1578857606045938,-0.22383630377551064
-0.12651355555305083,0.42070879603506744
-0.46435213838359846,0.882825793801631
0.26747353700853504,-0.10778371048611463
-0.5279855778216389,-0.5166685682139583
-0.32136546690321277,0.03506309097556994
-0.4868119712231606,-0.06162879884796148
0.06213638312126207,0.5914051947003871
0.05581431364536361,0.49997680301266273
0.574936296304906,0.25961249117896934
0.27414799684366503,-0.17600822436379746
0.43249385500266013,0.20332996985424104
0.08658289538954793,0.07950190772049122
-0.29307954632716904,0.07239696098981722
0.03843228059804889,-0.4674689545703611
0.177726302216192,0.3185386015360939
0.21114221467547242,0.032342498493370536
-0.14172364323250267,-0.030252404263372525
0.14663594213471973,-0.18004694850264824
-0.2799083912523794,-0.23808494989601325
-0.3129832782332151,0.09517757438369458
-0.33473541341564544,-0.5247488405574245
0.007387796567039109,0.23684962789501274
-0.3533509065228911,-0.3162316310987056
-0.12742331696130232,-0.6176042058615876
0.2708749654241874,0.5465685947778062
-0.3087389034234915,-0.2574261148036735
-0.15129361005129505,-0.2166477484565087
0.021489383032850865,0.3403614993024224
0.07406607045967999,0.5563292701549923
-0.1497871772416683,-0.45990047358102903
0.2360580206205471,-0.28685041807520084
0.17713569023541736,-0.26480364664817896
0.3419569813085109,0.2804404988086963
-0.024480577304117974,0.49173963837886003
-0.15384564283690302,-0.3240757684734237
-0.2047896066036366,0.424423601390466
0.09210825537880883,-0.21271023345861062
-0.11314673484338186,0.10083687088367167
-0.17075093330423677,-0.38143610982834525
-0.13448617927359666,-0.036579124074599394
-0.20510714553727558,-0.033333814221814854
0.05970633382881962,-0.09454749189458209
-0.42377495476321825,0.11549129439590913
0.09090488774248884,-0.3021092594557578
0.20296462812088512,-0.26511698945605244
-0.17426374145318932,0.13136164348480664
0.5766110818819641,0.4026105992927186
0.005286393293055994,-0.006844108214376895
-0.46840289492996656,0.15110123203865175
-0.08437287190100116,0.22742400308920205
0.018796843480739005,0.24915155659004745
0.13469026667106415,-0.2860574177509915
-0.07722915723325398,-0.23310306906147116
-0.30347108271131723,-0.20702237818306046
-0.3284941854336848,0.5785901402681892
-0.19607978555450137,0.15245788175157118
-0.16733260875562886,0.13899471611550504
-0.3404922494697772,0.10987072595512157
-0.21984394833110973,-0.3962380210858497
0.19783755733180647,0.5814571412331117
0.494523782308346,0.14375625923608817
0.22663851416128894,0.21694803379648578
0.3917583258560437,-0.5296563866747406
0.2922355404701094,0.2338931557084554
0.24993909851950333,-0.10686373503828805
-0.1013388789171985,-0.3968348924178711
0.04227326351608415,-0.2861290997615392
-0.1261858027368065,-0.3794682625360099
-0.0657321487000881,-0.3845352585343831
0.020450130115975827,0.018164346109263006
0.21406984547370803,-0.11602883661949531
0.12699701445453712,0.10022080864841619
-0.04854877890430689,0.5027927613204013
0.016661622267499867,-0.03885111408820124
0.13003910225805795,-0.6734667881875281
0.20021833141735051,-0.07258746346434496
-0.4556985489771607,0.35801833091936147
-0.32321668916968105,-0.02578184174904895
0.33219316018180267,0.4587991961075106
-0.018260870979317407,0.1358824779413456
-0.12722297801009366,-0.5514809203192167
-0.07904984187781164,0.03287467513150753
-0.07911159167296618,0.08910038827941866
0.1673813344573121,0.32410674038209314
-0.33240491819423007,0.5458909714834704
0.007433323949028364,0.2723176559126097
0.07383531883512127,0.1321439392161651
0.11888037496965093,0.20285648147350388
0.06685919886308792,-0.050402041934870224
0.15477186909420848,-0.4388633510422288
-0.17180884531749385,0.012448825866858065
-0.2825408196974866,0.10958709823767168
0.737101332975154,-0.36109728777357686
-0.09037940537227093,0.3979864918499824
-0.05533634119637041,0.30162330464472936
0.20335202931536533,-0.41152842458636074
0.4788267876582723,0.4097496866369623
-0.16335843508040873,-0.09249431076295417
-0.29964458045685766,-0.23354746953550456
-0.3726460052374831,0.32378330782395776
0.4779318664508776,-0.015316323828017443
-0.3114320959383102,0.569755596251061
-0.008266780954670028,-0.25586641316602526
-0.29318544961289067,-0.5194972571917964
-0.43450677538749116,-0.08413148434984245
-0.0877126059281058,0.23676674971814182
-0.2813359999023481,-0.27814289566066297
-0.20748852762699385,-0.39903011483996376
0.6018315292252211,0.06867822081082622
0.12746883125172084,-0.4391061630502549
0.27944085586619666,0.09200780988402411
0.24739786885477585,-0.10218691536845313
-0.03025827692370744,0.14833994650571197
-0.13191550781328715,-0.41514864117738054
0.074680383558335,0.38944894543317116
0.050535230979748304,-0.05491034549810695
-0.1706416251495924,0.22905680037144693
0.038954349140058186,0.28796263838546676
-0.2118989120088876,-0.34723348570978674
-0.05143737919225192,0.2646772528824229
-0.10058504235520109,-0.4275200325432977
-0.3806617777817337,-0.41104132282796785
-0.705347463933651,0.5891997707965303
-0.28171897498190973,0.3335560106389874
0.5412313993758903,0.6220992526301264
-0.09290453461101837,-0.11106420918237317
0.23279044826892129,0.03072859922340259
-0.6373335429280075,0.15820642402570897
-0.30248582038929833,-0.0036586699781683096
-0.4063468852087051,-0.22384080620877134
-0.06069000302613446,-0.26882540936401467
0.726586644160573,0.06415866984868486
0.13807168296837538,-0.32005795249869146
0.508683759983426,-0.32845904771005574
-0.07633101830569905,0.11807160334637781
0.4094608121565216,-0.028547805445684565
0.6219770120048672,0.2811618811745056
-0.03281071992313747,-0.12747342302485268
-0.16177941336820945,-0.17437678499266066
-0.3953432810970458,0.12706601881064128
-0.09271807757309088,-0.2436074623661481
0.02456900256023735,-0.1974383176670056
0.6092860852047447,-0.18553631711382446
-0.3884921922288259,-0.06291063188866586
0.01789856810909345,0.5317309629887708
-0.5442924364168851,-0.41303664748714713
-0.1280288486515704,0.38865227463523766
0.09341860722360562,0.22133602688697504
0.1537749458065674,0.4700936542109978
0.17670692389257653,0.9410058144966819
0.11922120986605361,0.4294359062363566
0.1741265820288723,0.2777000843723584
0.013721738700799005,-0.39374890548750524
-0.3143598917966915,-0.3558666784533128
-0.5554970891040169,0.10805705530956648
-0.16400634652116505,-0.5094228443758694
-0.04038462991896891,0.18463177538736578
0.3761795391526441,-0.6404765672283034
-0.030180502546856093,0.34567001566938466
-0.05897071026500775,-0.09651009358007956
0.11565813805253389,0.0379790836410567
-0.08100359623536062,-0.22451168892614473
0.2431625996840815,-0.5695579230667717
0.5938000855151634,0.3704085837582785
0.6572356542632102,0.4007104184864142
0.02911218817334676,-0.10544632956110934
0.10106770940863444,0.19857886942020234
0.473656836112045,-0.11726742606312117
-0.044988606868881294,0.0865469532798739
0.20375764257725373,0.2277417596760329
-0.34054803890574753,0.16652547737216208
-0.09325174448249941,0.4022908840228036
0.34683438499359215,0.1556642027116006
-0.215458690136287,0.008425385111578587
-0.038415353618903324,-0.2284256903632266
-0.47226289368063584,-0.14355161409717623
0.601730488352891,0.24301541901750484
0.37890842094507093,-0.45054795567423556
0.05642986984582448,0.3317421910238389
0.15225386162469842,-0.08434311780435995
0.11876943208301054,-0.24558177132236697
0.41529352590923574,-0.32961725303444017
-0.15564001271141173,0.20231033569451612
0.21968028597846956,-0.0043924061409954486
0.32322494965565196,0.476629566968946
0.36459779114293706,-0.3789226951577763
-0.6778112651495093,-0.1734490869185589
-0.17978234347954336,-0.027666347438224003
-0.3057511863905712,-0.22555702319098017
0.04487648567120574,0.001835599242540892
-0.6048090658542816,0.09585022992465567
-0.6136868672836808,0.14534527173892203
0.651028497562878,0.4518501392653383
0.18530681647900213,-0.3910417286344741
0.03630277295964349,0.10132809598059322
0.10910179435169465,-0.19408284587644997
0.04390227712475396,0.1290040140070754
0.2992051969654578,0.1293996559059141
-0.1897332576191936,-0.29607581496969937
0.05598444782207078,-0.2703457027902263
0.06822638038131462,0.15349291904087245
-0.3140573875375013,0.007021353223239147
0.38309491771891574,-0.06588655221948128
-0.13370302197042283,0.19739604893249207
0.3052265009426703,0.2195155427586395
0.03447381791144404,-0.15888903381051084
0.4900754497227174,-0.25561594129275
-0.3124137265564572,-0.37857569305129257
-0.32542764045313494,0.010036236060445514
-0.27170867730129256,-0.4269480831445694
0.03998866515431223,0.02982853746871022
0.46244051873346154,0.3650510374273318
0.4779280854495751,-0.10603793108588526
-0.6929905801315319,-0.1608612841620491
0.07491214836676163,0.5993534320881435
-0.9638860831545067,0.45291054575629375
0.2385095381355104,-0.22937936116662425
0.3354508244685621,0.04170395431769254
-0.012073282407655681,0.09860347270442478
0.02519447324842638,0.06109812681785346
0.022091667882071914,0.5444020343138363
-0.23533257562237392,0.02616896772582611
0.12951173559644405,0.07117046268930506
-0.06942240049597717,0.20659868854392474
0.27908751278688554,0.3569759148143002
-0.034088080355768935,0.28106975829123176
-0.25830693194647764,0.16142543589349176
-0.4607594012596531,-0.4676099416181725
-0.5592194475167136,-0.1464413172175278
0.3937528031863306,0.2458263621615812
-0.13733680585770577,0.07511960918379167
0.1015722570244946,0.24783859014688556
0.5349689675233557,0.5661498185013744
-0.1688412993893674,-0.3530889615177973
-0.1882432453143461,0.3413730524413751
-0.03964852570659717,-0.09910903874808932
0.008829810125997845,0.2806049457824196
0.5662654050767539,-0.012366223010435244
0.46974617822823395,0.6381013616678987
0.18626262477202415,0.03902608087852142
0.4348241306990604,-0.1921542673067941
-0.0534657037703568,0.1259623868375303
0.08974937015654356,0.09718283421548098
-0.09045409336160846,0.3414291282331343
-0.38711051477389186,0.13441583958147763
0.3611624225380785,0.7425193917507908
0.1595096201969582,-0.0334212406206817
0.005422042027099147,-0.029885984934142112
-0.0007403547936526111,-0.18116581501591628
-0.4518644612719525,0.0257005015062531
-0.2932425999458146,0.06931773632488622
0.10084595103420745,0.0843631589867633
-0.15873380018235173,0.020156302648199762
-0.06531391236524704,-0.18294636501818962
-0.03139681943373049,-0.2644995384247065
-0.2047406307051332,-0.1125521174506669
-0.29037549600721513,0.34246129807053405
-0.48370728927761203,0.40703990564744374
-0.043955483703462146,-0.023089360932130504
0.1855825642830851,-0.2824748899402274
-0.49309024266598506,-0.024352083095037332
-0.007214347529947884,0.6274996305810238
0.08434297580746819,0.29969035059498617
-0.2968741211187434,0.16522280745976425
0.4266425434644264,0.2888054751157708
-0.11571461071152239,0.4621699834023938
-0.030377906536953325,-0.34585986046413586
-0.04838085017939364,-0.11761196060913683
-0.5312323267773168,-0.15861648985104468
0.30262562150521316,0.17613431912129499
-0.2866556305257712,0.04803326719187919
-0.0709561546217209,0.2268933872068224
0.17929830038339864,-0.15206620496016682
0.4382710278433602,0.41158561520374687
-0.3239796845690518,-0.02080011244479053
-0.13394507567832814,0.20836366558745492
0.414725589002146,0.35862194967688193
0.13911416378263408,0.3345372946484905
0.20135140771548252,0.10824852252053897
-0.3153395207328503,0.24580407191476356
-0.11376285897796744,0.5224981991916859
-0.05035062971412922,0.15408037019240875
-0.2573684272028922,-0.21889392061847399
-0.5023708877021721,0.1749152192891655
-0.15314956762907875,-0.011184365405877113
0.4062864598753289,-0.7044003403213032
0.017752039668148825,0.13859940711092777
0.4122872740720129,0.03499519500468211
0.05370627426885588,0.3469253314492315
-0.22941231887638874,-0.2250280972464919
0.3832857039695165,-0.4517128987137923
0.06369784220036967,0.05060425782315283
0.2885516497282192,0.11405321628163388
-0.32049845133617144,0.028149883615670668
0.311626886884351,0.006212605105621043
0.32066678266325954,-0.3206180862618979
0.08693014330696065,-0.04167514109247696
-0.24207662574293476,-0.10452174885132455
-0.013802648613783568,0.321812622230232
0.18338734417147326,0.11379760920918425
0.07037100598096009,-0.08339913652355849
0.18032482143232922,0.5171654629268296
0.3036737722958715,-0.08067230286450279
-0.1945339960115764,0.16733601716584892
-0.3465226862880417,-0.05007640007678469
-0.011261640411672555,0.4893457545084012
-0.09892294766096034,0.026057932744083304
0.23575392394684502,0.034924268367202096
-0.3223495168976424,-0.041961107631814064
0.30611456225330386,0.05895357780036441
0.40608363286402976,0.35986135159437277
9.148927868694127e-05,0.25375315340540633
0.01822083767439134,0.008422854334851296
-0.23026395036904593,0.5103975319369961
-0.16279826969221992,0.2618956924027707
-0.1225010041937051,-0.13145433575920476
0.4328820203513793,-0.4141045061201814
-0.021561235743232193,-0.12450414053897106
-0.39665188699200254,0.12400463356507584
0.07660630263360108,0.179160111189428
0.2478870373866828,0.4077413049906057
-0.007623410796478479,-0.3283637925357
0.4407640319180968,-0.13174660018404313
0.23325260017976937,-0.3532928009623539
-0.3147386189663561,-0.4016397634738337
-0.1654298437189206,-0.18834562378599556
0.06786788442738266,0.10998367328820631
-0.4998567714079821,0.2314183304670948
0.10090702124118436,-0.2845062319865024
-0.5284747281763945,-0.24278277581617194
0.3070300366693529,-0.5339469525970302
0.2721821054375125,0.0643056624830987
0.15143440827452126,-0.21964167059122147
-0.20276350930569342,0.4989094134635542
0.051060847384061685,0.12294263989487841
-0.15401324625439472,-0.05143372303703253
-0.30924458323501985,-0.19233372826333572
-0.10162290353142324,-0.44840106605826874
0.20947966094762865,-0.41036153308362927
0.013144257849528277,-0.18664228637164043
0.435212977240327,-0.20967086460729142
0.2297341618440824,-0.2997515528537983
0.19760724417168557,0.11312841823270334
-0.4826779648336812,0.15427967772445775
-0.08554755904658351,-0.13758971919051843
-0.31931172313025985,0.5805456804795952
-0.054900863887171227,-0.5240188099548276
-0.20798283717694704,0.017449169691678975
-0.1132814859173816,-0.06557406122637759
0.3183488197121552,-0.165210264590177
0.14257497870175018,-0.2092988538039178
0.3021343286944905,-0.0020879648737074223
-0.4802049327047957,-0.06765834819651861
0.01739240898469907,-0.11756295813376783
0.2900114944189803,-0.3896158904968124
0.4518887744661467,-0.48543354534314964
-0.4644265169077479,-0.08655494255866962
-0.10544509084835098,-0.12062883134895908
0.3102680022014288,-0.0591110580830483
-0.057683493843433596,-0.03258653936685262
-0.27312530225091713,-0.15675070256484536
-0.4649997535488023,-0.06372222714546166
-0.28461046039895005,-0.25605849243104833
-0.5066705005691187,0.457183742748985
0.017538137050207712,-0.23992204444499057
0.26889305573359795,-0.11129421283960217
-0.3782924276725812,-0.21713663673416417
0.0773189223633158,-0.22217446206147085
0.25358130883376007,0.0073924699913839945
-0.0008124980545048936,-0.03067026296490361
-0.4832082884751736,-0.13783811711256305
0.11586346639875093,-0.08504279746629347
-0.0163940834293411,-0.21594406529798113
-0.04695139458025665,0.12051769131784815
-0.16405117372813943,0.616557822777214
0.026036227882212385,-0.2624523831699655
0.152945372534088,0.1181889671203814
0.7171944403007546,0.013484687106213037
0.03369962051616145,0.2005889274397769
0.4533423480038019,0.20903788814882146
0.10732652502806299,0.06162380916559818
-0.029858498294326016,-0.011946172834529926
0.044564258313387735,-0.13033505989453392
-0.3665209109077528,-0.2294881059325906
0.09175808122561131,-0.029053698285535424
-0.5976195194464117,-0.3853766494253041
-0.25879990736655956,-0.1781567970352406
0.0329529279401432,0.33205608734177056
0.3581946819536533,0.02955366632390735
0.4291873190995182,0.2677993256806649
-0.07096397389228043,0.4408931659975272
0.04671519585913226,-0.053108836774445146
0.29530874087460834,0.06219775025809246
-0.39884807165787567,-0.09055376824582666
0.12142425159465106,-0.24378172814268187
-0.2483678602097427,-0.2858904777997214
-0.05154751340301562,0.25294511177894735
-0.1377069751482946,0.0625881841456944
0.13060743811444422,0.5539809216243159
0.16509110220272705,0.2916156038771673
0.26732360321921916,-0.21936389686091037
0.1044596485393345,0.25210265406803134
0.051496130990668944,-0.0915226617306766
0.5562071401315806,0.3650579127387004
-0.4573077210591531,-0.14590016317290608
0.5086829580387718,-0.3157277880728017
-0.08694657266051906,-0.23872652311842285
0.17126747591049155,-0.2233994707244741
-0.09769790417808032,-0.25207552938559924
-0.2107624888654878,-0.171782482681532
0.14537315783826854,0.2570075610975713
0.31263849258433296,0.5388132624798553
0.14190238649022152,-0.3990568546660511
-0.1626347360048647,0.3790539128499448
1.0834050188447009,-0.1433111147923286
0.35957210125987565,0.10436475936067018
0.2800026912621758,-0.4962438091719892
-0.10588926922266127,0.15721050520345678
-0.1875497364867118,-0.6015937190448187
-0.08395172275288179,0.09418052169304961
0.3244219633177449,0.07717681410880094
-0.2971813011227484,0.0573022902886402
-0.32046114943629506,-0.2204730451898788
0.16186426000830542,0.1648580023288931
0.0957589333926361,0.11732445282501516
-0.23109406136726873,-0.06298583509233589
-0.3273610735245674,0.2015550921525582
0.4313690980105296,-0.028681243969651587
0.10710132758986858,0.1586331476726286
-0.4090607591184098,-0.037763798218227056
-0.38808766082468815,0.06501059733286219
-0.10845359173514078,0.1724168823225786
0.21985254209928992,-0.11937377208541047
0.17850264063248397,-0.3701509758762586
0.3395035611003653,0.08282370166444637
-0.4471049422382392,0.3568174135838789
0.06715400693389702,0.08974529188723379
0.42777309969640825,0.09544269440891182
0.39984051914282964,-0.012652831948992154
0.10767299442380576,0.22173559583196026
0.7044055525961628,-0.055780624841381195
0.1827855349247579,-0.13616963433805854
0.3128239898524029,0.33158947586245974
0.013334375632652017,-0.15916149548780464
-0.23429258785328613,0.2668412839355247
-0.2625627602336238,0.33178063858731266
0.05448456443832604,0.17004507961861826
-0.06345060205506207,-0.37477065587178976
-0.5305757009740444,0.008146472766749277
-0.3077380754777223,-0.060599999117585186
-0.0955210722162279,-0.14879977660059399
0.21818381278114782,0.04282547620392826
-0.004822165848622374,0.23076190424926443
-0.02161926315015418,-0.13756579803935953
-0.29607378810099483,-0.05141480228210233
0.0069498240186296485,-0.07231768014959628
0.39573030823379635,0.3491613136632935
0.0466725338275671,-0.07713018534317595
-0.45219407444455856,-0.37032169732852366
-0.3754568382913593,-0.4720304516971542
0.1766366631669459,0.10881886996979093
-0.0672946425667859,-0.22820452196577057
-0.022374069031054267,0.2006173515817435
-0.1838202525044271,-0.3993659965521394
0.15102366365997374,-0.16167364998318234
-0.09027531397360478,-0.39917065485604447
-0.05598396651858139,0.13038321466467698
-0.25536701749893786,0.19465426218739507
0.27650738944283093,0.10158754729098006
-0.06633983748492643,-0.32578089612115285
0.18236409993592795,-0.2237291232331998
-0.35807746921020533,0.07029419658346617
0.5201649415135824,-0.5063224224373092
0.38321221155396673,-0.07234048331637088
-0.572939300897678,0.4550716060007644
-0.2405812425191145,-0.05398666475411244
0.14329031730296546,-0.4465633917095854
-0.3959185968447012,-0.1822227743028406
-0.03947822464899774,-0.1892076977032727
0.12798953579303907,0.6420926339509684
-0.055417773593845046,0.4997037241541687
0.16165161106112888,0.2192806302304734
-0.20799897138056447,-0.10292277922241945
-0.6732544626504366,0.36018889829391687
0.2946345936495182,-0.34003789171513754
0.2927443960807591,0.32297259457327776
0.7510909926864997,0.2783920612260131
-0.6621559553802944,-0.045403720394784214
0.22524963280404464,0.3417558940052316
-0.5906046414250161,-0.13416633883915496
0.5269479845025957,-0.3795256794294701
0.14636005010880285,0.29338950389997637
-0.28557865430287593,-0.02557287874183777
0.23406674238043068,0.1805341809896003
-0.16591350231508076,0.5462659774678218
0.0901248298653807,-0.21667622171888903
0.06178821486272519,-0.04301385145199259
0.5232504408441884,0.4708903513733142
0.5444777730259537,0.20061951925658503
-0.17917961198205176,-0.20993482326137888
0.31743168539881084,-0.28650531106184357
0.10645204667108923,-0.1584241920310037
-0.42380462010207354,-0.2215244114408635
-0.208868514111654,0.07120443584685925
0.7008438298798871,0.023530352159279885
0.10735632033139653,0.08377132628260539
0.2999338738552567,-0.2522438404679347
-0.06361329371009729,-0.021250172257576538
-0.16198257441580255,-0.616709932186865
0.0081793522903424,0.043501895208409934
-0.07983121657386515,0.35263219348675956
-0.44797587930947946,-0.4274237728038541
-0.30099763723620954,0.14502846919423834
0.21236535432366926,-0.18330430552816895
-0.11420720673072327,0.2407503461080108
0.007711464608372135,0.04759423536368363
0.07047691514916318,0.12141123379813222
0.09391501464561593,0.019447169626632135
0.34397371839461116,0.39849954191530584
-0.3296087445205596,0.1042231433085307
0.17107581706308736,-0.21162711420073535
0.22650833805589432,0.02961451569630108
0.29575553370045166,-0.1106643128898148
-0.4238752798244617,0.04871997195587674
0.07644576550409944,-0.1259309137100438
0.5148227839195552,-0.20304322066389438
-0.029736155746986955,0.059781663824533746
0.1450484105892874,0.016736888584966084
0.23411867837555544,0.31918675351375425
-0.3076409533194781,-0.12448676373984388
0.5501474186999923,-0.5942561542485921
0.1498502390906711,-0.10916123953899386
0.15585084425802784,-0.48792922767497304
-0.49860821340316047,0.12470159222897284
0.2383634394639939,-0.5021693785046363
0.15192310241374118,-0.2965113187242304
0.4872573983166192,-0.1087003374824589
-0.09337956429130605,0.4631851814283434
-0.2962974988795325,-0.32186703471447525
-0.20467169843229993,0.00372149494397586
-0.15149347050218967,0.1739929730871777
-0.3356539554394121,0.4452181659662092
0.3870480071297979,0.23333842551642292
0.3983093588795,0.3281720854897396
-0.05873751034201656,0.25929211765546234
-0.11782797662525821,-0.36273689141884174
-0.5446445739957936,0.10790763129511402
0.20878837659108138,0.2545982856516668
0.49603203264775286,-0.28695008690220597
-0.19115841517786697,-0.17392796301720678
-0.03503535773291944,-0.24095768853811686
0.13028743839471926,0.23178689579040992
0.5173255081829717,-0.020784336098739597
0.059932866550528374,-0.0962537683005291
0.058628974807955585,-0.3845009749958963
0.05379555034794094,-0.020218275958137726
-0.4275097520711019,-0.1702765064954247
-0.4340371961489594,0.0730018695792487
-0.24239855073446176,-0.3428901595936352
0.3038671722112118,0.053371877851860185
-0.10060712116379793,-0.1316852311496462
-0.1588812146406878,-0.37478907772054393
-0.1641523812431303,-0.39818521136344404
-0.04129706354180319,-0.3531061164068082
0.5106323802304921,-0.06191971723216264
-0.04535921570913646,0.03629863030905012
-0.23588922161245746,0.08094708971315435
0.007573688724489869,0.09226587531853428
0.526525081728461,-0.2275569782937601
-0.15084741568068474,0.31752087242855265
-0.35430150252928355,-0.1326676578024459
-0.15029738091912512,0.13504492801791962
0.03862912090452988,-0.04924663004814504
0.20647228524760194,0.11268636951091245
0.3020650736046738,-0.06429841984347412
-0.3137151821886985,0.11809046297236991
-0.2852536003377209,-0.002216660964097077
-0.09697867781624701,0.24415217119520666
0.20534790740906883,-0.24560551296335947
-0.37800236929567665,-0.5309674007671735
-0.18219807312530914,-0.292007225830229
-0.1778231188235844,0.32067552457141013
0.2825246566093112,-0.046367645966321876
0.15847822819933124,0.027618688663968705
0.271115508314976,-0.3160909842139161
0.4016033922699163,0.01966611754508355
-0.09169502852672416,-0.3068437932218089
-0.35622184645610455,-0.2627343825158265
-0.35428908535410597,-0.12074510484716408
-0.5514322695176519,0.13352917735264364
-0.13763004889985783,0.16555427419275304
-0.11526678444952149,0.1737134693813511
0.2362660220415143,-0.4764252345133122
0.005074265152981192,-0.001999350117078419
-0.14709853330278186,-0.0590345500148208
-0.03479961784817575,-0.4596547248244366
-0.3116920451144292,0.004795130016659536
0.307621971225386,-0.0751281652310284
-0.23577466884285253,0.1534577016353662
-0.3419793815807687,0.02437412287194074
0.245364590012241,-0.16479615908497594
0.17224926250915545,0.2777287351370932
-0.5171056135677035,-0.6663700502325373
0.2565004904130667,-0.01927953852888305
-0.22247779172821694,-0.5289752795975807
-0.11223135826917595,-0.27365798136183594
0.05610603230818124,0.15744411090280488
0.17598746478504648,-0.3822592441322409
0.13364375240625795,-0.4271153456111804
-0.014945499271800734,0.7145834950246873
-0.1273929986747732,-0.40778671542604933
0.12366620806963417,0.495156270926392
-0.03551635120326842,-0.05166064937377814
0.5416063377377772,-0.15744873643169258
0.17592270299097054,0.17003591717646144
-0.2770246874971064,0.40097822266334976
-0.14327998541209538,-0.34382038263249853
0.014457653177948856,-0.1530749369185591
0.3898293645211364,0.25406092040527567
0.4233315027336405,0.0863982937281
-0.1188404161096693,0.33057534919241477
-0.28009026497683287,0.15453358632953382
-0.3184492923618562,0.5424672027447445
0.07572862716473404,0.05357657965009508
0.691135292765248,0.06654334449928856
0.1617282312765307,0.09651641160473963
-0.4781737580052022,-0.0427466555179674
-0.21780123097380039,0.2544261476402773
-0.1871742605534739,0.07111236715890781
-0.2466007560344724,0.23645400274354314
-0.11636814748026607,0.283349956087248
0.11081845830598255,0.12853640446809822
0.20459435079679397,0.15051489727025902
0.32752904727499316,-0.3030989362789601
0.15726077191415333,-0.16510607634594637
-0.5862450720986523,0.2530150358972194
-0.31719137625939403,0.427089354545554
-0.04742821105775736,-0.582129067652508
0.04418395673024369,-0.17035894417542444
0.2584255079628771,0.0070861807243950215
0.012955252865031814,-0.26378233862420336
0.015212176159102305,-0.24675589325450487
0.0713392089417178,0.14247596213814143
-0.07650652163436056,0.47441279075143006
0.026065541963343476,-0.6095470668966423
0.3377496537035252,-0.05114284469450887
-0.0251732696352009,0.13898410253711638
-0.009063818035285,0.2340641916600725
-0.010075621430156856,0.09573820292071153
0.3893321441373506,0.5284207649808346
-0.3324159980488327,0.00867197799773821
0.5327540684373586,0.3935978371176292
-0.3529145563546539,-0.19391030110379073
-0.1962660783983277,0.017394883976654937
0.22342148091459593,-0.3638145227396552
0.3090950086421014,0.2702593321646983
-0.42104970509954637,-0.036132858792352916
-0.32781055897412575,0.1073463187559694
0.08335284284155434,-0.09401058938552212
0.7033258163291388,0.17592855049770478
0.37387883429960417,0.11923019215672562
-0.07442911488954308,-0.2983954289913619
-0.7257387414227268,-0.2810302297749031
0.024492820326347767,-0.008330619102405533
0.10868904109396611,0.1978721872219972
-0.11480854232484106,0.5588686659341543
-0.25521719716397867,0.09089725699971869
0.04774957809641647,0.30225942074656204
-0.2826783581681882,-0.4838552804292506
0.5617345982426172,0.6038867548301947
0.4550234392601451,0.18170586333875782
0.1973737894778283,-0.01488135334763392
0.026913170735794936,-0.04940881423737762
-0.19804922598406796,-0.33215993935769944
-0.006236155167270361,-0.24638603871605128
0.4917891405621828,0.5731306896400241
0.26059621753098844,-0.29670133148580374
0.06110768354293784,-0.3024803273599035
0.2771923002502786,-0.2106661458226737
0.16368319901424846,-0.3594542258883818
0.11888326196606154,0.004591972453653016
0.29416897769746064,0.3266731537995716
0.1551082934474273,-0.18314769788161006
0.25756544103101353,-0.4119972839282464
0.048416114890352725,0.08755839390439614
-0.07623774695703105,-0.016732301303943917
-0.16444886368204464,0.30081736502448736
-0.2001928816412876,-0.13635248979068113
-0.48155113273245975,-0.07804703388800255
-0.2735819840434993,-0.04485910936298069
-0.2822560588746543,0.02670123316604463
-0.1522035587952108,-0.11776850320727694
0.46867326319148733,-0.16639323241380263
-0.04726858666613319,-0.5551133054645524
0.07253006696529297,-0.1696161627360351
0.08199589335357813,0.21456698042452563
0.47627427385270993,0.2550736558106657
-0.17267563615358744,-0.14133390707739016
-0.06675662407741849,0.3898457994545286
-0.03185981153225501,-0.00861122151010644
0.3409604567324304,-0.40135391154478434
0.40323170812633646,-0.49571521693627674
0.14237514590818334,0.3654773767859179
0.3698728122185639,-0.11190111757832213
0.053298298940696785,-0.3642193569217737
-0.05178097428504674,-0.6777828514306604
0.35361722597568657,-0.11871483326254288
0.1462853025701393,0.12142525769890837
-0.22065919977227455,-0.20930734321386138
0.29922628143730523,-0.3159735480401614
-0.06254778930608387,-0.16481273058201823
-0.09924705681726136,0.3729576057434567
0.26790131045991367,-0.4178944853025572
-0.026649642253473906,-0.19251030912675512
0.1166875608120869,0.3632273218852772
0.19858187522123985,0.14825288682712606
-0.2348829237817153,0.053738344133686895
0.11545516940466055,-0.1945338406248746
0.40484193157848714,0.009151444350128378
-0.28694014312188304,-0.1613487205359902
0.13497266664936833,-0.2578158393212253
-0.24884032037408627,-0.32401724259052206
0.30641930515211946,0.23522867891174953
0.3035716751249314,-0.018121839664840673
-0.10629670207472959,0.09435412314080881
0.6628885956572588,0.0455019557404211
0.33198759274118533,0.13227564834250782
0.2120786955408507,-0.07641563699576755
0.1951832688318407,-0.14449723531637226
0.2951780727618671,-0.2445840988173367
-0.298692722173248,-0.4241907400221341
0.05838227953830727,-0.3366099511868749
0.11495711561319824,-0.10962531633006647
-0.12004081899076803,-0.48091184533064346
0.13943858083318963,-0.4146857712408091
0.36950829013020176,0.31264196779055325
-0.12653072632977194,0.06725384545613773
-0.01632729011139169,-0.1355510184610562
-0.24617558875618337,0.6814723376713681
-0.5360967029432376,-0.4944749156139086
0.23367965415615327,0.29268338293854657
-0.007720138451774255,-0.03343982483382481
0.014273825145836338,0.23551410687384353
-0.29603208545205806,0.03268611518124212
-0.05565105871085723,-0.5616735186735773
0.328978136754637,0.028638140267648538
0.00024640103383802807,0.1006667563918794
0.008755127416623841,-0.6575955895573241
0.06225848335902678,0.5832144881405695
-0.3709146385219368,0.09336227825183163
0.1874761392307071,0.20159632204094866
-0.3765594344747492,-0.3496588168728935
-0.2818846743837079,0.20718525664368545
-0.3147644307021494,0.32685133786891674
-0.05256748998916366,0.07607046844135375
-0.10573581106135727,-0.0028114675562293536
-0.00036751149247635993,-0.2680764374695249
-0.27157684793293296,-0.06486207533499776
0.30164859609191347,-0.15360885427778406
0.25020827061789924,0.17159869121780527
-0.05214405386751612,-0.2549627775352208
-0.14351001497638138,0.1693952164510672
-0.17380724800355982,-0.25169566881889693
-0.0930434985032038,-0.07870576624800552
-0.420073568625353,0.184813319103845
-0.28788219366355217,-0.21113901599581317
0.25803611759548994,0.19516094669328055
0.0905437458227606,0.16589824730141045
0.4902823457929592,-0.08128520201308306
-0.08975854505079642,0.3485349604067368
-0.10845396813206022,0.023335302593134294
-0.12236967736309445,0.330682957975605
-0.0957493449654506,0.5380394774631535
-0.1979862039439794,-0.07239030651039342
0.08129646440616,0.19348649520821898
0.008731220144523388,-0.19127037759686266
-0.15297435055148173,-0.30984432285245944
0.3753446739056707,-0.058637897215928526
0.5689748767458921,-0.4087800839248389
0.34997316167202014,-0.28128233389419294
0.16743720392501849,0.17742977979632035
0.2285309178791322,-0.15409470463465152
0.5569246553479005,0.21315422613655843
0.22809579472782712,0.08982358140524614
-0.1755557557797854,0.5553462186057345
0.11768175799516448,0.15730118567281376
0.18787327981899532,0.33426542108379426
-0.29841518221077595,0.12056539893826392
-0.08547924559295336,0.09341805032342178
0.3301175472166398,0.3494199126339945
-0.5470478205148759,0.2006392397595794
-0.3751285635121782,0.06301908388722843
-0.05292211608849831,0.06169639977891532
0.10610387865171135,0.1614687935491248
