init_fuel,city,walking.duration,walking.distance,init_address,vendor,final_time,driving.duration,driving.distance,plate,final_address,init_time,vin,smartPhoneRequired,init_date,final_fuel,exterior,interior,final_date,engineType,origin_destination.type,origin_destination.coordinates[0][0],origin_destination.coordinates[0][1],origin_destination.coordinates[1][0],origin_destination.coordinates[1][1],public_transport.duration,public_transport.distance,public_transport.arrival_date,public_transport.arrival_time,distance,virtual_rental_type_id,carModelData[0],carModelData[1],carModelData[2],car_category_id,car_category_type_id,car_name,onClick_disabled,virtual_rental_id
96,Torino,1183,1579,"Via Chambéry 93, 110, 10142 Torino TO",car2go,1505686342,329,1846,305/FF280SJ,"Via Sostegno, 40, 10146 Torino TO",1505685697,WME4533421K151384,true,2017-09-18T00:01:37.000Z,93,GOOD,GOOD,2017-09-18T00:12:22.000Z,CE,LineString,7.61133,45.06886,7.6195,45.07828,1065,2051,2017-09-18T00:29:36.000Z,1505687376,1227,,,,,,,,,
90,Torino,-1,-1,"Strada Altessano, 140, 10151 Torino TO",car2go,1505686489,-1,-1,241/FF112SJ,"Strada Altessano, 140, 10151 Torino TO",1505685697,WME4533421K152863,true,2017-09-18T00:01:37.000Z,90,GOOD,GOOD,2017-09-18T00:14:49.000Z,CE,LineString,7.64548,45.11008,7.64548,45.11008,-1,-1,-1,-1,0,,,,,,,,,
75,Torino,-1,-1,"Via Guido Reni, 26A, 10136 Torino TO",car2go,1505686390,-1,-1,535/FK815LX,"Via Guido Reni, 26A, 10136 Torino TO",1505685697,WME4530421Y135148,true,2017-09-18T00:01:37.000Z,75,GOOD,GOOD,2017-09-18T00:13:10.000Z,CE,LineString,7.62952,45.05467,7.62952,45.05467,-1,-1,-1,-1,0,,,,,,,,,
31,Torino,2874,3752,"Via Silvio Pellico, 14, 10125 Torino TO",car2go,1505688989,927,4729,418/FK619LX,"Via Antonio Pacinotti, 3a, 10144 Torino TO",1505685798,WME4530421Y135097,true,2017-09-18T00:03:18.000Z,31,GOOD,GOOD,2017-09-18T00:56:29.000Z,CE,LineString,7.68237,45.05785,7.66584,45.07986,-1,-1,-1,-1,2768,,,,,,,,,
44,Torino,1294,1739,"Via Luigi Capriolo, 31, 10139 Torino TO",enjoy,1505686322,389,1842,EZ225TY,"Corso Peschiera, 85-97, 10141 Torino TO",1505685824,,,2017-09-18T00:03:44.000Z,43,,,2017-09-18T00:12:02.000Z,,LineString,7.6423984,45.071346,7.6565294,45.061844,784,1970,2017-09-18T00:29:12.000Z,1505687352,1531,2,99,,,8,1,Fiat 500,false,414187
45,Torino,3108,4086,"Via Amilcare Ponchielli, 29-37, 10154 Torino TO",enjoy,1505687287,1131,5932,EZ534DD,"Via Nizza, 21, 10125 Torino TO",1505685824,,,2017-09-18T00:03:44.000Z,43,,,2017-09-18T00:28:07.000Z,,LineString,7.7019954,45.08719,7.6781316,45.05943,2023,6028,2017-09-18T01:05:57.000Z,1505689557,3608,2,99,100,141,8,1,Fiat 500,false,422845
37,Torino,-1,-1,"Via Andrea Sansovino, 35, 10151 Torino TO",car2go,1505688313,-1,-1,550/FK213PV,"Via Andrea Sansovino, 35, 10151 Torino TO",1505685847,WME4530421Y135192,true,2017-09-18T00:04:07.000Z,37,GOOD,GOOD,2017-09-18T00:45:13.000Z,CE,LineString,7.64971,45.11056,7.64971,45.11056,-1,-1,-1,-1,0,,,,,,,,,
84,Torino,2140,2843,"Via Belfiore, 32, 10125 Torino TO",car2go,1505687131,944,3867,318/FF293SJ,"Via Bligny, 5A, 10122 Torino TO",1505685897,WME4533421K152078,true,2017-09-18T00:04:57.000Z,81,GOOD,GOOD,2017-09-18T00:25:31.000Z,CE,LineString,7.67871,45.05635,7.67651,45.07536,1106,3540,2017-09-18T00:44:24.000Z,1505688264,2119,,,,,,,,,
100,Torino,3577,4754,"Corso Massimo d'Azeglio, 88, 10126 Torino TO",car2go,1505687864,846,5046,536/FK816LX,"Corso Traiano, 40, 10135 Torino TO",1505685897,WME4530421Y135147,true,2017-09-18T00:04:57.000Z,100,GOOD,GOOD,2017-09-18T00:37:44.000Z,CE,LineString,7.67785,45.04544,7.64301,45.02432,1881,6822,2017-09-18T01:05:34.000Z,1505689534,3604,,,,,,,,,
100,Torino,2256,2955,"Via Luigi Tarino, 18a, 10124 Torino TO",car2go,1505686835,887,4058,053/FF841KW,"Via Tommaso Valperga Caluso, 12, 10125 Torino TO",1505685897,WME4533421K146432,true,2017-09-18T00:04:57.000Z,100,GOOD,GOOD,2017-09-18T00:20:35.000Z,CE,LineString,7.6968,45.07206,7.6772,45.05359,1076,3065,2017-09-18T00:43:49.000Z,1505688229,2565,,,,,,,,,
68,Torino,386,469,"Corso Duca degli Abruzzi, 28, 10129 Torino TO",car2go,1505689232,155,736,088/FF054NT,"Corso Peschiera, 85a, 10141 Torino TO",1505686049,WME4533421K150213,true,2017-09-18T00:07:29.000Z,62,GOOD,GOOD,2017-09-18T01:00:32.000Z,CE,LineString,7.66188,45.06157,7.65747,45.06141,351,612,2017-09-18T01:04:40.000Z,1505689480,346,,,,,,,,,
95,Torino,2353,3126,"Corso Cosenza, 64, 10137 Torino TO",enjoy,1505687287,818,5109,EZ011TY,"Via Ventimiglia, 34, 10126 Torino TO",1505686055,,,2017-09-18T00:07:35.000Z,94,,,2017-09-18T00:28:07.000Z,,LineString,7.6404543,45.03643,7.6720867,45.033287,1177,5979,2017-09-18T01:06:38.000Z,1505689598,2508,2,99,141,,8,1,Fiat 500,false,309764
90,Torino,139,188,"Via Vicenza, 27, 10144 Torino TO",enjoy,1505687771,47,188,EZ869DF,"Via Avellino, 25, 10144 Torino TO",1505686055,,,2017-09-18T00:07:35.000Z,86,,,2017-09-18T00:36:11.000Z,,LineString,7.6645813,45.085804,7.663258,45.086014,-1,-1,-1,-1,106,2,99,100,141,8,1,Fiat 500,false,462806
52,Torino,789,1066,"Corso Unione Sovietica, 6040, 10134 Torino TO",enjoy,1505689218,227,1496,EZ759DD,"Via Montevideo, 33, 10134 Torino TO",1505686055,,,2017-09-18T00:07:35.000Z,45,,,2017-09-18T01:00:18.000Z,,LineString,7.658304,45.043205,7.6562705,45.0355,-1,-1,-1,-1,870,2,99,100,141,8,1,Fiat 500,false,416747
75,Torino,4013,5370,"Via Paolo Sacchi, 29-31, 10128 Torino TO",enjoy,1505687287,1022,6138,EZ055TY,"Via Valprato, 70, 10155 Torino TO",1505686055,,,2017-09-18T00:07:35.000Z,74,,,2017-09-18T00:28:07.000Z,,LineString,7.6747327,45.058685,7.682105,45.09359,2061,6607,2017-09-18T01:14:39.000Z,1505690079,3921,2,99,141,,8,1,Fiat 500,false,392293
76,Torino,1780,2403,"Corso Luigi Settembrini, 210, 10135 Torino TO",enjoy,1505686794,427,2805,EZ049TY,"Via Severino Casana, 36-40, 10135 Torino TO",1505686055,,,2017-09-18T00:07:35.000Z,75,,,2017-09-18T00:19:54.000Z,,LineString,7.618008,45.0297,7.64291,45.02569,864,2757,2017-09-18T00:32:56.000Z,1505687576,2005,2,99,141,,8,1,Fiat 500,false,483781
91,Torino,4410,5768,"Corso Regina Margherita, 57, 10124 Torino TO",enjoy,1505688234,1257,7400,EZ184TY,"Via Cesare Reduzzi, 19, 10134 Torino TO",1505686055,,,2017-09-18T00:07:35.000Z,88,,,2017-09-18T00:43:54.000Z,,LineString,7.697548,45.072006,7.6563945,45.037018,3480,7151,2017-09-18T02:01:04.000Z,1505692864,5055,2,99,141,,8,1,Fiat 500,false,362349
40,Torino,2468,3079,"Corso Galileo Galilei, 8, 10126 Torino TO",enjoy,1505687023,715,3186,EZ203GW,"Piazza Marmolada, 1, 10141 Torino TO",1505686055,,,2017-09-18T00:07:35.000Z,40,,,2017-09-18T00:23:43.000Z,,LineString,7.68228,45.044445,7.6486125,45.054447,2986,6887,2017-09-18T01:16:03.000Z,1505690163,2867,2,99,100,141,8,1,Fiat 500,false,399346
80,Torino,2451,3241,"Corso Galileo Ferraris, 57, 10128 Torino TO",enjoy,1505691872,635,3888,EZ198GW,"Corso Giovanni Agnelli, 45-79, 10134 Torino TO",1505686055,,,2017-09-18T00:07:35.000Z,74,,,2017-09-18T01:44:32.000Z,,LineString,7.668221,45.061543,7.6465096,45.03914,-1,-1,-1,-1,3017,2,99,100,141,8,1,Fiat 500,false,471807
52,Torino,5349,7057,"Via Tollegno, 39, 10154 Torino TO",enjoy,1505687994,1513,9201,EZ076TY,"Via Taggia, 31a, 10134 Torino TO",1505686055,,,2017-09-18T00:07:35.000Z,48,,,2017-09-18T00:39:54.000Z,,LineString,7.7012014,45.08639,7.6567583,45.035454,2653,8647,2017-09-18T01:27:15.000Z,1505690835,6648,2,99,141,,8,1,Fiat 500,false,420512
89,Torino,2640,3475,"Via Francesco Valentino, 2-10, 10136 Torino TO",enjoy,1505687994,641,4580,EZ283GW,"Via Valgioie, 358, 10146 Torino TO",1505686055,,,2017-09-18T00:07:35.000Z,88,,,2017-09-18T00:39:54.000Z,,LineString,7.637636,45.05188,7.620874,45.076874,2600,4319,2017-09-18T01:28:34.000Z,1505690914,3073,2,99,100,141,8,1,Fiat 500,false,406392
65,Torino,1625,2209,"Piazza Carlo Montanari, 137, 10137 Torino TO",enjoy,1505688949,457,2540,EZ992DD,"Corso Unione Sovietica, 73, 10134 Torino TO",1505686322,,,2017-09-18T00:12:02.000Z,65,,,2017-09-18T00:55:49.000Z,,LineString,7.6429524,45.039192,7.662031,45.046623,797,2252,2017-09-18T01:20:48.000Z,1505690448,1710,2,99,100,141,8,1,Fiat 500,false,431010
34,Torino,1277,1623,"Rondò Luigi Einaudi, 81, 10129 Torino TO",enjoy,1505689921,293,1826,EZ157TY,"Via Tirreno, 135, 10136 Torino TO",1505686322,,,2017-09-18T00:12:02.000Z,32,,,2017-09-18T01:12:01.000Z,,LineString,7.6615367,45.060352,7.649322,45.052444,706,1728,2017-09-18T01:30:06.000Z,1505691006,1300,2,99,141,,8,1,Fiat 500,false,462760
76,Torino,3335,4548,"Via Achille Loria, 6, 10128 Torino TO",enjoy,1505687287,656,5017,EZ524DD,"Corso Piero Maroncelli, 9, 10127 Torino TO",1505686322,,,2017-09-18T00:12:02.000Z,75,,,2017-09-18T00:28:07.000Z,,LineString,7.6684413,45.05183,7.666189,45.01804,2162,5365,2017-09-18T00:59:26.000Z,1505689166,3759,2,99,100,141,8,1,Fiat 500,false,339281
36,Torino,2547,3248,"Corso Vittorio Emanuele II, 44, 10123 Torino TO",enjoy,1505687510,694,3302,EZ817DD,"Via Massimo Montano, 24, 10143 Torino TO",1505686322,,,2017-09-18T00:12:02.000Z,36,,,2017-09-18T00:31:50.000Z,,LineString,7.6827683,45.06141,7.6536016,45.077347,1033,3942,2017-09-18T00:57:05.000Z,1505689025,2894,2,99,100,141,8,1,Fiat 500,false,416426
76,Torino,1832,2412,"Corso Enrico Gamba, 10144 Torino TO",enjoy,1505687023,413,2380,EZ804DD,"Via Saorgio, 134-148, 10147 Torino TO",1505686322,,,2017-09-18T00:12:02.000Z,75,,,2017-09-18T00:23:43.000Z,,LineString,7.6733975,45.08471,7.6699934,45.10295,959,2643,2017-09-18T00:45:22.000Z,1505688322,2044,2,99,100,141,8,1,Fiat 500,false,423394
98,Torino,566,751,"Via Onorato Vigliani, 97, 10127 Torino TO",enjoy,1505686794,220,1202,EZ092TY,"Via Carlo Pisacane, 55, 10127 Torino TO",1505686322,,,2017-09-18T00:12:02.000Z,97,,,2017-09-18T00:19:54.000Z,,LineString,7.6462398,45.01807,7.6519113,45.014107,-1,-1,-1,-1,626,2,99,141,,8,1,Fiat 500,false,365249
58,Torino,4008,5105,"Corso Cairoli, 28, 10123 Torino TO",enjoy,1505688726,1139,5759,EZ788DD,"Via Michele Lessona, 17, 10145 Torino TO",1505686322,,,2017-09-18T00:12:02.000Z,53,,,2017-09-18T00:52:06.000Z,,LineString,7.691341,45.059654,7.6480684,45.083107,1998,6185,2017-09-18T01:25:56.000Z,1505690756,4280,2,99,100,141,8,1,Fiat 500,false,420840
85,Torino,0,0,"Via Sandro Botticelli, 25, 10155 Torino TO",enjoy,1505687994,0,0,EZ117GW,"Via Sandro Botticelli, 25, 10155 Torino TO",1505686322,,,2017-09-18T00:12:02.000Z,85,,,2017-09-18T00:39:54.000Z,,LineString,7.698086,45.102783,7.6981015,45.10281,-1,-1,-1,-1,3,2,99,100,141,8,1,Fiat 500,false,405755
10,Torino,4143,5471,"Via Giovanni Servais, 32, 10146 Torino TO",enjoy,1505688234,903,6302,EZ108TY,"Via Don Bartolomeo Grazioli, 26, 10137 Torino TO",1505686322,,,2017-09-18T00:12:02.000Z,100,,,2017-09-18T00:43:54.000Z,,LineString,7.6361823,45.08375,7.6335287,45.037884,1827,6337,2017-09-18T01:11:14.000Z,1505689874,5101,2,99,141,,8,1,Fiat 500,false,363441
43,Torino,-1,-1,"Corso Potenza, 6, 10143 Torino TO",car2go,1505686489,-1,-1,160/FF185NT,"Corso Potenza, 6, 10143 Torino TO",1505686342,WME4533421K152652,true,2017-09-18T00:12:22.000Z,43,GOOD,GOOD,2017-09-18T00:14:49.000Z,CE,LineString,7.65216,45.0879,7.65216,45.0879,-1,-1,-1,-1,0,,,,,,,,,
15,Torino,2608,3375,"Via Santa Giulia, 68, 10124 Torino TO",car2go,1505687580,705,3701,044/FF820KW,"Via Graziadio Ascoli, 14, 10144 Torino TO",1505686342,WME4533421K149415,true,2017-09-18T00:12:22.000Z,15,GOOD,GOOD,2017-09-18T00:33:00.000Z,CE,LineString,7.70091,45.06822,7.6667,45.08387,1173,3796,2017-09-18T01:20:10.000Z,1505690410,3198,,,,,,,,,
78,Torino,3436,4418,"Corso Potenza, 6, 10143 Torino TO",car2go,1505687864,889,6100,259/FF148SJ,"Via Tirreno, 139, 10136 Torino TO",1505686489,WME4533421K150592,true,2017-09-18T00:14:49.000Z,75,GOOD,GOOD,2017-09-18T00:37:44.000Z,CE,LineString,7.65209,45.08773,7.64888,45.05244,1850,5590,2017-09-18T01:24:32.000Z,1505690672,3929,,,,,,,,,
40,Torino,1966,2542,"Via Parma, 38, 10152 Torino TO",car2go,1505687429,985,4188,089/FF055NT,"Via Saluzzo, 16, 10125 Torino TO",1505686489,WME4533421K150229,true,2017-09-18T00:14:49.000Z,40,GOOD,GOOD,2017-09-18T00:30:29.000Z,CE,LineString,7.69349,45.07782,7.6794,45.05999,1705,4664,2017-09-18T01:05:29.000Z,1505689529,2269,,,,,,,,,
59,Torino,-1,-1,"Viale Madonna di Campagna, 17, 10147 Torino TO",car2go,1505686538,-1,-1,329/FF054VV,"Viale Madonna di Campagna, 17, 10147 Torino TO",1505686489,WME4533421K152767,true,2017-09-18T00:14:49.000Z,59,GOOD,GOOD,2017-09-18T00:15:38.000Z,CE,LineString,7.6682,45.10223,7.6682,45.10223,-1,-1,-1,-1,0,,,,,,,,,
61,Torino,3930,5243,"Via Paolo Sacchi, 39, 10128 Torino TO",enjoy,1505687771,914,6355,EZ026TY,"Via Onorato Vigliani, 151, 10127 Torino TO",1505686550,,,2017-09-18T00:15:50.000Z,60,,,2017-09-18T00:36:11.000Z,,LineString,7.6739736,45.05789,7.651557,45.017662,1984,6804,2017-09-18T01:16:42.000Z,1505690202,4804,2,99,141,,8,1,Fiat 500,false,414303
43,Torino,940,1213,"Corso Peschiera, 85-97, 10141 Torino TO",enjoy,1505687771,210,1288,EZ225TY,"Corso Racconigi, 233B, 10129 Torino TO",1505686550,,,2017-09-18T00:15:50.000Z,42,,,2017-09-18T00:36:11.000Z,,LineString,7.6565294,45.061844,7.649371,45.054115,-1,-1,-1,-1,1026,2,99,,,8,1,Fiat 500,false,414187
87,Torino,1578,2043,"Piazza Santa Giulia, 2, 10124 Torino TO",enjoy,1505687510,556,2210,EZ047TY,"Corso Giulio Cesare, 28, 10152 Torino TO",1505686550,,,2017-09-18T00:15:50.000Z,86,,,2017-09-18T00:31:50.000Z,,LineString,7.7002444,45.069866,7.6882796,45.083588,1753,4224,2017-09-18T01:07:37.000Z,1505689657,1790,2,99,,,8,1,Fiat 500,false,411035
60,Torino,1583,2072,"Via S. Tommaso, 22-24, 10121 Torino TO",enjoy,1505687287,632,2626,EZ099TY,"Via Antonio Genovesi, 19, 10128 Torino TO",1505686550,,,2017-09-18T00:15:50.000Z,58,,,2017-09-18T00:28:07.000Z,,LineString,7.6806955,45.069477,7.667803,45.054985,1064,2513,2017-09-18T00:53:58.000Z,1505688838,1901,2,99,,,8,1,Fiat 500,false,326162
47,Torino,2321,3060,"Via Giordano Bruno, 54, 10134 Torino TO",enjoy,1505687994,686,3312,EZ243GW,"Corso Vittorio Emanuele II, 31, 10125 Torino TO",1505686550,,,2017-09-18T00:15:50.000Z,47,,,2017-09-18T00:39:54.000Z,,LineString,7.66313,45.0432,7.682747,45.0612,1258,3243,2017-09-18T01:10:54.000Z,1505689854,2524,2,99,100,141,8,1,Fiat 500,false,391038
27,Torino,986,1303,"Via Filadelfia, 91-97, 10134 Torino TO",enjoy,1505687023,242,1339,EZ207GW,"Via Tunisi, 5, 10134 Torino TO",1505686550,,,2017-09-18T00:15:50.000Z,27,,,2017-09-18T00:23:43.000Z,,LineString,7.6488004,45.040684,7.660275,45.04436,738,1413,2017-09-18T00:38:44.000Z,1505687924,989,2,99,100,141,8,1,Fiat 500,false,412718
36,Torino,1506,1991,"Corso S. Maurizio, 6, 10124 Torino TO",enjoy,1505687994,698,3073,EZ808DD,"Via Nizza, 8, 10125 Torino TO",1505686550,,,2017-09-18T00:15:50.000Z,35,,,2017-09-18T00:39:54.000Z,,LineString,7.69244,45.07169,7.677989,45.059544,934,2337,2017-09-18T01:15:46.000Z,1505690146,1763,2,99,100,141,8,1,Fiat 500,false,382886
26,Torino,2917,3806,"Via Giovanni Paisiello, 29, 10154 Torino TO",enjoy,1505688726,1116,6304,EZ228TY,"Via Nizza, 4, 10125 Torino TO",1505686550,,,2017-09-18T00:15:50.000Z,25,,,2017-09-18T00:52:06.000Z,,LineString,7.6991343,45.089046,7.679274,45.061634,1389,4806,2017-09-18T01:31:56.000Z,1505691116,3421,2,99,141,,8,1,Fiat 500,false,429993
56,Torino,1179,1611,"Piazza Statuto, 17, 10122 Torino TO",enjoy,1505687510,525,1819,FD205DR,"Via Carlo Noè, 8, 10152 Torino TO",1505686550,,,2017-09-18T00:15:50.000Z,55,,,2017-09-18T00:31:50.000Z,,LineString,7.6692576,45.07631,7.685905,45.07804,885,1739,2017-09-18T00:59:12.000Z,1505689152,1320,2,99,100,141,8,1,Fiat 500,false,484493
100,Torino,960,1247,"Piazza della Repubblica, 1D, 10122 Torino TO",car2go,1505687429,508,1813,462/FK853LX,"Piazza Statuto, 11, 10122 Torino TO",1505686639,WME4530421Y135194,true,2017-09-18T00:17:19.000Z,96,GOOD,GOOD,2017-09-18T00:30:29.000Z,CE,LineString,7.68257,45.07554,7.67086,45.07593,1492,1769,2017-09-18T00:56:02.000Z,1505688962,919,,,,,,,,,
87,Torino,2035,2783,"Via Carlo Ignazio Giulio, 21, 10122 Torino TO",car2go,1505688501,842,3567,415/FK616LX,"Via della Rocca, 33, 10123 Torino TO",1505686691,WME4530421Y135094,true,2017-09-18T00:18:11.000Z,84,GOOD,GOOD,2017-09-18T00:48:21.000Z,CE,LineString,7.67733,45.07726,7.69111,45.06137,1169,3539,2017-09-18T01:12:06.000Z,1505689926,2070,,,,,,,,,
81,Torino,2496,3263,"Piazza Tancredi Galimberti, 15, 10134 Torino TO",car2go,1505687429,524,3523,423/FK624LX,"Via Alfonso Lamarmora, 43, 10128 Torino TO",1505686691,WME4530421Y135112,true,2017-09-18T00:18:11.000Z,78,GOOD,GOOD,2017-09-18T00:30:29.000Z,CE,LineString,7.65457,45.03371,7.66764,45.05796,925,3462,2017-09-18T00:57:31.000Z,1505689051,2883,,,,,,,,,
15,Torino,-1,-1,"Via Refrancore 18, 1, 10151 Torino TO",car2go,1505686739,-1,-1,464/FK855LX,"Via Refrancore 18, 1, 10151 Torino TO",1505686691,WME4530421Y135198,true,2017-09-18T00:18:11.000Z,15,GOOD,GOOD,2017-09-18T00:18:59.000Z,CE,LineString,7.66003,45.10605,7.66003,45.10605,-1,-1,-1,-1,0,,,,,,,,,
56,Torino,1240,1639,"Via Roccabruna, 14, 10134 Torino TO",car2go,1505687630,388,1786,326/FF051VV,"Via Pastrengo, 13, 10128 Torino TO",1505686739,WME4533421K152612,true,2017-09-18T00:18:59.000Z,56,GOOD,GOOD,2017-09-18T00:33:50.000Z,CE,LineString,7.66618,45.04739,7.67148,45.0593,799,2014,2017-09-18T00:56:05.000Z,1505688965,1387,,,,,,,,,
32,Torino,3738,5048,"Corso Racconigi, 48, 10139 Torino TO",enjoy,1505688462,1154,5945,EZ519DD,"Corso S. Maurizio, 75, 10124 Torino TO",1505686794,,,2017-09-18T00:19:54.000Z,30,,,2017-09-18T00:47:42.000Z,,LineString,7.645811,45.069046,7.697928,45.066525,2061,6678,2017-09-18T01:33:42.000Z,1505691222,4099,2,99,100,141,8,1,Fiat 500,false,378073
22,Torino,3249,4189,"Corso Duca degli Abruzzi, 88, 10129 Torino TO",enjoy,1505687510,703,4882,EZ160TY,"Via Francesco De Sanctis, 27a, 10141 Torino TO",1505686794,,,2017-09-18T00:19:54.000Z,20,,,2017-09-18T00:31:50.000Z,,LineString,7.6574225,45.055042,7.6190667,45.072697,1919,4615,2017-09-18T01:03:18.000Z,1505689398,3593,2,99,141,,8,1,Fiat 500,false,471479
60,Torino,-1,-1,"Corso Peschiera, 122-130, 10138 Torino TO",car2go,1505686984,-1,-1,195/EZ569NP,"Corso Peschiera, 122-130, 10138 Torino TO",1505686937,WME4513341K751040,false,2017-09-18T00:22:17.000Z,60,GOOD,GOOD,2017-09-18T00:23:04.000Z,CE,LineString,7.65506,45.06262,7.65506,45.06262,-1,-1,-1,-1,0,,,,,,,,,
78,Torino,292,386,"Corso Francesco Ferrucci, 104, 10138 Torino TO",car2go,1505687580,97,470,093/FF059NT,"Corso Peschiera, 160, 10138 Torino TO",1505686984,WME4533421K150282,true,2017-09-18T00:23:04.000Z,75,GOOD,GOOD,2017-09-18T00:33:00.000Z,CE,LineString,7.65556,45.06337,7.65175,45.06395,255,475,2017-09-18T00:33:31.000Z,1505687611,305,,,,,,,,,
11,Torino,1995,2624,"Corso S. Maurizio, 20, 10124 Torino TO",enjoy,1505689218,608,2974,EZ199GW,"Via Biella, 36-38, 10152 Torino TO",1505687023,,,2017-09-18T00:23:43.000Z,9,,,2017-09-18T01:00:18.000Z,,LineString,7.6946435,45.069553,7.675899,45.084835,1247,2899,2017-09-18T01:23:33.000Z,1505690613,2246,2,99,100,141,8,1,Fiat 500,false,307271
81,Torino,4470,5887,"Via Carlo del Prete, 38-46, 10137 Torino TO",enjoy,1505688949,1015,6119,EZ797DD,"Via Nicola Fabrizi, 65, 10145 Torino TO",1505687023,,,2017-09-18T00:23:43.000Z,80,,,2017-09-18T00:55:49.000Z,,LineString,7.640495,45.03338,7.645011,45.081043,-1,-1,-1,-1,5308,2,99,100,141,8,1,Fiat 500,false,405204
54,Torino,2498,3224,"Via Claudio Luigi Berthollet, 15, 10125 Torino TO",enjoy,1505691389,632,3431,EZ999DD,"Corso Peschiera, 173-175, 10141 Torino TO",1505687023,,,2017-09-18T00:23:43.000Z,54,,,2017-09-18T01:36:29.000Z,,LineString,7.6808157,45.059326,7.6481805,45.064884,-1,-1,-1,-1,2635,2,99,100,141,8,1,Fiat 500,false,421620
97,Torino,1364,1826,"Via le Chiuse, 2/F, 10144 Torino TO",enjoy,1505687994,521,2212,EZ145TY,"Via Antonio Cecchi, 2, 10152 Torino TO",1505687023,,,2017-09-18T00:23:43.000Z,96,,,2017-09-18T00:39:54.000Z,,LineString,7.6673093,45.07757,7.6835384,45.0845,939,2063,2017-09-18T00:58:39.000Z,1505689119,1488,2,99,141,,8,1,Fiat 500,false,320201
17,Torino,3823,5110,"Via Salbertrand, 13-25, 10146 Torino TO",enjoy,1505689218,1141,6495,EZ112GW,"Via Aosta, 18, 10152 Torino TO",1505687023,,,2017-09-18T00:23:43.000Z,15,,,2017-09-18T01:00:18.000Z,,LineString,7.635863,45.080566,7.6903706,45.08307,-1,-1,-1,-1,4285,2,99,100,,8,1,Fiat 500,false,367866
4,Torino,4131,5393,"Corso Mortara, 38-40, 10144 Torino TO",enjoy,1505704386,968,6277,EZ255GW,"Via Stelvio, 65A, 10141 Torino TO",1505687023,,,2017-09-18T00:23:43.000Z,100,,,2017-09-18T05:13:06.000Z,,LineString,7.672179,45.09045,7.626999,45.06616,2352,7110,2017-09-18T05:52:47.000Z,1505706767,4455,2,99,100,141,8,1,Fiat 500,false,335681
82,Torino,4133,5393,"Via Pio VII, 24, 10135 Torino TO",enjoy,1505688234,1083,6691,EZ778DD,"Via Francesco Azzi, 1, 10139 Torino TO",1505687023,,,2017-09-18T00:23:43.000Z,80,,,2017-09-18T00:43:54.000Z,,LineString,7.653769,45.02811,7.644704,45.067886,2432,7354,2017-09-18T01:44:53.000Z,1505691893,4477,2,99,100,141,8,1,Fiat 500,false,357971
55,Torino,915,1175,"Via Baltea, 25-35, 10154 Torino TO",enjoy,1505687771,535,2509,EZ069TY,"Corso Vigevano, 33, 10152 Torino TO",1505687023,,,2017-09-18T00:23:43.000Z,54,,,2017-09-18T00:36:11.000Z,,LineString,7.694408,45.090256,7.6824594,45.089397,656,1303,2017-09-18T00:56:13.000Z,1505688973,942,2,99,141,,8,1,Fiat 500,false,325782
43,Torino,4003,5372,"Via Alpignano, 13, 10143 Torino TO",car2go,1505688454,1246,6747,548/FK211PV,"Via Moncalvo, 55, 10131 Torino TO",1505687229,WME4530421Y135093,true,2017-09-18T00:27:09.000Z,43,GOOD,GOOD,2017-09-18T00:47:34.000Z,CE,LineString,7.65213,45.07697,7.7097,45.0651,2448,6603,2017-09-18T01:46:55.000Z,1505692015,4706,,,,,,,,,
31,Torino,991,1303,"Corso Giulio Cesare, 9, 10152 Torino TO",car2go,1505689482,483,2418,523/FK803LX,"Corso Vigevano, 2, 10155 Torino TO",1505687329,WME4530421Y135175,true,2017-09-18T00:28:49.000Z,25,GOOD,GOOD,2017-09-18T01:04:42.000Z,CE,LineString,7.68482,45.07888,7.68774,45.08921,589,1527,2017-09-18T01:20:44.000Z,1505690444,1170,,,,,,,,,
71,Torino,1625,2149,"Via Gradisca, 39, 10136 Torino TO",enjoy,1505687994,452,2448,EZ236TY,"Via Pollenzo, 2, 10141 Torino TO",1505687510,,,2017-09-18T00:31:50.000Z,70,,,2017-09-18T00:39:54.000Z,,LineString,7.6450486,45.050545,7.6483817,45.064537,-1,-1,-1,-1,1576,2,99,141,,8,1,Fiat 500,false,409036
38,Torino,2315,3042,"Via Chivasso, 6, 10152 Torino TO",enjoy,1505688462,682,3936,EZ014TY,"Corso Svizzera, 145, 10149 Torino TO",1505687510,,,2017-09-18T00:31:50.000Z,35,,,2017-09-18T00:47:42.000Z,,LineString,7.6889753,45.083607,7.6578674,45.08836,1613,4345,2017-09-18T01:22:44.000Z,1505690564,2497,2,99,141,,8,1,Fiat 500,false,354899
24,Torino,6,9,"Via Saliceto, 19, 10137 Torino TO",enjoy,1505688234,2,9,EZ794DD,"Via Saliceto, 19, 10137 Torino TO",1505687510,,,2017-09-18T00:31:50.000Z,24,,,2017-09-18T00:43:54.000Z,,LineString,7.6430507,45.036877,7.643101,45.036945,-1,-1,-1,-1,8,2,99,100,141,8,1,Fiat 500,false,379456
62,Torino,3404,4456,"Via Verrès, 20, 10155 Torino TO",car2go,1505688501,842,5183,314/FF289SJ,"Via Andrea Sansovino, 64, 10151 Torino TO",1505687529,WME4533421K151750,true,2017-09-18T00:32:09.000Z,59,GOOD,GOOD,2017-09-18T00:48:21.000Z,CE,LineString,7.69141,45.09458,7.64807,45.11095,-1,-1,-1,-1,3855,,,,,,,,,
93,Torino,3008,3936,"Pista ciclabile di Corso Moncalieri, 18, 10123 Torino TO",car2go,1505688937,989,7200,197/FF351NT,"Corso Moncalieri, 295-299, 10133 Torino TO",1505687630,WME4533421K153540,true,2017-09-18T00:33:50.000Z,93,GOOD,GOOD,2017-09-18T00:55:37.000Z,CE,LineString,7.69465,45.05961,7.67931,45.03251,-1,-1,-1,-1,3243,,,,,,,,,
78,Torino,-1,-1,"Via dell'Arcivescovado, 14, 10121 Torino TO",car2go,1505688213,-1,-1,479/FK870LX,"Via dell'Arcivescovado, 14, 10121 Torino TO",1505687630,WME4530421Y135075,true,2017-09-18T00:33:50.000Z,78,GOOD,GOOD,2017-09-18T00:43:33.000Z,CE,LineString,7.67773,45.06724,7.67773,45.06724,-1,-1,-1,-1,0,,,,,,,,,
43,Torino,1371,1794,"Via Benvenuto Cellini, 15, 10126 Torino TO",car2go,1505688595,358,1837,516/FK993MC,"Corso Re Umberto, 87, 10128 Torino TO",1505687630,WME4530421Y135256,true,2017-09-18T00:33:50.000Z,43,GOOD,GOOD,2017-09-18T00:49:55.000Z,CE,LineString,7.67244,45.04397,7.66701,45.05465,971,2413,2017-09-18T01:06:06.000Z,1505689566,1261,,,,,,,,,
18,Torino,3766,4930,"Corso Moncalieri, 334, 10133 Torino TO",car2go,1505689283,1066,9118,118/FF120NT,"Via Palmiro Togliatti, 13, 10135 Torino TO",1505687630,WME4533421K151860,true,2017-09-18T00:33:50.000Z,15,GOOD,GOOD,2017-09-18T01:01:23.000Z,CE,LineString,7.6779,45.0297,7.63411,45.01762,2748,6628,2017-09-18T04:56:05.000Z,1505703365,3692,,,,,,,,,
46,Torino,2442,3286,"Corso Francia, 432-434, 10146 Torino TO",car2go,1505689232,563,3426,346/FF150VY,"Corso Racconigi, 65-77, 10139 Torino TO",1505687677,WME4533421K152063,true,2017-09-18T00:34:37.000Z,43,GOOD,GOOD,2017-09-18T01:00:32.000Z,CE,LineString,7.60809,45.07427,7.64597,45.06841,-1,-1,-1,-1,3043,,,,,,,,,
63,Torino,1789,2404,"Corso Bolzano, 2, 10121 Torino TO",enjoy,1505688726,661,2834,EZ128TY,"Via Giuseppe Giacosa, 19, 10125 Torino TO",1505687771,,,2017-09-18T00:36:11.000Z,62,,,2017-09-18T00:52:06.000Z,,LineString,7.664282,45.06832,7.6800346,45.05541,2208,3191,2017-09-18T01:35:33.000Z,1505691333,1893,2,99,141,,8,1,Fiat 500,false,367862
95,Torino,467,603,"Corso Peschiera, 258, 10139 Torino TO",enjoy,1505689699,271,1227,EZ129GW,"Via Francesco Azzi, 10, 10139 Torino TO",1505687771,,,2017-09-18T00:36:11.000Z,94,,,2017-09-18T01:08:19.000Z,,LineString,7.6376643,45.069355,7.644031,45.068092,-1,-1,-1,-1,519,2,99,100,141,8,1,Fiat 500,false,401736
95,Torino,2698,3463,"Corso Re Umberto, 35Bis, 10128 Torino TO",enjoy,1505688462,640,3664,EZ821DD,"Via Rubiana, 36-40, 10139 Torino TO",1505687771,,,2017-09-18T00:36:11.000Z,94,,,2017-09-18T00:47:42.000Z,,LineString,7.6720314,45.061527,7.6391764,45.072273,1962,3880,2017-09-18T01:17:51.000Z,1505690271,2841,2,99,100,141,8,1,Fiat 500,false,307539
56,Torino,4084,5427,"Corso Monte Grappa, 8, 10145 Torino TO",enjoy,1505688949,933,5552,EZ758DD,"Corso Giovanni Agnelli, 148, 10137 Torino TO",1505687771,,,2017-09-18T00:36:11.000Z,54,,,2017-09-18T00:55:49.000Z,,LineString,7.636178,45.07612,7.6413956,45.0328,1525,5628,2017-09-18T04:55:01.000Z,1505703301,4831,2,99,100,141,8,1,Fiat 500,false,374190
43,Torino,748,1001,"Via Nizza, 21, 10125 Torino TO",enjoy,1505689218,220,1001,EZ534DD,"Piazza Nizza 83, Torino, TO, Italia",1505687771,,,2017-09-18T00:36:11.000Z,43,,,2017-09-18T01:00:18.000Z,,LineString,7.6781316,45.05943,7.6750855,45.051014,-1,-1,-1,-1,965,2,99,100,141,8,1,Fiat 500,false,422845
50,Torino,-1,-1,"Via Celeste Negarville, 16, 10135 Torino TO",car2go,1505687920,-1,-1,460/FK851LX,"Via Celeste Negarville, 16, 10135 Torino TO",1505687864,WME4530421Y135031,true,2017-09-18T00:37:44.000Z,50,GOOD,GOOD,2017-09-18T00:38:40.000Z,CE,LineString,7.61194,45.01988,7.61194,45.01988,-1,-1,-1,-1,0,,,,,,,,,
78,Torino,5701,7576,"Via Pietro Egidi, 10, 10122 Torino TO",enjoy,1505690674,1516,10322,EZ101GW,"Corso Benedetto Croce, 482, 10135 Torino TO",1505687994,,,2017-09-18T00:39:54.000Z,76,,,2017-09-18T01:24:34.000Z,,LineString,7.6839867,45.075066,7.644065,45.01911,2286,8864,2017-09-18T05:23:35.000Z,1505705015,6963,2,99,100,141,8,1,Fiat 500,false,419488
54,Torino,1,1,"Via Paolo Braccini, 64b, 10141 Torino TO",enjoy,1505688234,0,1,EZ783DF,"Via Paolo Braccini, 64b, 10141 Torino TO",1505687994,,,2017-09-18T00:39:54.000Z,54,,,2017-09-18T00:43:54.000Z,,LineString,7.648485,45.060333,7.648481,45.0604,-1,-1,-1,-1,7,2,99,100,141,8,1,Fiat 500,false,453050
58,Torino,724,950,"Corso Racconigi, 245, 10129 Torino TO",enjoy,1505690909,170,950,EZ993DD,"Via Paolo Braccini, 20, 10141 Torino TO",1505687994,,,2017-09-18T00:39:54.000Z,60,,,2017-09-18T01:28:29.000Z,,LineString,7.650505,45.052876,7.653934,45.059776,-1,-1,-1,-1,812,2,99,100,141,8,1,Fiat 500,false,408414
46,Torino,4154,5415,"Via Aosta 90/44, 90, 10154 Torino TO",enjoy,1505691389,1153,6981,EZ820DD,"Via Giuseppe Piazzi, 31, 10129 Torino TO",1505687994,,,2017-09-18T00:39:54.000Z,44,,,2017-09-18T01:36:29.000Z,,LineString,7.6970778,45.087593,7.660033,45.054356,2414,6875,2017-09-18T05:11:46.000Z,1505704306,4700,2,99,100,141,8,1,Fiat 500,false,420719
87,Torino,221,294,"Corso IV Novembre, 100, 10136 Torino TO",enjoy,1505688234,170,685,FG613SB,"Corso IV Novembre, 100, 10136 Torino TO",1505687994,,,2017-09-18T00:39:54.000Z,87,,,2017-09-18T00:43:54.000Z,,LineString,7.650354,45.044853,7.6500764,45.04505,-1,-1,-1,-1,30,2,99,141,,8,1,Fiat 500,false,355767
25,Torino,5420,7334,"Via Alfonso Badini Confalonieri, 59, 10151 Torino TO",car2go,1505690022,1252,8847,236/FF104SJ,"Via Verbano, 2, 10153 Torino TO",1505688066,WME4533421K152753,true,2017-09-18T00:41:06.000Z,25,GOOD,GOOD,2017-09-18T01:13:42.000Z,CE,LineString,7.65783,45.10885,7.72285,45.07616,1634,8345,2017-09-18T04:36:16.000Z,1505702176,6262,,,,,,,,,
78,Torino,2891,3857,"Corso Giacomo Matteotti, 21, 10121 Torino TO",car2go,1505689041,919,4554,199/FF353NT,"Corso Sella Quintino, 79, 10132 Torino TO",1505688213,WME4533421K154648,true,2017-09-18T00:43:33.000Z,75,GOOD,GOOD,2017-09-18T00:57:21.000Z,CE,LineString,7.67325,45.06672,7.71307,45.06486,1931,4499,2017-09-18T01:48:31.000Z,1505692111,3132,,,,,,,,,
70,Torino,391,520,"Via Pollenzo, 2, 10141 Torino TO",enjoy,1505693795,150,550,EZ236TY,"Via Vigone, 20, 10138 Torino TO",1505688234,,,2017-09-18T00:43:54.000Z,65,,,2017-09-18T02:16:35.000Z,,LineString,7.6483817,45.064537,7.652888,45.06636,-1,-1,-1,-1,407,2,99,141,,8,1,Fiat 500,false,409036
43,Torino,5423,7211,"Via Arbe, 2-12, 10136 Torino TO",enjoy,1505689437,1274,7839,EZ001TY,"Via Ternengo, 35-39, 10154 Torino TO",1505688234,,,2017-09-18T00:43:54.000Z,41,,,2017-09-18T01:03:57.000Z,,LineString,7.632658,45.055523,7.6962795,45.086647,-1,-1,-1,-1,6073,2,99,141,,8,1,Fiat 500,false,375381
40,Torino,2229,3035,"Via Eleonora d'Arborea, 25, 10137 Torino TO",enjoy,1505689921,513,3071,EZ811DD,"Via Genova, 181-197, 10127 Torino TO",1505688234,,,2017-09-18T00:43:54.000Z,37,,,2017-09-18T01:12:01.000Z,,LineString,7.6395154,45.03425,7.6657887,45.022514,1319,3938,2017-09-18T01:19:48.000Z,1505690388,2441,2,99,100,141,8,1,Fiat 500,false,374185
100,Torino,359,459,"Corso Traiano, 40, 10135 Torino TO",car2go,1505689678,164,737,536/FK816LX,"Corso Unione Sovietica, 371, 10135 Torino TO",1505688261,WME4530421Y135147,true,2017-09-18T00:44:21.000Z,100,GOOD,GOOD,2017-09-18T01:07:58.000Z,CE,LineString,7.64301,45.02432,7.63969,45.02659,-1,-1,-1,-1,362,,,,,,,,,
100,Torino,1,1,"Via Antonio Rosmini, 2-4, 10126 Torino TO",enjoy,1505688949,198,756,EZ272GW,"Via Antonio Rosmini, 6, 10126 Torino TO",1505688462,,,2017-09-18T00:47:42.000Z,100,,,2017-09-18T00:55:49.000Z,,LineString,7.67244,45.04897,7.6724367,45.049,-1,-1,-1,-1,3,2,99,100,141,8,1,Fiat 500,false,307536
47,Torino,2706,3498,"Corso Vittorio Emanuele II, 31, 10125 Torino TO",enjoy,1505689921,853,4412,EZ243GW,"Corso Racconigi, 65-77, 10139 Torino TO",1505688462,,,2017-09-18T00:47:42.000Z,46,,,2017-09-18T01:12:01.000Z,,LineString,7.682747,45.0612,7.6457,45.068047,-1,-1,-1,-1,3005,2,99,100,141,8,1,Fiat 500,false,391038
87,Torino,3473,4578,"Corso IV Novembre, 100, 10136 Torino TO",enjoy,1505689699,813,4853,FG613SB,"Corso Francia, 311, 10141 Torino TO",1505688462,,,2017-09-18T00:47:42.000Z,84,,,2017-09-18T01:08:19.000Z,,LineString,7.6500764,45.04505,7.6211104,45.074524,-1,-1,-1,-1,3987,2,99,141,,8,1,Fiat 500,false,355767
90,Torino,3266,4330,"Via Volvera, 1, 10141 Torino TO",car2go,1505689974,993,4563,319/FF294SJ,"Corso Moncalieri, 27, 10131 Torino TO",1505688643,WME4533421K152316,true,2017-09-18T00:50:43.000Z,87,GOOD,GOOD,2017-09-18T01:12:54.000Z,CE,LineString,7.64911,45.0625,7.69399,45.05818,-1,-1,-1,-1,3555,,,,,,,,,
40,Torino,751,1005,"Via Saluzzo, 16, 10125 Torino TO",car2go,1505689185,325,1152,089/FF055NT,"Corso Raffaello, 14, 10126 Torino TO",1505688690,WME4533421K150229,true,2017-09-18T00:51:30.000Z,37,GOOD,GOOD,2017-09-18T00:59:45.000Z,CE,LineString,7.6794,45.05999,7.67753,45.05171,-1,-1,-1,-1,931,,,,,,,,,
30,Torino,-1,-1,"Corso S. Maurizio, 75, 10124 Torino TO",enjoy,1505689921,-1,-1,EZ519DD,"Corso S. Maurizio, 75, 10124 Torino TO",1505688726,,,2017-09-18T00:52:06.000Z,30,,,2017-09-18T01:12:01.000Z,,LineString,7.697928,45.066525,7.697928,45.066525,-1,-1,-1,-1,0,2,99,100,141,8,1,Fiat 500,false,378073
32,Torino,2117,2783,"Via Bossolasco, 15, 10141 Torino TO",enjoy,1505690187,698,3413,EZ107GW,"Via Davide Bertolotti, 6-8, 10121 Torino TO",1505688726,,,2017-09-18T00:52:06.000Z,31,,,2017-09-18T01:16:27.000Z,,LineString,7.6519856,45.062275,7.6751494,45.069008,-1,-1,-1,-1,1966,2,99,100,141,8,1,Fiat 500,false,423103
100,Torino,-1,-1,"Corso Massimo d'Azeglio, 11, 10126 Torino TO",car2go,1505689974,-1,-1,458/FK652LX,"Corso Massimo d'Azeglio, 11, 10126 Torino TO",1505688739,WME4530421Y135073,true,2017-09-18T00:52:19.000Z,100,GOOD,GOOD,2017-09-18T01:12:54.000Z,CE,LineString,7.68219,45.05006,7.68219,45.05006,-1,-1,-1,-1,0,,,,,,,,,
96,Torino,3702,4767,"Piazza Statuto, 11, 10122 Torino TO",car2go,1505689779,971,5942,462/FK853LX,"Corso Molise, 57/C, 10151 Torino TO",1505688836,WME4530421Y135194,true,2017-09-18T00:53:56.000Z,96,GOOD,GOOD,2017-09-18T01:09:39.000Z,CE,LineString,7.67086,45.07593,7.63807,45.10477,-1,-1,-1,-1,4109,,,,,,,,,
71,Torino,1352,1786,"Via Germanasca, 26-28, 10138 Torino TO",car2go,1505689384,403,1789,311/FF286SJ,"Corso Giacomo Matteotti, 45, 10121 Torino TO",1505688836,WME4533421K151683,true,2017-09-18T00:53:56.000Z,68,GOOD,GOOD,2017-09-18T01:03:04.000Z,CE,LineString,7.65238,45.06568,7.66863,45.06832,-1,-1,-1,-1,1308,,,,,,,,,
75,Torino,3827,4875,"Corso Achille Mario Dogliotti, 10126 Torino TO",car2go,1505689678,1013,7748,196/FF350NT,"Corso Gaetano Salvemini, 2-12, 10137 Torino TO",1505688937,WME4533421K153288,true,2017-09-18T00:55:37.000Z,71,GOOD,GOOD,2017-09-18T01:07:58.000Z,CE,LineString,7.67555,45.03667,7.62776,45.04395,2209,8358,2017-09-18T05:08:33.000Z,1505704113,3838,,,,,,,,,
75,Torino,1340,1786,"Via Severino Casana, 36-40, 10135 Torino TO",enjoy,1505689437,311,1807,EZ049TY,"Corso Unione Sovietica, 187-207, 10134 Torino TO",1505688949,,,2017-09-18T00:55:49.000Z,65,,,2017-09-18T01:03:57.000Z,,LineString,7.64291,45.02569,7.652654,45.038105,-1,-1,-1,-1,1577,2,99,141,,8,1,Fiat 500,false,483781
18,Torino,3656,4776,"Corso Grosseto, 170, 10148 Torino TO",car2go,1505690022,827,5076,443/FK636LX,"Corso Vittorio Emanuele II, 181-187, 10139 Torino TO",1505689041,WME4530421Y135045,true,2017-09-18T00:57:21.000Z,18,GOOD,GOOD,2017-09-18T01:13:42.000Z,CE,LineString,7.67171,45.10507,7.65018,45.0729,2138,5912,2017-09-18T04:55:18.000Z,1505703318,3953,,,,,,,,,
43,Torino,2728,3675,"Corso Giacomo Matteotti, 26, 10121 Torino TO",car2go,1505690212,831,4092,289/FF215SJ,"Via Pio Foà, 92, 10126 Torino TO",1505689185,WME4533421K152667,true,2017-09-18T00:59:45.000Z,40,GOOD,GOOD,2017-09-18T01:16:52.000Z,CE,LineString,7.67099,45.06779,7.67582,45.04209,1194,4246,2017-09-18T01:35:08.000Z,1505691308,2880,,,,,,,,,
78,Torino,3295,4335,"Corso Giulio Cesare, 196, 10154 Torino TO",car2go,1505690353,719,4397,463/FK854LX,"Corso Lucio Quinzio Cincinnato, 217, 10151 Torino TO",1505689232,WME4530421Y135195,true,2017-09-18T01:00:32.000Z,75,GOOD,GOOD,2017-09-18T01:19:13.000Z,CE,LineString,7.69868,45.09894,7.64955,45.10299,-1,-1,-1,-1,3879,,,,,,,,,
75,Torino,-1,-1,"Corso Unione Sovietica 252 bis, 10134 Torino TO",car2go,1505689433,-1,-1,504/FK907LX,"Corso Unione Sovietica 252 bis, 10134 Torino TO",1505689334,WME4530421Y135261,true,2017-09-18T01:02:14.000Z,75,GOOD,GOOD,2017-09-18T01:03:53.000Z,CE,LineString,7.64689,45.03457,7.64689,45.03457,-1,-1,-1,-1,0,,,,,,,,,
37,Torino,-1,-1,"Via Andrea Sansovino, 35, 10151 Torino TO",car2go,1505691800,-1,-1,550/FK213PV,"Via Andrea Sansovino, 35, 10151 Torino TO",1505689384,WME4530421Y135192,true,2017-09-18T01:03:04.000Z,37,GOOD,GOOD,2017-09-18T01:43:20.000Z,CE,LineString,7.64971,45.11056,7.64971,45.11056,-1,-1,-1,-1,0,,,,,,,,,
25,Torino,2399,3047,"Via Nizza, 4, 10125 Torino TO",enjoy,1505690909,628,3062,EZ228TY,"Corso Racconigi, 20, 10139 Torino TO",1505689437,,,2017-09-18T01:03:57.000Z,22,,,2017-09-18T01:28:29.000Z,,LineString,7.679274,45.061634,7.6475544,45.073093,-1,-1,-1,-1,2796,2,99,141,,8,1,Fiat 500,false,429993
31,Torino,-1,-1,"Via Antonio Pacinotti, 3a, 10144 Torino TO",car2go,1505689482,-1,-1,418/FK619LX,"Via Antonio Pacinotti, 3a, 10144 Torino TO",1505689433,WME4530421Y135097,true,2017-09-18T01:03:53.000Z,31,GOOD,GOOD,2017-09-18T01:04:42.000Z,CE,LineString,7.66584,45.07986,7.66584,45.07986,-1,-1,-1,-1,0,,,,,,,,,
42,Torino,-1,-1,"Via Antonio Pigafetta, 62-64, 10129 Torino TO",car2go,1505689678,-1,-1,168/EZ487NP,"Via Antonio Pigafetta, 62-64, 10129 Torino TO",1505689632,WME4513341K742231,false,2017-09-18T01:07:12.000Z,42,GOOD,GOOD,2017-09-18T01:07:58.000Z,CE,LineString,7.65576,45.05463,7.65576,45.05463,-1,-1,-1,-1,0,,,,,,,,,
21,Torino,688,926,"Via Antonio Pigafetta, 60, 10129 Torino TO",car2go,1505690642,275,1112,254/FF141SJ,"Corso Luigi Einaudi, 50-64, 10129 Torino TO",1505689678,WME4533421K154636,true,2017-09-18T01:07:58.000Z,21,GOOD,GOOD,2017-09-18T01:24:02.000Z,CE,LineString,7.65596,45.05492,7.65873,45.0613,-1,-1,-1,-1,741,,,,,,,,,
31,Torino,275,381,"Via Antonio Pacinotti, 3a, 10144 Torino TO",car2go,1505689827,210,869,418/FK619LX,"Via dell'Industria, 24A, 10144 Torino TO",1505689678,WME4530421Y135097,true,2017-09-18T01:07:58.000Z,31,GOOD,GOOD,2017-09-18T01:10:27.000Z,CE,LineString,7.66584,45.07986,7.6688,45.08119,-1,-1,-1,-1,275,,,,,,,,,
84,Torino,3431,4402,"Via Madama Cristina, 112-114, 10126 Torino TO",enjoy,1505690674,952,4909,EZ040TY,"Via Sangano, 16, 10138 Torino TO",1505689699,,,2017-09-18T01:08:19.000Z,80,,,2017-09-18T01:24:34.000Z,,LineString,7.6745353,45.045933,7.653758,45.075207,-1,-1,-1,-1,3639,2,99,141,,8,1,Fiat 500,false,439303
55,Torino,2818,3633,"Via Carlo Noè, 8, 10152 Torino TO",enjoy,1505690909,779,3995,FD205DR,"Via Vigone, 14, 10138 Torino TO",1505689699,,,2017-09-18T01:08:19.000Z,55,,,2017-09-18T01:28:29.000Z,,LineString,7.685905,45.07804,7.653368,45.0662,-1,-1,-1,-1,2872,2,99,100,141,8,1,Fiat 500,false,484493
56,Torino,941,1185,"Corso Duca degli Abruzzi, 48, 10129 Torino TO",enjoy,1505690404,366,1466,EZ240GW,"Corso Germano Sommeiller, 13, 10128 Torino TO",1505689921,,,2017-09-18T01:12:01.000Z,55,,,2017-09-18T01:20:04.000Z,,LineString,7.660426,45.059505,7.6722884,45.054756,-1,-1,-1,-1,1070,2,99,100,141,8,1,Fiat 500,false,354684
54,Torino,708,937,"Via Paolo Braccini, 64b, 10141 Torino TO",enjoy,1505694024,263,1151,EZ783DF,"Via Evangelista Torricelli, 61, 10129 Torino TO",1505689921,,,2017-09-18T01:12:01.000Z,52,,,2017-09-18T02:20:24.000Z,,LineString,7.648481,45.0604,7.655468,45.05623,-1,-1,-1,-1,718,2,99,100,141,8,1,Fiat 500,false,453050
24,Torino,3939,5239,"Via Saliceto, 19, 10137 Torino TO",enjoy,1505691389,1403,6996,EZ794DD,"Via Santa Teresa, 14, 10121 Torino TO",1505689921,,,2017-09-18T01:12:01.000Z,22,,,2017-09-18T01:36:29.000Z,,LineString,7.643101,45.036945,7.6807904,45.069202,2055,6038,2017-09-18T04:51:02.000Z,1505703062,4647,2,99,100,141,8,1,Fiat 500,false,379456
94,Torino,2,2,"Via Sempione, 160, 10154 Torino TO",enjoy,1505690404,203,457,EZ253GW,"Via Sempione, 158, 10154 Torino TO",1505689921,,,2017-09-18T01:12:01.000Z,94,,,2017-09-18T01:20:04.000Z,,LineString,7.698721,45.096687,7.698698,45.0967,-1,-1,-1,-1,2,2,99,100,141,8,1,Fiat 500,false,390912
33,Torino,930,1113,"Via Massena, 71-73, 10128 Torino TO",enjoy,1505690674,330,1391,EZ500DD,"Corso Mediterraneo, 148, 10129 Torino TO",1505689921,,,2017-09-18T01:12:01.000Z,32,,,2017-09-18T01:24:34.000Z,,LineString,7.669651,45.056362,7.658034,45.06093,453,1259,2017-09-18T01:31:52.000Z,1505691112,1043,2,99,100,141,8,1,Fiat 500,false,432919
65,Torino,4073,5245,"Corso Giuseppe Gabetti, 14, 10131 Torino TO",car2go,1505690884,1119,6112,201/FF355NT,"Via Ceres, 9, 10143 Torino TO",1505689925,WME4533421K155724,true,2017-09-18T01:12:05.000Z,62,GOOD,GOOD,2017-09-18T01:28:04.000Z,CE,LineString,7.70989,45.06599,7.6527,45.08196,2191,5740,2017-09-18T05:15:44.000Z,1505704544,4826,,,,,,,,,
81,Torino,-1,-1,"Via Bligny, 5A, 10122 Torino TO",car2go,1505691172,-1,-1,318/FF293SJ,"Via Bligny, 5A, 10122 Torino TO",1505689974,WME4533421K152078,true,2017-09-18T01:12:54.000Z,81,GOOD,GOOD,2017-09-18T01:32:52.000Z,CE,LineString,7.67651,45.07536,7.67651,45.07536,-1,-1,-1,-1,0,,,,,,,,,
50,Torino,2845,3718,"Via Pietro Giuria, 20, 10125 Torino TO",car2go,1505691942,970,4779,055/FF845KW,"Via Parma, 22-24, 10152 Torino TO",1505690119,WME4533421K150713,true,2017-09-18T01:15:19.000Z,46,GOOD,GOOD,2017-09-18T01:45:42.000Z,CE,LineString,7.67996,45.05031,7.69211,45.0794,-1,-1,-1,-1,3370,,,,,,,,,
74,Torino,2355,3118,"Via Gabriele D'Annunzio, 24, 10141 Torino TO",enjoy,1505691872,660,3346,EZ182TY,"Corso Vittorio Emanuele II, 23, 10125 Torino TO",1505690187,,,2017-09-18T01:16:27.000Z,71,,,2017-09-18T01:44:32.000Z,,LineString,7.652451,45.062027,7.684075,45.060787,-1,-1,-1,-1,2486,2,99,141,,8,1,Fiat 500,false,443214
30,Torino,2497,3255,"Corso S. Maurizio, 75, 10124 Torino TO",enjoy,1505691389,655,3482,EZ519DD,"Via Giotto, 10A, 10126 Torino TO",1505690187,,,2017-09-18T01:16:27.000Z,29,,,2017-09-18T01:36:29.000Z,,LineString,7.697928,45.066525,7.675045,45.046356,-1,-1,-1,-1,2872,2,99,100,141,8,1,Fiat 500,false,378073
65,Torino,3001,3904,"Corso Unione Sovietica, 187-207, 10134 Torino TO",enjoy,1505691389,735,4340,EZ049TY,"Via Monginevro, 86, 10141 Torino TO",1505690187,,,2017-09-18T01:16:27.000Z,74,,,2017-09-18T01:36:29.000Z,,LineString,7.652654,45.038105,7.6411715,45.064667,-1,-1,-1,-1,3086,2,99,141,,8,1,Fiat 500,false,483781
53,Torino,4417,5956,"Str. Basse di Dora, 24, 10146 Torino TO",car2go,1505691362,1241,7123,488/FK891LX,"Corso S. Maurizio, 4, 10124 Torino TO",1505690212,WME4530421Y135234,true,2017-09-18T01:16:52.000Z,50,GOOD,GOOD,2017-09-18T01:36:02.000Z,CE,LineString,7.62352,45.07872,7.69138,45.07288,3017,7863,2017-09-18T05:20:20.000Z,1505704820,5364,,,,,,,,,
31,Torino,3403,4607,"Via Gottardo, 117-121, 10154 Torino TO",enjoy,1505691129,871,7188,EZ137GW,"Corso Casale, 205, 10132 Torino TO",1505690404,,,2017-09-18T01:20:04.000Z,28,,,2017-09-18T01:32:09.000Z,,LineString,7.698208,45.09728,7.7258744,45.070187,-1,-1,-1,-1,3711,2,99,100,141,8,1,Fiat 500,false,449286
40,Torino,107,138,"Via Giordano Bruno, 181, 10134 Torino TO",car2go,1505691561,246,1365,308/FF283SJ,"Piazza Tancredi Galimberti, 23, 10134 Torino TO",1505690451,WME4533421K151551,true,2017-09-18T01:20:51.000Z,40,GOOD,GOOD,2017-09-18T01:39:21.000Z,CE,LineString,7.65628,45.03226,7.65622,45.03327,-1,-1,-1,-1,112,,,,,,,,,
50,Torino,-1,-1,"Via S. Paolo, 96, 10141 Torino TO",car2go,1505691702,-1,-1,502/FK905LX,"Via S. Paolo, 96, 10141 Torino TO",1505690451,WME4530421Y135259,true,2017-09-18T01:20:51.000Z,50,GOOD,GOOD,2017-09-18T01:41:42.000Z,CE,LineString,7.64276,45.05978,7.64276,45.05978,-1,-1,-1,-1,0,,,,,,,,,
46,Torino,-1,-1,"Via Chambéry, 11/A, 10141 Torino TO",car2go,1505690499,-1,-1,552/FK249PV,"Via Chambéry, 11/A, 10141 Torino TO",1505690451,WME4530421Y135271,true,2017-09-18T01:20:51.000Z,46,GOOD,GOOD,2017-09-18T01:21:39.000Z,CE,LineString,7.62266,45.06926,7.62266,45.06926,-1,-1,-1,-1,0,,,,,,,,,
18,Torino,3592,4849,"Via Monginevro, 273, 10142 Torino TO",car2go,1505691702,773,4831,465/FK856LX,"Corso Potenza, 48, 10149 Torino TO",1505690545,WME4530421Y135199,true,2017-09-18T01:22:25.000Z,15,GOOD,GOOD,2017-09-18T01:41:42.000Z,CE,LineString,7.61816,45.06491,7.65488,45.09187,-1,-1,-1,-1,4156,,,,,,,,,
46,Torino,4342,5863,"Via Chambéry, 11/A, 10141 Torino TO",car2go,1505691075,902,6801,552/FK249PV,"Corso Grosseto, 289, 10151 Torino TO",1505690545,WME4530421Y135271,true,2017-09-18T01:22:25.000Z,43,GOOD,GOOD,2017-09-18T01:31:15.000Z,CE,LineString,7.62266,45.06926,7.66242,45.1053,2103,6276,2017-09-18T05:22:18.000Z,1505704938,5076,,,,,,,,,
62,Torino,586,743,"Corso Peschiera, 85a, 10141 Torino TO",car2go,1505693254,135,748,088/FF054NT,"Corso Mediterraneo, 77, 10129 Torino TO",1505690642,WME4533421K150213,true,2017-09-18T01:24:02.000Z,59,GOOD,GOOD,2017-09-18T02:07:34.000Z,CE,LineString,7.65747,45.06141,7.65457,45.05553,-1,-1,-1,-1,691,,,,,,,,,
18,Torino,2151,2802,"Corso Alcide De Gasperi, 58, 10129 Torino TO",enjoy,1505696931,571,2973,EZ996DD,"Piazza Gian Lorenzo Bernini, 2D, 10143 Torino TO",1505690674,,,2017-09-18T01:24:34.000Z,15,,,2017-09-18T03:08:51.000Z,,LineString,7.6568007,45.053722,7.656968,45.076405,-1,-1,-1,-1,2520,2,99,100,,8,1,Fiat 500,false,418584
41,Torino,5257,7030,"Via Santa Maria Mazzarello, 40, 10142 Torino TO",enjoy,1505692326,1380,9124,EZ997DD,"Via Modena, 14, 10152 Torino TO",1505690674,,,2017-09-18T01:24:34.000Z,36,,,2017-09-18T01:52:06.000Z,,LineString,7.625007,45.062172,7.693332,45.07925,3815,13661,2017-09-18T05:16:11.000Z,1505704571,5688,2,99,100,141,8,1,Fiat 500,false,465135
100,Torino,3564,4744,"Via Tommaso Valperga Caluso, 12, 10125 Torino TO",car2go,1505691942,688,5842,053/FF841KW,"Via Carolina Invernizio, 22, 10127 Torino TO",1505690743,WME4533421K146432,true,2017-09-18T01:25:43.000Z,100,GOOD,GOOD,2017-09-18T01:45:42.000Z,CE,LineString,7.6772,45.05359,7.65464,45.02228,-1,-1,-1,-1,3904,,,,,,,,,
31,Torino,748,927,"Lungo Dora Firenze, 57, 10152 Torino TO",car2go,1505694654,284,1050,478/FK869LX,"Corso S. Maurizio, 8, 10124 Torino TO",1505690837,WME4530421Y135226,true,2017-09-18T01:27:17.000Z,25,GOOD,GOOD,2017-09-18T02:30:54.000Z,CE,LineString,7.69044,45.07839,7.69275,45.07136,-1,-1,-1,-1,801,,,,,,,,,
12,Torino,1234,1656,"Corso Grosseto, 248, 10148 Torino TO",car2go,1505722012,412,1912,518/FK719LX,"Corso Brin Benedetto, 21, 10149 Torino TO",1505690884,WME4530421Y135186,true,2017-09-18T01:28:04.000Z,100,GOOD,GOOD,2017-09-18T10:06:52.000Z,CE,LineString,7.66463,45.10539,7.67234,45.0933,773,1979,2017-09-18T10:20:24.000Z,1505722824,1473,,,,,,,,,
62,Torino,2254,2882,"Via Giuseppe Giacosa, 19, 10125 Torino TO",enjoy,1505692096,738,3572,EZ128TY,"Via Gabriele D'Annunzio, 24, 10141 Torino TO",1505690909,,,2017-09-18T01:28:29.000Z,61,,,2017-09-18T01:48:16.000Z,,LineString,7.6800346,45.05541,7.652381,45.06184,-1,-1,-1,-1,2285,2,99,141,,8,1,Fiat 500,false,367862
62,Torino,1799,2400,"Piazza del Monastero, 12, 10146 Torino TO",enjoy,1505691389,468,2728,EZ233GW,"Corso Peschiera, 163-171, 10141 Torino TO",1505690909,,,2017-09-18T01:28:29.000Z,61,,,2017-09-18T01:36:29.000Z,,LineString,7.62703,45.076084,7.6493783,45.064613,-1,-1,-1,-1,2168,2,99,100,141,8,1,Fiat 500,false,447013
40,Torino,1137,1466,"Corso Duca degli Abruzzi, 63, Torino, TO, Italia",enjoy,1505716705,314,1708,EZ256GW,"Via Paolo Borsellino, Torino, TO, Italia",1505691129,,,2017-09-18T01:32:09.000Z,0,,,2017-09-18T08:38:25.000Z,,LineString,7.6590676,45.056667,7.658371,45.067627,1057,1694,2017-09-18T08:48:02.000Z,1505717282,1219,2,99,100,141,8,1,Fiat 500,false,404765
81,Torino,3972,5375,"Via Giovanni Fattori, 80-92, 10141 Torino TO",enjoy,1505692326,1080,6164,EZ164SE,"Via Andrea Pisano, 2-8, 10152 Torino TO",1505691129,,,2017-09-18T01:32:09.000Z,78,,,2017-09-18T01:52:06.000Z,,LineString,7.62873,45.07114,7.6873,45.077766,2335,6797,2017-09-18T05:12:26.000Z,1505704346,4654,2,99,141,,8,1,Fiat 500,false,436484
100,Torino,1388,1814,"Via Don Bartolomeo Grazioli, 26, 10137 Torino TO",enjoy,1505692096,355,1952,EZ108TY,"Via Bistagno, 5, 10136 Torino TO",1505691129,,,2017-09-18T01:32:09.000Z,100,,,2017-09-18T01:48:16.000Z,,LineString,7.6335287,45.037884,7.640035,45.050793,-1,-1,-1,-1,1522,2,99,141,,8,1,Fiat 500,false,363441
64,Torino,795,1026,"Corso IV Novembre, 84a, 10136 Torino TO",enjoy,1505691612,397,2298,EZ112TY,"Corso Mediterraneo, 72, 10129 Torino TO",1505691129,,,2017-09-18T01:32:09.000Z,64,,,2017-09-18T01:40:12.000Z,,LineString,7.650832,45.04616,7.6550035,45.054047,-1,-1,-1,-1,935,2,99,,,8,1,Fiat 500,false,318903
81,Torino,2458,3337,"Via Bligny, 5A, 10122 Torino TO",car2go,1505691800,894,4183,318/FF293SJ,"Via Cigliano, 32, 10153 Torino TO",1505691267,WME4533421K152078,true,2017-09-18T01:34:27.000Z,81,GOOD,GOOD,2017-09-18T01:43:20.000Z,CE,LineString,7.67651,45.07536,7.7126,45.07176,-1,-1,-1,-1,2860,,,,,,,,,
91,Torino,3160,4251,"Corso Luigi Settembrini, 210, 10135 Torino TO",enjoy,1505692096,630,4562,EZ173TY,"Corso Sebastopoli, 69, 10134 Torino TO",1505691389,,,2017-09-18T01:36:29.000Z,90,,,2017-09-18T01:48:16.000Z,,LineString,7.61796,45.029583,7.656877,45.041084,-1,-1,-1,-1,3312,2,99,141,,8,1,Fiat 500,false,310773
20,Torino,3388,4417,"Corso Belgio, 71, 10153 Torino TO",enjoy,1505693322,867,4976,EZ091TY,"Via Pio Foà, 66, 10126 Torino TO",1505691389,,,2017-09-18T01:36:29.000Z,17,,,2017-09-18T02:08:42.000Z,,LineString,7.711625,45.072872,7.6768217,45.04592,-1,-1,-1,-1,4053,2,99,,,8,1,Fiat 500,false,316942
84,Torino,2507,3237,"Via della Rocca, 33, 10123 Torino TO",car2go,1505692964,910,4401,415/FK616LX,"Via Gian Domenico Cassini, 52-54, 10129 Torino TO",1505691411,WME4530421Y135094,true,2017-09-18T01:36:51.000Z,84,GOOD,GOOD,2017-09-18T02:02:44.000Z,CE,LineString,7.69111,45.06137,7.66174,45.05491,-1,-1,-1,-1,2414,,,,,,,,,
78,Torino,2372,3123,"Via dell'Arcivescovado, 14, 10121 Torino TO",car2go,1505692819,895,4165,479/FK870LX,"Corso Alessandro Tassoni, 52, 10144 Torino TO",1505691461,WME4530421Y135075,true,2017-09-18T01:37:41.000Z,75,GOOD,GOOD,2017-09-18T02:00:19.000Z,CE,LineString,7.67773,45.06724,7.65579,45.08331,-1,-1,-1,-1,2480,,,,,,,,,
93,Torino,-1,-1,"Corso IV Novembre, 90-94, 10136 Torino TO",car2go,1505692726,-1,-1,235/FF103SJ,"Corso IV Novembre, 90-94, 10136 Torino TO",1505691512,WME4533421K152744,true,2017-09-18T01:38:32.000Z,93,GOOD,GOOD,2017-09-18T01:58:46.000Z,CE,LineString,7.65035,45.04536,7.65035,45.04536,-1,-1,-1,-1,0,,,,,,,,,
78,Torino,-1,-1,"Corso Tortona, 48, 10153 Torino TO",car2go,1505691656,-1,-1,032/FF793KW,"Corso Tortona, 48, 10153 Torino TO",1505691512,WME4533421K149873,true,2017-09-18T01:38:32.000Z,78,GOOD,GOOD,2017-09-18T01:40:56.000Z,CE,LineString,7.70595,45.07406,7.70595,45.07406,-1,-1,-1,-1,0,,,,,,,,,
72,Torino,12,14,"Via Giovanni Migliara, 12-16, 10143 Torino TO",enjoy,1505692326,17,14,EZ139TY,"Via Giovanni Migliara, 13, 10143 Torino TO",1505691612,,,2017-09-18T01:40:12.000Z,72,,,2017-09-18T01:52:06.000Z,,LineString,7.6583657,45.07935,7.6584973,45.07924,-1,-1,-1,-1,16,2,99,141,,8,1,Fiat 500,false,391630
53,Torino,1448,1827,"Via Michele Lessona, 17, 10145 Torino TO",enjoy,1505692584,423,2072,EZ788DD,"Via Principi d'Acaja, 16-18, 10138 Torino TO",1505691612,,,2017-09-18T01:40:12.000Z,53,,,2017-09-18T01:56:24.000Z,,LineString,7.6480684,45.083107,7.66374,45.07534,-1,-1,-1,-1,1502,2,99,100,141,8,1,Fiat 500,false,420840
68,Torino,2954,3808,"Piazza Statuto, 52, 10122 Torino TO",car2go,1505693306,769,4224,538/FK818LX,"Pista ciclabile, 10141 Torino TO",1505691608,WME4530421Y135144,true,2017-09-18T01:40:08.000Z,68,GOOD,GOOD,2017-09-18T02:08:26.000Z,CE,LineString,7.67256,45.07585,7.64211,45.05628,-1,-1,-1,-1,3231,,,,,,,,,
86,Torino,2397,3081,"Via Avellino, 25, 10144 Torino TO",enjoy,1505693795,749,4340,EZ869DF,"Via Rossana, 15, 10141 Torino TO",1505691872,,,2017-09-18T01:44:32.000Z,84,,,2017-09-18T02:16:35.000Z,,LineString,7.663258,45.086014,7.6459675,45.064648,-1,-1,-1,-1,2734,2,99,100,141,8,1,Fiat 500,false,462806
37,Torino,-1,-1,"Via Andrea Sansovino, 35, 10151 Torino TO",car2go,1505692869,-1,-1,550/FK213PV,"Via Andrea Sansovino, 35, 10151 Torino TO",1505691942,WME4530421Y135192,true,2017-09-18T01:45:42.000Z,37,GOOD,GOOD,2017-09-18T02:01:09.000Z,CE,LineString,7.64971,45.11056,7.64971,45.11056,-1,-1,-1,-1,0,,,,,,,,,
100,Torino,5410,7184,"Via Caraglio, 99-107, 10141 Torino TO",car2go,1505692964,1336,7773,526/FK806LX,"Via Don Giovanni Cocchi, 3, 10131 Torino TO",1505691991,WME4530421Y135166,true,2017-09-18T01:46:31.000Z,100,GOOD,GOOD,2017-09-18T02:02:44.000Z,CE,LineString,7.64171,45.05878,7.71347,45.06451,2327,9897,2017-09-18T05:06:52.000Z,1505704012,5668,,,,,,,,,
100,Torino,3155,4217,"Corso Trapani, 275, 10141 Torino TO",car2go,1505693449,955,4926,500/FK903LX,"Corso Marconi Guglielmo, 9, 10125 Torino TO",1505692086,WME4530421Y135257,true,2017-09-18T01:48:06.000Z,100,GOOD,GOOD,2017-09-18T02:10:49.000Z,CE,LineString,7.6348,45.05746,7.67883,45.05671,-1,-1,-1,-1,3457,,,,,,,,,
35,Torino,2255,2913,"Via Nizza, 8, 10125 Torino TO",enjoy,1505694024,562,3092,EZ808DD,"Via Villarbasse, 12, 10138 Torino TO",1505692096,,,2017-09-18T01:48:16.000Z,33,,,2017-09-18T02:20:24.000Z,,LineString,7.677989,45.059544,7.6520524,45.06464,-1,-1,-1,-1,2113,2,99,100,141,8,1,Fiat 500,false,382886
71,Torino,58,80,"Corso Vittorio Emanuele II, 23, 10125 Torino TO",enjoy,1505693054,47,147,EZ182TY,"Corso Vittorio Emanuele II, 23, 10125 Torino TO",1505692096,,,2017-09-18T01:48:16.000Z,71,,,2017-09-18T02:04:14.000Z,,LineString,7.684075,45.060787,7.6842012,45.06082,-1,-1,-1,-1,10,2,99,141,,8,1,Fiat 500,false,443214
31,Torino,2622,3541,"Via Davide Bertolotti, 6-8, 10121 Torino TO",enjoy,1505693795,975,4652,EZ107GW,"Via Carlo Marochetti, 16, 10126 Torino TO",1505692096,,,2017-09-18T01:48:16.000Z,30,,,2017-09-18T02:16:35.000Z,,LineString,7.6751494,45.069008,7.6785636,45.044395,-1,-1,-1,-1,2748,2,99,100,141,8,1,Fiat 500,false,423103
46,Torino,4942,6548,"Corso Alessandro Tassoni, 32, 10143 Torino TO",enjoy,1505694024,1296,7223,EZ985DD,"Via Spotorno, 45, 10126 Torino TO",1505692326,,,2017-09-18T01:52:06.000Z,44,,,2017-09-18T02:20:24.000Z,,LineString,7.6562495,45.080402,7.667356,45.03049,3554,15011,2017-09-18T05:37:50.000Z,1505705870,5614,2,99,100,141,8,1,Fiat 500,false,381805
9,Torino,1619,2094,"Via Biella, 36-38, 10152 Torino TO",enjoy,1505696674,453,2254,EZ199GW,"Piazza Gian Lorenzo Bernini, 2D, 10143 Torino TO",1505692584,,,2017-09-18T01:56:24.000Z,100,,,2017-09-18T03:04:34.000Z,,LineString,7.675899,45.084835,7.6569347,45.076416,-1,-1,-1,-1,1757,2,99,100,141,8,1,Fiat 500,false,307271
50,Torino,1577,2058,"Corso S. Maurizio, 4, 10124 Torino TO",car2go,1505693982,635,2994,488/FK891LX,"Via Principe Tommaso, 20, 10125 Torino TO",1505692678,WME4530421Y135234,true,2017-09-18T01:57:58.000Z,50,GOOD,GOOD,2017-09-18T02:19:42.000Z,CE,LineString,7.69138,45.07288,7.68146,45.05767,-1,-1,-1,-1,1860,,,,,,,,,
68,Torino,3087,4030,"Corso Giacomo Matteotti, 45, 10121 Torino TO",car2go,1505694127,655,3939,311/FF286SJ,"Via Arnaldo da Brescia, 9C, 10134 Torino TO",1505692964,WME4533421K151683,true,2017-09-18T02:02:44.000Z,68,GOOD,GOOD,2017-09-18T02:22:07.000Z,CE,LineString,7.66863,45.06832,7.65304,45.0379,-1,-1,-1,-1,3595,,,,,,,,,
87,Torino,-1,-1,"Via Bernardino Ramazzini, 10, 10154 Torino TO",car2go,1505694177,-1,-1,207/FF044SJ,"Via Bernardino Ramazzini, 10, 10154 Torino TO",1505692964,WME4533421K154687,true,2017-09-18T02:02:44.000Z,87,GOOD,GOOD,2017-09-18T02:22:57.000Z,CE,LineString,7.70273,45.10504,7.70273,45.10504,-1,-1,-1,-1,0,,,,,,,,,
37,Torino,-1,-1,"Via Andrea Sansovino, 35, 10151 Torino TO",car2go,1505694177,-1,-1,550/FK213PV,"Via Andrea Sansovino, 35, 10151 Torino TO",1505693013,WME4530421Y135192,true,2017-09-18T02:03:33.000Z,37,GOOD,GOOD,2017-09-18T02:22:57.000Z,CE,LineString,7.64971,45.11056,7.64971,45.11056,-1,-1,-1,-1,0,,,,,,,,,
100,Torino,-1,-1,"Corso Giulio Cesare, 2961, 10155 Torino TO",car2go,1505693109,-1,-1,192/EZ547NP,"Corso Giulio Cesare, 2961, 10155 Torino TO",1505693013,WME4513341K751436,false,2017-09-18T02:03:33.000Z,100,GOOD,GOOD,2017-09-18T02:05:09.000Z,CE,LineString,7.70114,45.10394,7.70114,45.10394,-1,-1,-1,-1,0,,,,,,,,,
78,Torino,580,769,"Via Andrea Pisano, 2-8, 10152 Torino TO",enjoy,1505693795,408,1371,EZ164SE,"Corso Giulio Cesare, 31A, 10152 Torino TO",1505693054,,,2017-09-18T02:04:14.000Z,78,,,2017-09-18T02:16:35.000Z,,LineString,7.6873,45.077766,7.687889,45.083508,-1,-1,-1,-1,639,2,99,141,,8,1,Fiat 500,false,436484
64,Torino,4024,5308,"Via Salbertrand, 17, 10146 Torino TO",enjoy,1505694282,950,5560,EZ135GW,"Corso Enrico Tazzoli, 131, 10135 Torino TO",1505693054,,,2017-09-18T02:04:14.000Z,71,,,2017-09-18T02:24:42.000Z,,LineString,7.6356206,45.076664,7.6262197,45.035007,1467,5897,2017-09-18T05:09:30.000Z,1505704170,4687,2,99,100,141,8,1,Fiat 500,false,398403
58,Torino,364,454,"Via Antonio Genovesi, 19, 10128 Torino TO",enjoy,1505693795,220,791,EZ099TY,"Via Cristoforo Colombo, 25, 10129 Torino TO",1505693322,,,2017-09-18T02:08:42.000Z,58,,,2017-09-18T02:16:35.000Z,,LineString,7.667803,45.054985,7.662932,45.05688,-1,-1,-1,-1,436,2,99,,,8,1,Fiat 500,false,326162
71,Torino,3448,4426,"Corso Vittorio Emanuele II, 23, 10125 Torino TO",enjoy,1505694282,957,4952,EZ182TY,"Via Cardinale Maurilio Fossati, 2-4, 10141 Torino TO",1505693322,,,2017-09-18T02:08:42.000Z,70,,,2017-09-18T02:24:42.000Z,,LineString,7.6842012,45.06082,7.6346636,45.069927,-1,-1,-1,-1,4017,2,99,141,,8,1,Fiat 500,false,443214
53,Torino,924,1213,"Via Principi d'Acaja, 16-18, 10138 Torino TO",enjoy,1505694024,362,1686,EZ788DD,"Via S. Rocchetto, 17-19, 10143 Torino TO",1505693322,,,2017-09-18T02:08:42.000Z,52,,,2017-09-18T02:20:24.000Z,,LineString,7.66374,45.07534,7.6539783,45.08029,-1,-1,-1,-1,943,2,99,100,141,8,1,Fiat 500,false,420840
100,Torino,-1,-1,"Corso Massimo d'Azeglio, 11, 10126 Torino TO",car2go,1505694608,-1,-1,458/FK652LX,"Corso Massimo d'Azeglio, 11, 10126 Torino TO",1505693357,WME4530421Y135073,true,2017-09-18T02:09:17.000Z,100,GOOD,GOOD,2017-09-18T02:30:08.000Z,CE,LineString,7.68219,45.05006,7.68219,45.05006,-1,-1,-1,-1,0,,,,,,,,,
56,Torino,2558,3390,"Via Pastrengo, 13, 10128 Torino TO",car2go,1505694323,644,3797,326/FF051VV,"Piazza Galimberti Tancredi, 13, 10134 Torino TO",1505693497,WME4533421K152612,true,2017-09-18T02:11:37.000Z,53,GOOD,GOOD,2017-09-18T02:25:23.000Z,CE,LineString,7.67148,45.0593,7.65502,45.03369,-1,-1,-1,-1,3125,,,,,,,,,
24,Torino,310,414,"Via Francesco De Sanctis, 64, 10142 Torino TO",enjoy,1505694497,78,466,EZ786DD,"Via Francesco De Sanctis, 18-28, 10142 Torino TO",1505693540,,,2017-09-18T02:12:20.000Z,96,,,2017-09-18T02:28:17.000Z,,LineString,7.6190963,45.06934,7.619071,45.072853,-1,-1,-1,-1,390,2,99,100,141,8,1,Fiat 500,false,418808
55,Torino,3806,5032,"Via Vigone, 14, 10138 Torino TO",enjoy,1505694497,856,5285,FD205DR,"Via Francesco Cigna, 178, 10155 Torino TO",1505693540,,,2017-09-18T02:12:20.000Z,53,,,2017-09-18T02:28:17.000Z,,LineString,7.653368,45.0662,7.6895585,45.097637,1616,6774,2017-09-18T05:34:26.000Z,1505705666,4501,2,99,100,141,8,1,Fiat 500,false,484493
21,Torino,2536,3367,"Via Alessandro Filippa, 16, 10139 Torino TO",car2go,1505694511,704,3847,101/FF084NT,"Corso Duca degli Abruzzi, 83, 10129 Torino TO",1505694080,WME4533421K146852,true,2017-09-18T02:21:20.000Z,21,GOOD,GOOD,2017-09-18T02:28:31.000Z,CE,LineString,7.63262,45.07278,7.65772,45.05503,-1,-1,-1,-1,2787,,,,,,,,,
18,Torino,2089,2730,"Via Fréjus, 146, 10139 Torino TO",car2go,1505695331,569,3210,016/FF774KW,"Via Sebastiano Grandis, 14, 10121 Torino TO",1505694224,WME4533421K148718,true,2017-09-18T02:23:44.000Z,18,GOOD,GOOD,2017-09-18T02:42:11.000Z,CE,LineString,7.63859,45.06994,7.66762,45.07198,-1,-1,-1,-1,2289,,,,,,,,,
52,Torino,2310,3108,"Via S. Donato, 43, 10144 Torino TO",enjoy,1505695011,827,3382,EZ227TY,"Via degli Artisti, 1, 10124 Torino TO",1505694282,,,2017-09-18T02:24:42.000Z,51,,,2017-09-18T02:36:51.000Z,,LineString,7.663459,45.08073,7.6954103,45.070824,-1,-1,-1,-1,2738,2,99,141,,8,1,Fiat 500,false,456522
90,Torino,1584,2110,"Corso Sebastopoli, 69, 10134 Torino TO",enjoy,1505695456,367,2115,EZ173TY,"Via Giotto, 125, 10126 Torino TO",1505694282,,,2017-09-18T02:24:42.000Z,88,,,2017-09-18T02:44:16.000Z,,LineString,7.656877,45.041084,7.6756616,45.047256,-1,-1,-1,-1,1626,2,99,141,,8,1,Fiat 500,false,310773
77,Torino,3484,4678,"Via Massimo Montano, 2-10, 10143 Torino TO",enjoy,1505695456,885,5561,EZ529DD,"Corso Grosseto, 58, 10148 Torino TO",1505694282,,,2017-09-18T02:24:42.000Z,75,,,2017-09-18T02:44:16.000Z,,LineString,7.655528,45.07728,7.683875,45.104286,-1,-1,-1,-1,3735,2,99,100,141,8,1,Fiat 500,false,431157
37,Torino,-1,-1,"Via Andrea Sansovino, 35, 10151 Torino TO",car2go,1505695232,-1,-1,550/FK213PV,"Via Andrea Sansovino, 35, 10151 Torino TO",1505694415,WME4530421Y135192,true,2017-09-18T02:26:55.000Z,37,GOOD,GOOD,2017-09-18T02:40:32.000Z,CE,LineString,7.64971,45.11056,7.64971,45.11056,-1,-1,-1,-1,0,,,,,,,,,
18,Torino,3335,4483,"Corso Vittorio Emanuele II, 181-187, 10139 Torino TO",car2go,1505695714,1013,5296,443/FK636LX,"Via Guastalla, 10b, 10124 Torino TO",1505694415,WME4530421Y135045,true,2017-09-18T02:26:55.000Z,15,GOOD,GOOD,2017-09-18T02:48:34.000Z,CE,LineString,7.65018,45.0729,7.6967,45.0696,-1,-1,-1,-1,3669,,,,,,,,,
20,Torino,391,537,"Via Francesco De Sanctis, 27a, 10141 Torino TO",enjoy,1505699352,245,1201,EZ160TY,"Via Quinto Bevilacqua, 12b, 10141 Torino TO",1505694497,,,2017-09-18T02:28:17.000Z,93,,,2017-09-18T03:49:12.000Z,,LineString,7.6190667,45.072697,7.6210647,45.069332,-1,-1,-1,-1,405,2,99,141,,8,1,Fiat 500,false,471479
100,Torino,-1,-1,"Via Severino Casana, 27, 10135 Torino TO",car2go,1505694701,-1,-1,310/FF285SJ,"Via Severino Casana, 27, 10135 Torino TO",1505694608,WME4533421K151633,true,2017-09-18T02:30:08.000Z,100,GOOD,GOOD,2017-09-18T02:31:41.000Z,CE,LineString,7.6435,45.02642,7.6435,45.02642,-1,-1,-1,-1,0,,,,,,,,,
25,Torino,-1,-1,"Corso S. Maurizio, 8, 10124 Torino TO",car2go,1505694751,-1,-1,478/FK869LX,"Corso S. Maurizio, 8, 10124 Torino TO",1505694701,WME4530421Y135226,true,2017-09-18T02:31:41.000Z,25,GOOD,GOOD,2017-09-18T02:32:31.000Z,CE,LineString,7.69275,45.07136,7.69275,45.07136,-1,-1,-1,-1,0,,,,,,,,,
100,Torino,2707,3595,"Corso Massimo d'Azeglio, 11, 10126 Torino TO",car2go,1505695380,910,4277,458/FK652LX,"Corso Verona, 38, 10153 Torino TO",1505694751,WME4530421Y135073,true,2017-09-18T02:32:31.000Z,100,GOOD,GOOD,2017-09-18T02:43:00.000Z,CE,LineString,7.68219,45.05006,7.69872,45.07589,-1,-1,-1,-1,3149,,,,,,,,,
100,Torino,1583,2165,"Via Severino Casana, 27, 10135 Torino TO",car2go,1505695180,370,2542,310/FF285SJ,"Via Corrado Corradino, 15-17, 10127 Torino TO",1505694751,WME4533421K151633,true,2017-09-18T02:32:31.000Z,100,GOOD,GOOD,2017-09-18T02:39:40.000Z,CE,LineString,7.6435,45.02642,7.66466,45.01708,-1,-1,-1,-1,1959,,,,,,,,,
34,Torino,2866,3766,"Corso Casale, 204, 10132 Torino TO",enjoy,1505695456,634,4512,EZ159TY,"Via Alessandro Cruto, 1040, 10154 Torino TO",1505694755,,,2017-09-18T02:32:35.000Z,31,,,2017-09-18T02:44:16.000Z,,LineString,7.7253804,45.070095,7.707135,45.093155,-1,-1,-1,-1,2935,2,99,141,,8,1,Fiat 500,false,366075
93,Torino,2908,3710,"Corso Moncalieri, 295-299, 10133 Torino TO",car2go,1505696576,757,3774,197/FF351NT,"Via Paolo Sacchi, 40-42, 10128 Torino TO",1505694844,WME4533421K153540,true,2017-09-18T02:34:04.000Z,90,GOOD,GOOD,2017-09-18T03:02:56.000Z,CE,LineString,7.67931,45.03251,7.67387,45.05788,-1,-1,-1,-1,2851,,,,,,,,,
72,Torino,2863,3646,"Via Francesco Cigna, 18, 10152 Torino TO",enjoy,1505695974,744,4117,EZ004TY,"Via Nicomede Bianchi, 28, 10146 Torino TO",1505695011,,,2017-09-18T02:36:51.000Z,71,,,2017-09-18T02:52:54.000Z,,LineString,7.6782117,45.08147,7.6359234,45.081745,-1,-1,-1,-1,3318,2,99,141,,8,1,Fiat 500,false,337734
37,Torino,-1,-1,"Via Andrea Sansovino, 35, 10151 Torino TO",car2go,1505697941,-1,-1,550/FK213PV,"Via Andrea Sansovino, 35, 10151 Torino TO",1505695380,WME4530421Y135192,true,2017-09-18T02:43:00.000Z,37,GOOD,GOOD,2017-09-18T03:25:41.000Z,CE,LineString,7.64971,45.11056,7.64971,45.11056,-1,-1,-1,-1,0,,,,,,,,,
43,Torino,2964,3902,"Piazza Nizza 83, Torino, TO, Italia",enjoy,1505696197,704,3973,EZ534DD,"Corso Cosenza, 42, 10137 Torino TO",1505695718,,,2017-09-18T02:48:38.000Z,40,,,2017-09-18T02:56:37.000Z,,LineString,7.6750855,45.051014,7.642341,45.035393,-1,-1,-1,-1,3102,2,99,100,141,8,1,Fiat 500,false,422845
59,Torino,-1,-1,"Corso Moncalieri, 276-282, 10133 Torino TO",car2go,1505696098,-1,-1,287/FF213SJ,"Corso Moncalieri, 276-282, 10133 Torino TO",1505695906,WME4533421K152593,true,2017-09-18T02:51:46.000Z,59,GOOD,GOOD,2017-09-18T02:54:58.000Z,CE,LineString,7.68034,45.03505,7.68034,45.03505,-1,-1,-1,-1,0,,,,,,,,,
88,Torino,2821,3765,"Via Giotto, 125, 10126 Torino TO",enjoy,1505697880,1089,5198,EZ173TY,"Piazza della Repubblica, 26, 10122 Torino TO",1505695974,,,2017-09-18T02:52:54.000Z,80,,,2017-09-18T03:24:40.000Z,,LineString,7.6756616,45.047256,7.684424,45.075935,1260,4462,2017-09-18T04:33:34.000Z,1505702014,3260,2,99,141,,8,1,Fiat 500,false,310773
78,Torino,4696,6099,"Via Villa Glori, 21, 10133 Torino TO",car2go,1505697792,970,7073,506/FK909LX,"Corso Unione Sovietica, 2-20, 10135 Torino TO",1505696146,WME4530421Y135122,true,2017-09-18T02:55:46.000Z,75,GOOD,GOOD,2017-09-18T03:23:12.000Z,CE,LineString,7.6794,45.03718,7.63256,45.01857,2692,7794,2017-09-18T04:53:45.000Z,1505703225,4220,,,,,,,,,
29,Torino,75,101,"Via Giotto, 10A, 10126 Torino TO",enjoy,1505696674,49,177,EZ519DD,"Via Giotto, 10A, 10126 Torino TO",1505696197,,,2017-09-18T02:56:37.000Z,29,,,2017-09-18T03:04:34.000Z,,LineString,7.675045,45.046356,7.675183,45.04632,-1,-1,-1,-1,11,2,99,100,141,8,1,Fiat 500,false,378073
54,Torino,4896,6306,"Corso Vigevano, 33, 10152 Torino TO",enjoy,1505697880,1132,7213,EZ069TY,"Via Gradisca, 105A, 10137 Torino TO",1505696456,,,2017-09-18T03:00:56.000Z,52,,,2017-09-18T03:24:40.000Z,,LineString,7.6824594,45.089397,7.64253,45.044765,2265,9171,2017-09-18T05:19:46.000Z,1505704786,5866,2,99,141,,8,1,Fiat 500,false,325782
90,Torino,-1,-1,"Via Paolo Sacchi, 40-42, 10128 Torino TO",car2go,1505696674,-1,-1,197/FF351NT,"Via Paolo Sacchi, 40-42, 10128 Torino TO",1505696624,WME4533421K153540,true,2017-09-18T03:03:44.000Z,90,GOOD,GOOD,2017-09-18T03:04:34.000Z,CE,LineString,7.67387,45.05788,7.67387,45.05788,-1,-1,-1,-1,0,,,,,,,,,
12,Torino,3550,4632,"Corso Moncalieri, 321, 10133 Torino TO",car2go,1505698131,805,4676,148/FF173NT,"Via Giuseppe Pomba, 24A, 10123 Torino TO",1505697170,WME4533421K151910,true,2017-09-18T03:12:50.000Z,12,GOOD,GOOD,2017-09-18T03:28:51.000Z,CE,LineString,7.67843,45.03059,7.6855,45.06539,2408,4997,2017-09-18T04:26:07.000Z,1505701567,3906,,,,,,,,,
37,Torino,-1,-1,"Via Andrea Sansovino, 35, 10151 Torino TO",car2go,1505699966,-1,-1,550/FK213PV,"Via Andrea Sansovino, 35, 10151 Torino TO",1505698036,WME4530421Y135192,true,2017-09-18T03:27:16.000Z,37,GOOD,GOOD,2017-09-18T03:59:26.000Z,CE,LineString,7.64971,45.11056,7.64971,45.11056,-1,-1,-1,-1,0,,,,,,,,,
78,Torino,-1,-1,"Corso Raffaello, 18, 10126 Torino TO",car2go,1505699340,-1,-1,142/FF167NT,"Corso Raffaello, 18, 10126 Torino TO",1505698131,WME4533421K151764,true,2017-09-18T03:28:51.000Z,78,GOOD,GOOD,2017-09-18T03:49:00.000Z,CE,LineString,7.67828,45.05152,7.67828,45.05152,-1,-1,-1,-1,0,,,,,,,,,
80,Torino,1069,1421,"Piazza della Repubblica, 26, 10122 Torino TO",enjoy,1505698880,438,1615,EZ173TY,"Via Como, 19, 10152 Torino TO",1505698139,,,2017-09-18T03:28:59.000Z,82,,,2017-09-18T03:41:20.000Z,,LineString,7.684424,45.075935,7.695637,45.08471,-1,-1,-1,-1,1313,2,99,141,,8,1,Fiat 500,false,310773
52,Torino,1995,2619,"Via Gradisca, 105A, 10137 Torino TO",enjoy,1505699097,480,2827,EZ069TY,"Piazza Sabotino, 3, 10141 Torino TO",1505698139,,,2017-09-18T03:28:59.000Z,51,,,2017-09-18T03:44:57.000Z,,LineString,7.64253,45.044765,7.6491895,45.06451,-1,-1,-1,-1,2255,2,99,141,,8,1,Fiat 500,false,325782
92,Torino,2542,3343,"Corso Monte Grappa, 38, 10145 Torino TO",enjoy,1505706838,755,4663,EZ126GW,"Via Enrico D'Ovidio, 10129 Torino TO",1505698404,,,2017-09-18T03:33:24.000Z,89,,,2017-09-18T05:53:58.000Z,,LineString,7.637106,45.078117,7.6617,45.06169,1463,4830,2017-09-18T06:23:01.000Z,1505708581,2656,2,99,100,141,8,1,Fiat 500,false,387320
61,Torino,98,133,"Via Gabriele D'Annunzio, 24, 10141 Torino TO",enjoy,1505704172,45,142,EZ128TY,"Via Gabriele D'Annunzio, 24, 10141 Torino TO",1505698404,,,2017-09-18T03:33:24.000Z,61,,,2017-09-18T05:09:32.000Z,,LineString,7.652381,45.06184,7.652445,45.0619,-1,-1,-1,-1,8,2,99,141,,8,1,Fiat 500,false,367862
81,Torino,2638,3532,"Via Postumia, 2-14, 10141 Torino TO",enjoy,1505706838,741,4920,EZ237TY,"Via Enrico D'Ovidio, 10129 Torino TO",1505698623,,,2017-09-18T03:37:03.000Z,78,,,2017-09-18T05:53:58.000Z,,LineString,7.6228533,45.0683,7.6615314,45.061646,1104,4076,2017-09-18T06:16:27.000Z,1505708187,3124,2,99,141,,8,1,Fiat 500,false,315813
53,Torino,4,6,"Piazza Galimberti Tancredi, 13, 10134 Torino TO",car2go,1505699002,150,735,326/FF051VV,"Piazza Tancredi Galimberti, 15, 10134 Torino TO",1505698858,WME4533421K152612,true,2017-09-18T03:40:58.000Z,53,GOOD,GOOD,2017-09-18T03:43:22.000Z,CE,LineString,7.65502,45.03369,7.65504,45.03358,-1,-1,-1,-1,12,,,,,,,,,
40,Torino,2243,3021,"Via Pio Foà, 92, 10126 Torino TO",car2go,1505699871,505,3909,289/FF215SJ,"Via Genova, 245, 10127 Torino TO",1505699053,WME4533421K152667,true,2017-09-18T03:44:13.000Z,40,GOOD,GOOD,2017-09-18T03:57:51.000Z,CE,LineString,7.67582,45.04209,7.66406,45.01871,1096,3554,2017-09-18T04:21:23.000Z,1505701283,2757,,,,,,,,,
40,Torino,291,394,"Piazza Tancredi Galimberti, 23, 10134 Torino TO",car2go,1505699291,148,827,308/FF283SJ,"Corso Eusebio Giambone, 71, 10134 Torino TO",1505699099,WME4533421K151551,true,2017-09-18T03:44:59.000Z,40,GOOD,GOOD,2017-09-18T03:48:11.000Z,CE,LineString,7.65622,45.03327,7.65484,45.03035,-1,-1,-1,-1,342,,,,,,,,,
68,Torino,4610,5985,"Via Giordano Bruno, 197-201, 10134 Torino TO",car2go,1505700407,1029,6621,476/FK867LX,"Corso Svizzera, 4, 10143 Torino TO",1505699340,WME4530421Y135224,true,2017-09-18T03:49:00.000Z,65,GOOD,GOOD,2017-09-18T04:06:47.000Z,CE,LineString,7.65547,45.03077,7.64879,45.07625,2278,6851,2017-09-18T05:23:17.000Z,1505704997,5081,,,,,,,,,
51,Torino,2021,2664,"Piazza Sabotino, 3, 10141 Torino TO",enjoy,1505700076,528,2983,EZ069TY,"Via Filadelfia, 182-188, 10137 Torino TO",1505699352,,,2017-09-18T03:49:12.000Z,50,,,2017-09-18T04:01:16.000Z,,LineString,7.6491895,45.06451,7.639966,45.043964,-1,-1,-1,-1,2395,2,99,141,,8,1,Fiat 500,false,325782
47,Torino,813,1103,"Via Limone, 14, 10141 Torino TO",enjoy,1505707551,323,1726,EZ234GW,"Via Bobbio, 6, 10141 Torino TO",1505699565,,,2017-09-18T03:52:45.000Z,44,,,2017-09-18T06:05:51.000Z,,LineString,7.643931,45.0619,7.654446,45.05818,838,1633,2017-09-18T06:30:16.000Z,1505709016,923,2,99,100,141,8,1,Fiat 500,false,444951
22,Torino,1061,1424,"Via Santa Teresa, 14, 10121 Torino TO",enjoy,1505700807,544,2077,EZ794DD,"Via Nizza, 27, 10125 Torino TO",1505699822,,,2017-09-18T03:57:02.000Z,21,,,2017-09-18T04:13:27.000Z,,LineString,7.6807904,45.069202,7.6776443,45.058834,-1,-1,-1,-1,1178,2,99,100,141,8,1,Fiat 500,false,379456
85,Torino,3833,4965,"Via Sandro Botticelli, 25, 10155 Torino TO",enjoy,1505701761,970,6395,EZ117GW,"Corso Inghilterra, 1, 10121 Torino TO",1505700076,,,2017-09-18T04:01:16.000Z,90,,,2017-09-18T04:29:21.000Z,,LineString,7.6981015,45.10281,7.6641893,45.06966,1870,7400,2017-09-18T05:06:09.000Z,1505703969,4544,2,99,100,141,8,1,Fiat 500,false,405755
37,Torino,-1,-1,"Via Andrea Sansovino, 35, 10151 Torino TO",car2go,1505701711,-1,-1,550/FK213PV,"Via Andrea Sansovino, 35, 10151 Torino TO",1505700109,WME4530421Y135192,true,2017-09-18T04:01:49.000Z,37,GOOD,GOOD,2017-09-18T04:28:31.000Z,CE,LineString,7.64971,45.11056,7.64971,45.11056,-1,-1,-1,-1,0,,,,,,,,,
84,Torino,405,502,"Via S. Donato, 7, 10144 Torino TO",car2go,1505700838,148,534,320/FF295SJ,"Corso S. Martino, 16, 10122 Torino TO",1505700109,WME4533421K152334,true,2017-09-18T04:01:49.000Z,84,GOOD,GOOD,2017-09-18T04:13:58.000Z,CE,LineString,7.66794,45.07814,7.66863,45.07499,-1,-1,-1,-1,354,,,,,,,,,
84,Torino,1275,1701,"Corso Peschiera, 186, 10139 Torino TO",car2go,1505700943,402,2162,215/FF055SJ,"Corso Duca degli Abruzzi, 27, 10129 Torino TO",1505700109,WME4533421K151187,true,2017-09-18T04:01:49.000Z,84,GOOD,GOOD,2017-09-18T04:15:43.000Z,CE,LineString,7.64713,45.06579,7.66381,45.06344,-1,-1,-1,-1,1334,,,,,,,,,
55,Torino,799,1096,"Corso Germano Sommeiller, 13, 10128 Torino TO",enjoy,1505700807,260,1308,EZ240GW,"Corso Guglielmo Marconi, 33b, 10125 Torino TO",1505700293,,,2017-09-18T04:04:53.000Z,55,,,2017-09-18T04:13:27.000Z,,LineString,7.6722884,45.054756,7.683437,45.05522,-1,-1,-1,-1,876,2,99,100,141,8,1,Fiat 500,false,354684
71,Torino,3437,4536,"Corso Peschiera, 322-334, 10139 Torino TO",car2go,1505701424,886,4945,442/FK660LX,"Via Giorgio Bidone, 27, 10125 Torino TO",1505700407,WME4530421Y135038,true,2017-09-18T04:06:47.000Z,68,GOOD,GOOD,2017-09-18T04:23:44.000Z,CE,LineString,7.63091,45.07204,7.68002,45.05227,1805,6094,2017-09-18T05:29:24.000Z,1505705364,4436,,,,,,,,,
78,Torino,5272,6930,"Corso Raffaello, 18, 10126 Torino TO",car2go,1505701473,1307,7937,142/FF167NT,"Corso Grosseto, 58, 10148 Torino TO",1505700691,WME4533421K151764,true,2017-09-18T04:11:31.000Z,75,GOOD,GOOD,2017-09-18T04:24:33.000Z,CE,LineString,7.67828,45.05152,7.68406,45.10431,2858,9430,2017-09-18T05:20:59.000Z,1505704859,5883,,,,,,,,,
12,Torino,-1,-1,"Via Nizza, 264, 10126 Torino TO",car2go,1505730964,-1,-1,341/FF145VY,"Corso Grosseto, 240, 10148 Torino TO",1505700691,WME4533421K152598,true,2017-09-18T04:11:31.000Z,100,GOOD,GOOD,2017-09-18T12:36:04.000Z,CE,LineString,7.66705,45.03156,7.66516,45.10532,-1,-1,-1,-1,8197,,,,,,,,,
84,Torino,4755,6467,"Corso Francia, 311, 10141 Torino TO",enjoy,1505701761,1084,6871,FG613SB,"Via Giordano Bruno, 195, 10134 Torino TO",1505700807,,,2017-09-18T04:13:27.000Z,83,,,2017-09-18T04:29:21.000Z,,LineString,7.6211104,45.074524,7.6556373,45.030933,2552,11190,2017-09-18T05:15:53.000Z,1505704553,5550,2,99,141,,8,1,Fiat 500,false,355767
78,Torino,2088,2751,"Corso Unione Sovietica, 115, 10134 Torino TO",car2go,1505701374,521,2910,553/FK187XH,"Via Nizza, 1, 10125 Torino TO",1505700894,WME4530421Y135049,true,2017-09-18T04:14:54.000Z,78,GOOD,GOOD,2017-09-18T04:22:54.000Z,CE,LineString,7.65894,45.04367,7.67961,45.06187,2009,5173,2017-09-18T04:57:02.000Z,1505703422,2592,,,,,,,,,
29,Torino,4680,6028,"Via Giotto, 10A, 10126 Torino TO",enjoy,1505702707,1163,6799,EZ519DD,"Piazza Massaua, 9, 10141 Torino TO",1505701019,,,2017-09-18T04:16:59.000Z,27,,,2017-09-18T04:45:07.000Z,,LineString,7.675183,45.04632,7.619689,45.074074,1739,6728,2017-09-18T05:35:15.000Z,1505705715,5337,2,99,100,141,8,1,Fiat 500,false,378073
84,Torino,1539,1986,"Corso Duca degli Abruzzi, 27, 10129 Torino TO",car2go,1505701947,416,2342,215/FF055SJ,"Corso Racconigi, 96, 10141 Torino TO",1505701329,WME4533421K151187,true,2017-09-18T04:22:09.000Z,84,GOOD,GOOD,2017-09-18T04:32:27.000Z,CE,LineString,7.66381,45.06344,7.64483,45.06557,-1,-1,-1,-1,1508,,,,,,,,,
75,Torino,3443,4600,"Corso Peschiera, 160, 10138 Torino TO",car2go,1505703136,1009,4894,093/FF059NT,"Corso Moncalieri, 1, 10131 Torino TO",1505701374,WME4533421K150282,true,2017-09-18T04:22:54.000Z,75,GOOD,GOOD,2017-09-18T04:52:16.000Z,CE,LineString,7.65175,45.06395,7.6981,45.06235,1545,5454,2017-09-18T05:27:37.000Z,1505705257,3642,,,,,,,,,
15,Torino,4955,6507,"Via Bibiana, 116A, 10147 Torino TO",car2go,1505701996,1187,6965,245/FF124SJ,"Via Fidia, 10141 Torino TO",1505701424,WME4533421K153406,true,2017-09-18T04:23:44.000Z,12,GOOD,GOOD,2017-09-18T04:33:16.000Z,CE,LineString,7.67922,45.10328,7.62264,45.07396,1930,8553,2017-09-18T05:15:08.000Z,1505704508,5506,,,,,,,,,
100,Torino,2704,3608,"Largo Sempione, 176, 10154 Torino TO",car2go,1505701996,633,4088,321/FF296SJ,"Via Lessolo, 22-26, 10153 Torino TO",1505701424,WME4533421K152361,true,2017-09-18T04:23:44.000Z,100,GOOD,GOOD,2017-09-18T04:33:16.000Z,CE,LineString,7.70035,45.09548,7.71202,45.0711,1524,4227,2017-09-18T05:17:58.000Z,1505704678,2859,,,,,,,,,
74,Torino,3115,4175,"Corso Giovanni Agnelli, 45-79, 10134 Torino TO",enjoy,1505702707,746,4583,EZ198GW,"Via Nizza, 2, 10125 Torino TO",1505701505,,,2017-09-18T04:25:05.000Z,76,,,2017-09-18T04:45:07.000Z,,LineString,7.6465096,45.03914,7.679279,45.061768,1377,4621,2017-09-18T05:10:42.000Z,1505704242,3597,2,99,100,141,8,1,Fiat 500,false,471807
18,Torino,2150,2960,"Via Sebastiano Grandis, 14, 10121 Torino TO",car2go,1505702330,878,3755,016/FF774KW,"Corso Moncalieri, 1, 10131 Torino TO",1505701568,WME4533421K148718,true,2017-09-18T04:26:08.000Z,15,GOOD,GOOD,2017-09-18T04:38:50.000Z,CE,LineString,7.66762,45.07198,7.69813,45.06235,1041,3374,2017-09-18T05:21:22.000Z,1505704882,2622,,,,,,,,,
36,Torino,3347,4376,"Via Modena, 14, 10152 Torino TO",enjoy,1505702966,849,4305,EZ997DD,"Corso Potenza, 202, 10149 Torino TO",1505701761,,,2017-09-18T04:29:21.000Z,36,,,2017-09-18T04:49:26.000Z,,LineString,7.693332,45.07925,7.662661,45.104374,2040,5201,2017-09-18T05:33:42.000Z,1505705622,3685,2,99,100,141,8,1,Fiat 500,false,465135
37,Torino,-1,-1,"Via Andrea Sansovino, 35, 10151 Torino TO",car2go,1505703044,-1,-1,550/FK213PV,"Via Andrea Sansovino, 35, 10151 Torino TO",1505701853,WME4530421Y135192,true,2017-09-18T04:30:53.000Z,37,GOOD,GOOD,2017-09-18T04:50:44.000Z,CE,LineString,7.64971,45.11056,7.64971,45.11056,-1,-1,-1,-1,0,,,,,,,,,
83,Torino,4233,5485,"Via Brandizzo, 80, 10154 Torino TO",enjoy,1505703697,987,5802,EZ208GW,"Corso Racconigi, 16, 10139 Torino TO",1505701977,,,2017-09-18T04:32:57.000Z,83,,,2017-09-18T05:01:37.000Z,,LineString,7.701436,45.09049,7.647534,45.073345,2553,9426,2017-09-18T05:45:02.000Z,1505706302,4638,2,99,100,141,8,1,Fiat 500,false,388282
90,Torino,1170,1545,"Corso Inghilterra, 1, 10121 Torino TO",enjoy,1505703439,501,2117,EZ117GW,"Piazza Pietro Paleocapa, 1D, 10121 Torino TO",1505702235,,,2017-09-18T04:37:15.000Z,89,,,2017-09-18T04:57:19.000Z,,LineString,7.6641893,45.06966,7.6788077,45.064068,646,1933,2017-09-18T05:14:31.000Z,1505704471,1304,2,99,100,141,8,1,Fiat 500,false,405755
84,Torino,-1,-1,"Via Asiago, 76, 10142 Torino TO",car2go,1505739493,-1,-1,435/FK646LX,Aeroporto Caselle 2,1505702330,WME4530421Y135028,true,2017-09-18T04:38:50.000Z,75,GOOD,GOOD,2017-09-18T14:58:13.000Z,CE,LineString,7.6099,45.0699,7.6435,45.18843,-1,-1,-1,-1,13432,,,,,,,,,
81,Torino,13519,17823,"Via Madama Cristina, 96, 10126 Torino TO",car2go,1505704707,1906,20236,324/FF299SJ,Aeroporto Caselle 2,1505702330,WME4533421K152456,true,2017-09-18T04:38:50.000Z,75,GOOD,GOOD,2017-09-18T05:18:27.000Z,CE,LineString,7.67611,45.04815,7.6435,45.18843,3456,20105,2017-09-18T07:07:23.000Z,1505711243,15796,,,,,,,,,
80,Torino,2047,2695,"Via Sangano, 16, 10138 Torino TO",enjoy,1505703697,500,2929,EZ040TY,"Corso Francia, 312, 10146 Torino TO",1505702491,,,2017-09-18T04:41:31.000Z,80,,,2017-09-18T05:01:37.000Z,,LineString,7.653758,45.075207,7.621457,45.074722,773,3164,2017-09-18T05:22:36.000Z,1505704956,2535,2,99,141,,8,1,Fiat 500,false,439303
40,Torino,6789,9158,"Via Giovanni Servais, 112/F, 10146 Torino TO",car2go,1505704141,1319,9267,291/FF226SJ,"Via Monte Sei Busi, 4, 10135 Torino TO",1505702619,WME4533421K152905,true,2017-09-18T04:43:39.000Z,34,GOOD,GOOD,2017-09-18T05:09:01.000Z,CE,LineString,7.62581,45.08393,7.62323,45.01633,2074,13173,2017-09-18T05:50:06.000Z,1505706606,7514,,,,,,,,,
52,Torino,3802,4969,"Via Borgaro, 70, 10149 Torino TO",enjoy,1505703439,966,5699,EZ077TY,"Via Giovanni Camerana, 10, 10128 Torino TO",1505702707,,,2017-09-18T04:45:07.000Z,50,,,2017-09-18T04:57:19.000Z,,LineString,7.6631203,45.0981,7.675681,45.062202,1665,5393,2017-09-18T05:32:38.000Z,1505705558,4109,2,99,141,,8,1,Fiat 500,false,443456
55,Torino,540,710,"Corso Guglielmo Marconi, 33b, 10125 Torino TO",enjoy,1505704902,314,1128,EZ240GW,"Via Fratelli Calandra, 23, 10123 Torino TO",1505702966,,,2017-09-18T04:49:26.000Z,54,,,2017-09-18T05:21:42.000Z,,LineString,7.683437,45.05522,7.6882043,45.059845,415,992,2017-09-18T05:29:10.000Z,1505705350,635,2,99,100,141,8,1,Fiat 500,false,354684
86,Torino,3021,4056,"Via Pietro Thermignon, 5, 10141 Torino TO",enjoy,1505706571,834,4754,EZ117TY,"Via Fratelli Ruffini, 2, 10121 Torino TO",1505702966,,,2017-09-18T04:49:26.000Z,80,,,2017-09-18T05:49:31.000Z,,LineString,7.6222963,45.072704,7.6690807,45.072536,1114,4683,2017-09-18T06:08:29.000Z,1505707709,3671,2,99,141,,8,1,Fiat 500,false,362174
100,Torino,12767,16825,"Corso Marconi Guglielmo, 9, 10125 Torino TO",car2go,1505705043,1726,19143,500/FK903LX,Aeroporto Caselle 2,1505703090,WME4530421Y135257,true,2017-09-18T04:51:30.000Z,96,GOOD,GOOD,2017-09-18T05:24:03.000Z,CE,LineString,7.67883,45.05671,7.6435,45.18843,3169,18780,2017-09-18T07:07:23.000Z,1505711243,14897,,,,,,,,,
50,Torino,609,785,"Via Filadelfia, 182-188, 10137 Torino TO",enjoy,1505705598,144,785,EZ069TY,"Via Gorizia, 51a, 10136 Torino TO",1505703180,,,2017-09-18T04:53:00.000Z,49,,,2017-09-18T05:33:18.000Z,,LineString,7.639966,45.043964,7.641547,45.05035,287,1079,2017-09-18T05:50:31.000Z,1505706631,720,2,99,141,,8,1,Fiat 500,false,325782
37,Torino,-1,-1,"Via Andrea Sansovino, 35, 10151 Torino TO",car2go,1505705939,-1,-1,550/FK213PV,"Via Andrea Sansovino, 35, 10151 Torino TO",1505703187,WME4530421Y135192,true,2017-09-18T04:53:07.000Z,37,GOOD,GOOD,2017-09-18T05:38:59.000Z,CE,LineString,7.64971,45.11056,7.64971,45.11056,-1,-1,-1,-1,0,,,,,,,,,
53,Torino,2704,3599,"Piazza Tancredi Galimberti, 15, 10134 Torino TO",car2go,1505704141,637,3988,326/FF051VV,"Via Sacchi Paolo, 22, 10128 Torino TO",1505703232,WME4533421K152612,true,2017-09-18T04:53:52.000Z,53,GOOD,GOOD,2017-09-18T05:09:01.000Z,CE,LineString,7.65504,45.03358,7.676,45.06061,1250,4260,2017-09-18T05:27:45.000Z,1505705265,3424,,,,,,,,,
32,Torino,4708,6172,"Corso Mediterraneo, 148, 10129 Torino TO",enjoy,1505709706,1016,6042,EZ500DD,"Corso Potenza, 202, 10149 Torino TO",1505703697,,,2017-09-18T05:01:37.000Z,30,,,2017-09-18T06:41:46.000Z,,LineString,7.658034,45.06093,7.6628833,45.104385,3189,7396,2017-09-18T07:35:17.000Z,1505712917,4843,2,99,100,141,8,1,Fiat 500,false,432919
35,Torino,1741,2211,"Corso Svizzera, 145, 10149 Torino TO",enjoy,1505704902,443,2318,EZ014TY,"Corso Francesco Ferrucci, 63-65, 10138 Torino TO",1505703697,,,2017-09-18T05:01:37.000Z,36,,,2017-09-18T05:21:42.000Z,,LineString,7.6578674,45.08836,7.6553946,45.069393,805,2556,2017-09-18T05:45:13.000Z,1505706313,2116,2,99,141,,8,1,Fiat 500,false,354899
65,Torino,3444,4526,"Via Vigone, 20, 10138 Torino TO",enjoy,1505705117,812,4756,EZ236TY,"Via Eleonora d'Arborea, 44, 10135 Torino TO",1505703912,,,2017-09-18T05:05:12.000Z,64,,,2017-09-18T05:25:17.000Z,,LineString,7.652888,45.06636,7.637661,45.03165,1571,5043,2017-09-18T06:07:51.000Z,1505707671,4038,2,99,141,,8,1,Fiat 500,false,409036
34,Torino,15234,20066,"Via Ventimiglia, 75, 10126 Torino TO",car2go,1505707171,2070,49777,426/FK627LX,Aeroporto Caselle 2,1505703947,WME4530421Y135116,true,2017-09-18T05:05:47.000Z,25,GOOD,GOOD,2017-09-18T05:59:31.000Z,CE,LineString,7.67012,45.02869,7.6435,45.18843,3848,22103,2017-09-18T07:07:23.000Z,1505711243,17873,,,,,,,,,
49,Torino,2754,3674,"Via Beinasco, 30, 10152 Torino TO",enjoy,1505704902,860,3923,EZ204TY,"Corso Casale, 8, 10131 Torino TO",1505704172,,,2017-09-18T05:09:32.000Z,47,,,2017-09-18T05:21:42.000Z,,LineString,7.6784544,45.087605,7.699324,45.063408,1959,4941,2017-09-18T05:54:05.000Z,1505706845,3148,2,99,141,,8,1,Fiat 500,false,365542
80,Torino,3347,4451,"Corso Siracusa, 50-60, 10136 Torino TO",enjoy,1505705117,923,5360,EZ118TY,"Via Giovanni Camerana, 6-8, 10128 Torino TO",1505704172,,,2017-09-18T05:09:32.000Z,78,,,2017-09-18T05:25:17.000Z,,LineString,7.634221,45.05023,7.6764426,45.06232,1464,5540,2017-09-18T05:51:21.000Z,1505706681,3576,2,99,141,,8,1,Fiat 500,false,478642
89,Torino,3429,4517,"Piazza Pietro Paleocapa, 1D, 10121 Torino TO",enjoy,1505705384,922,5067,EZ117GW,"Via Buenos Aires, 38, 10137 Torino TO",1505704386,,,2017-09-18T05:13:06.000Z,88,,,2017-09-18T05:29:44.000Z,,LineString,7.6788077,45.064068,7.643703,45.0364,1396,4749,2017-09-18T06:05:28.000Z,1505707528,4129,2,99,100,141,8,1,Fiat 500,false,405755
12,Torino,2525,3263,"Via Madama Cristina, 100, 10126 Torino TO",car2go,1505705535,724,3829,282/FF206SJ,"Corso Bolzano, 12, 10121 Torino TO",1505704516,WME4533421K152540,true,2017-09-18T05:15:16.000Z,12,GOOD,GOOD,2017-09-18T05:32:15.000Z,CE,LineString,7.67569,45.04747,7.66509,45.06933,767,3389,2017-09-18T05:48:35.000Z,1505706515,2567,,,,,,,,,
37,Torino,1422,1912,"Via Tirreno, 15, 10134 Torino TO",car2go,1505705586,365,1911,299/FF249SJ,"Via Camerana Giovanni, 14, 10128 Torino TO",1505704614,WME4533421K152526,true,2017-09-18T05:16:54.000Z,37,GOOD,GOOD,2017-09-18T05:33:06.000Z,CE,LineString,7.66294,45.04919,7.67583,45.0615,802,2157,2017-09-18T05:42:51.000Z,1505706171,1701,,,,,,,,,
74,Torino,2326,3092,"Corso Carlo e Nello Rosselli, 155/H, 10141 Torino TO",enjoy,1505705598,558,3009,EZ015TY,"Via Duchessa Jolanda, 3, 10138 Torino TO",1505704644,,,2017-09-18T05:17:24.000Z,73,,,2017-09-18T05:33:18.000Z,,LineString,7.645285,45.054783,7.664829,45.073013,971,4264,2017-09-18T06:01:52.000Z,1505707312,2541,2,99,141,,8,1,Fiat 500,false,338557
68,Torino,709,926,"Via Sassari, 2, 10152 Torino TO",enjoy,1505705384,231,1211,EZ017TY,"Corso Mortara, 4, 10149 Torino TO",1505704644,,,2017-09-18T05:17:24.000Z,67,,,2017-09-18T05:29:44.000Z,,LineString,7.673675,45.083443,7.6757307,45.090076,-1,-1,-1,-1,754,2,99,141,,8,1,Fiat 500,false,358197
93,Torino,2512,3302,"Corso IV Novembre, 90-94, 10136 Torino TO",car2go,1505706483,742,4424,235/FF103SJ,"Via Severino Grattoni, 8, 10121 Torino TO",1505704707,WME4533421K152744,true,2017-09-18T05:18:27.000Z,90,GOOD,GOOD,2017-09-18T05:48:03.000Z,CE,LineString,7.65035,45.04536,7.66675,45.0712,1319,4063,2017-09-18T06:15:43.000Z,1505708143,3146,,,,,,,,,
56,Torino,1223,1628,"Via Lodi, 23-27, 10152 Torino TO",car2go,1505705989,354,2024,178/FF203NT,"Corso Tortona, 55-57, 10153 Torino TO",1505704802,WME4533421K151741,true,2017-09-18T05:20:02.000Z,56,GOOD,GOOD,2017-09-18T05:39:49.000Z,CE,LineString,7.69181,45.08379,7.70468,45.07473,754,2136,2017-09-18T06:08:36.000Z,1505707716,1426,,,,,,,,,
46,Torino,1694,2270,"Via Bibiana, 59-69, 10147 Torino TO",car2go,1505705535,420,2710,015/FF771KW,"Corso Giulio Cesare, 2961, 10155 Torino TO",1505704802,WME4533421K140767,true,2017-09-18T05:20:02.000Z,43,GOOD,GOOD,2017-09-18T05:32:15.000Z,CE,LineString,7.67833,45.10009,7.70069,45.10328,1182,2735,2017-09-18T05:56:21.000Z,1505706981,1789,,,,,,,,,
53,Torino,1726,2208,"Via Frugarolo, 17, 10134 Torino TO",car2go,1505705939,500,2276,183/FF337NT,"Via Francesco dall'Ongaro, 30, 10141 Torino TO",1505704849,WME4533421K151716,true,2017-09-18T05:20:49.000Z,50,GOOD,GOOD,2017-09-18T05:38:59.000Z,CE,LineString,7.66699,45.04663,7.6517,45.05861,1324,2511,2017-09-18T06:03:09.000Z,1505707389,1792,,,,,,,,,
59,Torino,3203,4270,"Via Caraglio, 95, 10141 Torino TO",car2go,1505706483,953,4707,297/FF039SJ,"Via Giuseppe Pomba, 19, 10123 Torino TO",1505705092,WME4533421K152474,true,2017-09-18T05:24:52.000Z,56,GOOD,GOOD,2017-09-18T05:48:03.000Z,CE,LineString,7.64209,45.05904,7.68489,45.06469,1510,5311,2017-09-18T06:13:39.000Z,1505708019,3417,,,,,,,,,
80,Torino,362,486,"Via Gubbio, 85-91, 10149 Torino TO",enjoy,1505706838,193,772,EZ833DD,"Via Borgaro, 60, 10149 Torino TO",1505705117,,,2017-09-18T05:25:17.000Z,77,,,2017-09-18T05:53:58.000Z,,LineString,7.666154,45.09933,7.663038,45.096985,-1,-1,-1,-1,357,2,99,100,141,8,1,Fiat 500,false,417512
76,Torino,3981,5324,"Via Nizza, 2, 10125 Torino TO",enjoy,1505707551,1343,7452,EZ198GW,"Via Sandro Botticelli, 13, 10155 Torino TO",1505705117,,,2017-09-18T05:25:17.000Z,69,,,2017-09-18T06:05:51.000Z,,LineString,7.679279,45.061768,7.697315,45.103043,1673,5441,2017-09-18T06:42:31.000Z,1505709751,4800,2,99,100,141,8,1,Fiat 500,false,471807
59,Torino,-1,-1,"Via Monteu da Po, 4, 10132 Torino TO",car2go,1505705242,-1,-1,133/FF150NT,"Via Monteu da Po, 4, 10132 Torino TO",1505705140,WME4533421K153605,true,2017-09-18T05:25:40.000Z,59,GOOD,GOOD,2017-09-18T05:27:22.000Z,CE,LineString,7.72354,45.06952,7.72354,45.06952,-1,-1,-1,-1,0,,,,,,,,,
15,Torino,1034,1396,"Via Guastalla, 10b, 10124 Torino TO",car2go,1505706137,462,1982,443/FK636LX,"Via Felice Romani, 5, 10131 Torino TO",1505705288,WME4530421Y135045,true,2017-09-18T05:28:08.000Z,15,GOOD,GOOD,2017-09-18T05:42:17.000Z,CE,LineString,7.6967,45.0696,7.70239,45.06384,828,1969,2017-09-18T06:00:14.000Z,1505707214,780,,,,,,,,,
100,Torino,541,706,"Corso Dante, 123, 10126 Torino TO",car2go,1505710123,158,950,338/FF062VY,"Via Federico Menabrea, 19b, 10126 Torino TO",1505705337,WME4533421K150561,true,2017-09-18T05:28:57.000Z,100,GOOD,GOOD,2017-09-18T06:48:43.000Z,CE,LineString,7.68205,45.04574,7.67623,45.04254,-1,-1,-1,-1,579,,,,,,,,,
78,Torino,2854,3637,"Corso Tortona, 48, 10153 Torino TO",car2go,1505706846,1025,5629,032/FF793KW,"Corso Bolzano, 30, 10121 Torino TO",1505705384,WME4533421K149873,true,2017-09-18T05:29:44.000Z,75,GOOD,GOOD,2017-09-18T05:54:06.000Z,CE,LineString,7.70595,45.07406,7.66723,45.07162,1863,5036,2017-09-18T06:31:40.000Z,1505709100,3050,,,,,,,,,
93,Torino,162,224,"Via le Chiuse, 25/A, 10144 Torino TO",car2go,1505708713,64,224,482/FK873LX,"Via S. Donato, 44/F, 10144 Torino TO",1505705487,WME4530421Y135145,true,2017-09-18T05:31:27.000Z,84,GOOD,GOOD,2017-09-18T06:25:13.000Z,CE,LineString,7.66449,45.07922,7.66435,45.08048,-1,-1,-1,-1,140,,,,,,,,,
84,Torino,1167,1546,"Via Perosa, 7, 10139 Torino TO",car2go,1505706088,415,2052,313/FF288SJ,"Via Giovanni Carlo Cavalli, 1a, 10138 Torino TO",1505705786,WME4533421K151745,true,2017-09-18T05:36:26.000Z,81,GOOD,GOOD,2017-09-18T05:41:28.000Z,CE,LineString,7.64964,45.06908,7.66426,45.06977,778,1699,2017-09-18T05:55:18.000Z,1505706918,1149,,,,,,,,,
98,Torino,4519,5983,"Piazza Pietro Francesco Guala, 131-133, 10135 Torino TO",enjoy,1505707074,1064,6305,EZ268GW,"Via S. Quintino, 3, 10121 Torino TO",1505706091,,,2017-09-18T05:41:31.000Z,96,,,2017-09-18T05:57:54.000Z,,LineString,7.6419725,45.02187,7.6773143,45.064575,1582,6910,2017-09-18T06:29:17.000Z,1505708957,5497,2,99,100,141,8,1,Fiat 500,false,449597
83,Torino,1914,2551,"Via Tirreno, 95A, 10136 Torino TO",enjoy,1505707291,560,2677,EZ242GW,"Via Giuseppe Giacosa, 9, 10125 Torino TO",1505706091,,,2017-09-18T05:41:31.000Z,81,,,2017-09-18T06:01:31.000Z,,LineString,7.653018,45.051697,7.6781006,45.05603,1332,4287,2017-09-18T06:28:41.000Z,1505708921,2027,2,99,100,141,8,1,Fiat 500,false,431551
81,Torino,3258,4253,"Piazza Sofia, 13, 10154 Torino TO",enjoy,1505707291,1057,5064,EZ115GW,"Via Santa Teresa, 22h, 10121 Torino TO",1505706091,,,2017-09-18T05:41:31.000Z,78,,,2017-09-18T06:01:31.000Z,,LineString,7.7161474,45.09487,7.6795335,45.069664,1819,6275,2017-09-18T06:38:58.000Z,1505709538,4012,2,99,100,141,8,1,Fiat 500,false,401504
37,Torino,-1,-1,"Via Andrea Sansovino, 35, 10151 Torino TO",car2go,1505706483,-1,-1,550/FK213PV,"Via Andrea Sansovino, 35, 10151 Torino TO",1505706088,WME4530421Y135192,true,2017-09-18T05:41:28.000Z,37,GOOD,GOOD,2017-09-18T05:48:03.000Z,CE,LineString,7.64971,45.11056,7.64971,45.11056,-1,-1,-1,-1,0,,,,,,,,,
53,Torino,1088,1442,"Corso Trapani, 74, 10139 Torino TO",car2go,1505706483,242,1443,344/FF148VY,"Corso Peschiera, 139, 10141 Torino TO",1505706137,WME4533421K151871,true,2017-09-18T05:42:17.000Z,50,GOOD,GOOD,2017-09-18T05:48:03.000Z,CE,LineString,7.63884,45.06987,7.65316,45.06317,786,1818,2017-09-18T06:09:22.000Z,1505707762,1348,,,,,,,,,
58,Torino,2572,3486,"Corso Francia, 301F, 10141 Torino TO",enjoy,1505706838,549,3569,EZ748DD,"Via Susa, 1-3, 10138 Torino TO",1505706350,,,2017-09-18T05:45:50.000Z,56,,,2017-09-18T05:53:58.000Z,,LineString,7.6232166,45.074577,7.6647344,45.071915,1070,5011,2017-09-18T06:14:37.000Z,1505708077,3271,2,99,100,141,8,1,Fiat 500,false,385523
52,Torino,4872,6341,"Via Vigliani Onorato, 24D, 10135 Torino TO",enjoy,1505707291,1124,7090,EZ232GW,"Corso Inghilterra, 1, 10121 Torino TO",1505706350,,,2017-09-18T05:45:50.000Z,51,,,2017-09-18T06:01:31.000Z,,LineString,7.638076,45.0211,7.664161,45.069622,1724,8738,2017-09-18T06:40:41.000Z,1505709641,5767,2,99,100,141,8,1,Fiat 500,false,413194
28,Torino,-1,-1,"Via Onorato Vigliani, 31, 10135 Torino TO",car2go,1505706433,-1,-1,304/FF279SJ,"Via Onorato Vigliani, 31, 10135 Torino TO",1505706385,WME4533421K151330,true,2017-09-18T05:46:25.000Z,28,GOOD,GOOD,2017-09-18T05:47:13.000Z,CE,LineString,7.63961,45.02155,7.63961,45.02155,-1,-1,-1,-1,0,,,,,,,,,
28,Torino,-1,-1,"Via Onorato Vigliani, 31, 10135 Torino TO",car2go,1505707684,-1,-1,304/FF279SJ,"Via Onorato Vigliani, 31, 10135 Torino TO",1505706483,WME4533421K151330,true,2017-09-18T05:48:03.000Z,28,GOOD,GOOD,2017-09-18T06:08:04.000Z,CE,LineString,7.63961,45.02155,7.63961,45.02155,-1,-1,-1,-1,0,,,,,,,,,
61,Torino,1446,1872,"Via Gabriele D'Annunzio, 24, 10141 Torino TO",enjoy,1505709251,433,1874,EZ128TY,"Via Giuseppe Giusti, 8, 10121 Torino TO",1505706571,,,2017-09-18T05:49:31.000Z,58,,,2017-09-18T06:34:11.000Z,,LineString,7.652445,45.0619,7.6659207,45.07017,1199,2482,2017-09-18T07:01:13.000Z,1505710873,1401,2,99,141,,8,1,Fiat 500,false,367862
89,Torino,1084,1431,"Corso Grosseto, 68-76, 10148 Torino TO",enjoy,1505706838,292,1693,EZ986DD,"Corso Potenza, 10147 Torino TO",1505706571,,,2017-09-18T05:49:31.000Z,88,,,2017-09-18T05:53:58.000Z,,LineString,7.6823397,45.104404,7.664401,45.105156,-1,-1,-1,-1,1409,2,99,100,141,8,1,Fiat 500,false,431567
67,Torino,1920,2518,"Corso Mortara, 4, 10149 Torino TO",enjoy,1505708281,723,3731,EZ017TY,"Via Catania, 14, 10153 Torino TO",1505706571,,,2017-09-18T05:49:31.000Z,66,,,2017-09-18T06:18:01.000Z,,LineString,7.6757307,45.090076,7.696078,45.075603,1303,3712,2017-09-18T06:52:03.000Z,1505710323,2266,2,99,141,,8,1,Fiat 500,false,358197
37,Torino,-1,-1,"Via Andrea Sansovino, 35, 10151 Torino TO",car2go,1505706846,-1,-1,550/FK213PV,"Via Andrea Sansovino, 35, 10151 Torino TO",1505706635,WME4530421Y135192,true,2017-09-18T05:50:35.000Z,37,GOOD,GOOD,2017-09-18T05:54:06.000Z,CE,LineString,7.64971,45.11056,7.64971,45.11056,-1,-1,-1,-1,0,,,,,,,,,
84,Torino,13573,17922,"Piazza Pitagora, 15, 10137 Torino TO",car2go,1505708713,1593,35116,325/FF050VV,Aeroporto Caselle 2,1505706635,WME4533421K152585,true,2017-09-18T05:50:35.000Z,75,GOOD,GOOD,2017-09-18T06:25:13.000Z,CE,LineString,7.63325,45.0401,7.6435,45.18843,3629,19668,2017-09-18T07:37:23.000Z,1505713043,16502,,,,,,,,,
37,Torino,-1,-1,"Via Tommaso Grossi, 11-13, 10126 Torino TO",car2go,1505707891,-1,-1,499/FK902LX,"Via Tommaso Grossi, 11-13, 10126 Torino TO",1505706685,WME4530421Y135255,true,2017-09-18T05:51:25.000Z,37,GOOD,GOOD,2017-09-18T06:11:31.000Z,CE,LineString,7.67142,45.04656,7.67142,45.04656,-1,-1,-1,-1,0,,,,,,,,,
60,Torino,4114,5407,"Via Aldo Manuzio, 10147 Torino TO",enjoy,1505709706,1100,6011,EZ051TY,"Corso Moncalieri, 11, 10131 Torino TO",1505706838,,,2017-09-18T05:53:58.000Z,54,,,2017-09-18T06:41:46.000Z,,LineString,7.6845274,45.099663,7.6953197,45.059525,2747,8418,2017-09-18T07:31:48.000Z,1505712708,4540,2,99,,,8,1,Fiat 500,false,414177
51,Torino,4153,5347,"Via Ferdinando Magellano, 14, 10128 Torino TO",enjoy,1505708023,975,5832,EZ991DD,"Via Giovanni Battista Scapacino, 29A, 10146 Torino TO",1505706838,,,2017-09-18T05:53:58.000Z,49,,,2017-09-18T06:13:43.000Z,,LineString,7.6660385,45.05316,7.624296,45.08145,1802,6930,2017-09-18T06:54:26.000Z,1505710466,4540,2,99,100,,8,1,Fiat 500,false,339520
22,Torino,2,3,"Corso Racconigi, 20, 10139 Torino TO",enjoy,1505707074,232,1263,EZ228TY,"Corso Racconigi, 18, 10139 Torino TO",1505706838,,,2017-09-18T05:53:58.000Z,22,,,2017-09-18T05:57:54.000Z,,LineString,7.6475544,45.073093,7.6475563,45.073124,-1,-1,-1,-1,3,2,99,141,,8,1,Fiat 500,false,429993
94,Torino,1898,2480,"Via Rubiana, 36-40, 10139 Torino TO",enjoy,1505708281,672,3692,EZ821DD,"Corso Giacomo Matteotti, 46, 10121 Torino TO",1505706838,,,2017-09-18T05:53:58.000Z,93,,,2017-09-18T06:18:01.000Z,,LineString,7.6391764,45.072273,7.6656194,45.06957,977,3413,2017-09-18T06:37:22.000Z,1505709442,2096,2,99,100,141,8,1,Fiat 500,false,307539
71,Torino,865,1178,"Corso Enrico Tazzoli, 131, 10135 Torino TO",enjoy,1505707551,147,1178,EZ135GW,"Via Giacomo Dina, 44-48, 10135 Torino TO",1505706838,,,2017-09-18T05:53:58.000Z,70,,,2017-09-18T06:05:51.000Z,,LineString,7.6262197,45.035007,7.638676,45.032608,559,1230,2017-09-18T06:13:19.000Z,1505707999,1013,2,99,100,141,8,1,Fiat 500,false,398403
40,Torino,1051,1410,"Via Giuseppe Ciotta, 16-20, 10136 Torino TO",car2go,1505708401,309,1502,509/FK912LX,"Corso Sebastopoli, 181A, 10137 Torino TO",1505706846,WME4530421Y135210,true,2017-09-18T05:54:06.000Z,40,GOOD,GOOD,2017-09-18T06:20:01.000Z,CE,LineString,7.62786,45.04966,7.64312,45.04576,452,1611,2017-09-18T06:32:12.000Z,1505709132,1274,,,,,,,,,
53,Torino,8595,11284,"Via Sospello, 139/E, 10147 Torino TO",car2go,1505707684,693,12757,475/FK866LX,Aeroporto Caselle 2,1505706894,WME4530421Y135222,true,2017-09-18T05:54:54.000Z,50,GOOD,GOOD,2017-09-18T06:08:04.000Z,CE,LineString,7.67738,45.10285,7.6435,45.18843,2135,12973,2017-09-18T07:07:23.000Z,1505711243,9873,,,,,,,,,
56,Torino,3697,4857,"Strada Comunale del Lauro, 2, 10132 Torino TO",car2go,1505707793,1164,6381,420/FK621LX,"Corso Bolzano, 28-30, 10121 Torino TO",1505707012,WME4530421Y135100,true,2017-09-18T05:56:52.000Z,53,GOOD,GOOD,2017-09-18T06:09:53.000Z,CE,LineString,7.71924,45.06725,7.66686,45.07119,1529,5652,2017-09-18T06:48:47.000Z,1505710127,4134,,,,,,,,,
61,Torino,5310,7065,"Corso Luigi Settembrini, 63, 10135 Torino TO",enjoy,1505708281,1002,7185,EZ190TY,"Corso Filippo Brunelleschi, 1A, 10141 Torino TO",1505707074,,,2017-09-18T05:57:54.000Z,60,,,2017-09-18T06:18:01.000Z,,LineString,7.6287656,45.025047,7.623881,45.073807,1248,7991,2017-09-18T06:43:15.000Z,1505709795,5432,2,99,141,,8,1,Fiat 500,false,485293
49,Torino,1582,2129,"Via Gorizia, 51a, 10136 Torino TO",enjoy,1505707768,431,2385,EZ069TY,"Corso Carlo e Nello Rosselli, 5, 10128 Torino TO",1505707074,,,2017-09-18T05:57:54.000Z,48,,,2017-09-18T06:09:28.000Z,,LineString,7.641547,45.05035,7.664454,45.050873,991,2477,2017-09-18T06:25:24.000Z,1505708724,1799,2,99,141,,8,1,Fiat 500,false,325782
52,Torino,1323,1716,"Via Evangelista Torricelli, 61, 10129 Torino TO",enjoy,1505708281,314,1665,EZ783DF,"Corso Inghilterra, 1, 10121 Torino TO",1505707074,,,2017-09-18T05:57:54.000Z,51,,,2017-09-18T06:18:01.000Z,,LineString,7.655468,45.05623,7.6640735,45.069473,938,2167,2017-09-18T06:41:36.000Z,1505709696,1619,2,99,100,141,8,1,Fiat 500,false,453050
75,Torino,-1,-1,"Via Emilio Bongiovanni, 9, 10147 Torino TO",car2go,1505707219,-1,-1,281/FF200SJ,"Via Emilio Bongiovanni, 9, 10147 Torino TO",1505707116,WME4533421K152424,true,2017-09-18T05:58:36.000Z,75,GOOD,GOOD,2017-09-18T06:00:19.000Z,CE,LineString,7.68537,45.0996,7.68537,45.0996,-1,-1,-1,-1,0,,,,,,,,,
33,Torino,-1,-1,"Via Tolmino, 40, 10141 Torino TO",car2go,1505707219,-1,-1,191/EZ554NP,"Via Tolmino, 40, 10141 Torino TO",1505707171,WME4513341K751504,false,2017-09-18T05:59:31.000Z,33,GOOD,GOOD,2017-09-18T06:00:19.000Z,CE,LineString,7.64492,45.05718,7.64492,45.05718,-1,-1,-1,-1,0,,,,,,,,,
100,Torino,-1,-1,"Via Buriasco, 19, 10135 Torino TO",car2go,1505707219,-1,-1,179/FF319NT,"Via Buriasco, 19, 10135 Torino TO",1505707171,WME4533421K145436,true,2017-09-18T05:59:31.000Z,100,GOOD,GOOD,2017-09-18T06:00:19.000Z,CE,LineString,7.62191,45.02174,7.62191,45.02174,-1,-1,-1,-1,0,,,,,,,,,
25,Torino,-1,-1,Aeroporto Caselle 2,car2go,1505707269,-1,-1,426/FK627LX,Aeroporto Caselle 2,1505707219,WME4530421Y135116,true,2017-09-18T06:00:19.000Z,25,GOOD,GOOD,2017-09-18T06:01:09.000Z,CE,LineString,7.6435,45.18843,7.6435,45.18843,-1,-1,-1,-1,0,,,,,,,,,
75,Torino,35,49,"Via Emilio Bongiovanni, 9, 10147 Torino TO",car2go,1505707530,85,94,281/FF200SJ,"Via Emilio Bongiovanni, 10147 Torino TO",1505707269,WME4533421K152424,true,2017-09-18T06:01:09.000Z,75,GOOD,GOOD,2017-09-18T06:05:30.000Z,CE,LineString,7.68537,45.0996,7.68585,45.09959,-1,-1,-1,-1,37,,,,,,,,,
33,Torino,3676,4906,"Via Tolmino, 40, 10141 Torino TO",car2go,1505708245,739,5327,191/EZ554NP,"Via Carolina Invernizio, 18-20, 10127 Torino TO",1505707269,WME4513341K751504,false,2017-09-18T06:01:09.000Z,33,GOOD,GOOD,2017-09-18T06:17:25.000Z,CE,LineString,7.64492,45.05718,7.65407,45.02248,2161,6749,2017-09-18T07:00:19.000Z,1505710819,3922,,,,,,,,,
100,Torino,-1,-1,"Via Buriasco, 19, 10135 Torino TO",car2go,1505707891,-1,-1,179/FF319NT,"Via Buriasco, 19, 10135 Torino TO",1505707269,WME4533421K145436,true,2017-09-18T06:01:09.000Z,100,GOOD,GOOD,2017-09-18T06:11:31.000Z,CE,LineString,7.62191,45.02174,7.62191,45.02174,-1,-1,-1,-1,0,,,,,,,,,
22,Torino,2498,3330,"Corso Racconigi, 18, 10139 Torino TO",enjoy,1505709706,642,3563,EZ228TY,"Corso Sebastopoli, 272, 10136 Torino TO",1505707291,,,2017-09-18T06:01:31.000Z,21,,,2017-09-18T06:41:46.000Z,,LineString,7.6475563,45.073124,7.6357546,45.04854,1012,4491,2017-09-18T07:04:49.000Z,1505711089,2884,2,99,141,,8,1,Fiat 500,false,429993
31,Torino,1757,2330,"Corso Duca degli Abruzzi, 102a, 10129 Torino TO",enjoy,1505708281,502,2585,EZ151TY,"Corso Vittorio Emanuele II, 68, 10121 Torino TO",1505707291,,,2017-09-18T06:01:31.000Z,30,,,2017-09-18T06:18:01.000Z,,LineString,7.6565175,45.053917,7.67522,45.064137,742,2609,2017-09-18T06:30:52.000Z,1505709052,1856,2,99,141,,8,1,Fiat 500,false,356984
78,Torino,582,740,"Via Giacomo Balla, 9-13, 10136 Torino TO",car2go,1505707737,253,1214,441/FK659LX,"Via Arbe, 19, 10136 Torino TO",1505707324,WME4530421Y135037,true,2017-09-18T06:02:04.000Z,78,GOOD,GOOD,2017-09-18T06:08:57.000Z,CE,LineString,7.62796,45.04901,7.63034,45.05421,420,775,2017-09-18T06:16:58.000Z,1505708218,607,,,,,,,,,
65,Torino,2776,3588,"Via Gottardo, 53, 10155 Torino TO",car2go,1505708606,796,4163,555/FK189XH,"Corso S. Martino, 10122 Torino TO",1505707530,WME4530421Y135160,true,2017-09-18T06:05:30.000Z,62,GOOD,GOOD,2017-09-18T06:23:26.000Z,CE,LineString,7.69287,45.09958,7.66932,45.07566,1310,4410,2017-09-18T06:46:26.000Z,1505709986,3237,,,,,,,,,
25,Torino,1257,1659,"Corso S. Maurizio, 8, 10124 Torino TO",car2go,1505708713,610,2849,478/FK869LX,"Piazza Carlo Felice, 53, 10123 Torino TO",1505707530,WME4530421Y135226,true,2017-09-18T06:05:30.000Z,21,GOOD,GOOD,2017-09-18T06:25:13.000Z,CE,LineString,7.69275,45.07136,7.67984,45.06329,664,2109,2017-09-18T06:53:37.000Z,1505710417,1353,,,,,,,,,
36,Torino,2334,3077,"Corso Francesco Ferrucci, 63-65, 10138 Torino TO",enjoy,1505710444,749,3855,EZ014TY,"Via Giorgio Bidone, 29, 10125 Torino TO",1505707551,,,2017-09-18T06:05:51.000Z,34,,,2017-09-18T06:54:04.000Z,,LineString,7.6553946,45.069393,7.6801014,45.052387,1345,3861,2017-09-18T07:20:28.000Z,1505712028,2707,2,99,141,,8,1,Fiat 500,false,354899
56,Torino,2448,3305,"Lungo Dora Napoli, 32, 10152 Torino TO",enjoy,1505708733,543,3524,EZ247GW,"Lungo Dora Voghera, 82, 10153 Torino TO",1505707551,,,2017-09-18T06:05:51.000Z,56,,,2017-09-18T06:25:33.000Z,,LineString,7.682993,45.08387,7.7175384,45.075214,1819,3893,2017-09-18T06:56:06.000Z,1505710566,2876,2,99,100,141,8,1,Fiat 500,false,346833
40,Torino,895,1233,"Via Sempione, 164-196, 10154 Torino TO",enjoy,1505707768,219,1258,EZ205GW,"Via Sandro Botticelli, 167, 10154 Torino TO",1505707551,,,2017-09-18T06:05:51.000Z,40,,,2017-09-18T06:09:28.000Z,,LineString,7.7012362,45.09568,7.7104826,45.098686,627,1276,2017-09-18T06:23:44.000Z,1505708624,798,2,99,100,141,8,1,Fiat 500,false,399807
36,Torino,1859,2403,"Corso Vigevano, 116, 10152 Torino TO",enjoy,1505708733,388,2814,EZ109TY,"Corso Inghilterra, 41, 10138 Torino TO",1505707551,,,2017-09-18T06:05:51.000Z,35,,,2017-09-18T06:25:33.000Z,,LineString,7.682144,45.089657,7.667346,45.07423,1019,3623,2017-09-18T06:52:11.000Z,1505710331,2070,2,99,141,,8,1,Fiat 500,false,324839
86,Torino,2933,3861,"Via Cuneo, 35-39, 10152 Torino TO",enjoy,1505709251,839,5056,EZ122GW,"Via Massena, 63, 10128 Torino TO",1505707551,,,2017-09-18T06:05:51.000Z,85,,,2017-09-18T06:34:11.000Z,,LineString,7.681658,45.087048,7.670316,45.057396,1376,4316,2017-09-18T07:07:32.000Z,1505711252,3413,2,99,100,141,8,1,Fiat 500,false,397761
84,Torino,12479,16357,"Via Gian Domenico Cassini, 52-54, 10129 Torino TO",car2go,1505709215,1609,18812,415/FK616LX,Aeroporto Caselle 2,1505707684,WME4530421Y135094,true,2017-09-18T06:08:04.000Z,75,GOOD,GOOD,2017-09-18T06:33:35.000Z,CE,LineString,7.66174,45.05491,7.6435,45.18843,4058,20571,2017-09-18T07:37:23.000Z,1505713043,14906,,,,,,,,,
100,Torino,4050,5245,"Via Giambattista Pergolesi, 107-119, 10154 Torino TO",car2go,1505708502,1110,5872,072/FF038NT,"Corso Bolzano, 27, 10121 Torino TO",1505707684,WME4533421K149239,true,2017-09-18T06:08:04.000Z,100,GOOD,GOOD,2017-09-18T06:21:42.000Z,CE,LineString,7.70927,45.09472,7.66491,45.06951,1901,7207,2017-09-18T07:05:10.000Z,1505711110,4468,,,,,,,,,
90,Torino,350,477,"Via Gorizia, 70-72, 10136 Torino TO",car2go,1505709421,181,864,194/FF348NT,"Via Emanuel Giovanni, 2, 10136 Torino TO",1505707684,WME4533421K152673,true,2017-09-18T06:08:04.000Z,90,GOOD,GOOD,2017-09-18T06:37:01.000Z,CE,LineString,7.64104,45.04882,7.6456,45.0485,-1,-1,-1,-1,359,,,,,,,,,
32,Torino,3124,4158,"Via Giovanni Servais 92, 149, 10146 Torino TO",enjoy,1505709706,959,5257,EZ781DD,"Corso Matteotti Giacomo, 48, 10121 Torino TO",1505707768,,,2017-09-18T06:09:28.000Z,32,,,2017-09-18T06:41:46.000Z,,LineString,7.628488,45.084522,7.666128,45.069534,1719,6303,2017-09-18T07:10:48.000Z,1505711448,3390,2,99,100,141,8,1,Fiat 500,false,441797
73,Torino,2333,3161,"Via Duchessa Jolanda, 3, 10138 Torino TO",enjoy,1505708733,739,3598,EZ015TY,"Lungo Dora Siena, 62, 10153 Torino TO",1505707768,,,2017-09-18T06:09:28.000Z,71,,,2017-09-18T06:25:33.000Z,,LineString,7.664829,45.073013,7.69781,45.073544,1553,3507,2017-09-18T06:51:43.000Z,1505710303,2588,2,99,141,,8,1,Fiat 500,false,338557
54,Torino,1759,2331,"Via Torrazza Piemonte, 24, 10127 Torino TO",enjoy,1505708992,441,2463,EZ270GW,"Via Garessio, 12, 10126 Torino TO",1505707768,,,2017-09-18T06:09:28.000Z,46,,,2017-09-18T06:29:52.000Z,,LineString,7.656945,45.01662,7.66865,45.03151,849,2442,2017-09-18T06:46:21.000Z,1505709981,1892,2,99,100,141,8,1,Fiat 500,false,362874
84,Torino,2525,3361,"Corso Racconigi, 96, 10141 Torino TO",car2go,1505709164,731,3766,215/FF055SJ,"Via Nizza, 4, 10125 Torino TO",1505707793,WME4533421K151187,true,2017-09-18T06:09:53.000Z,81,GOOD,GOOD,2017-09-18T06:32:44.000Z,CE,LineString,7.64483,45.06557,7.67932,45.06125,1242,3890,2017-09-18T06:59:51.000Z,1505710791,2749,,,,,,,,,
54,Torino,2757,3655,"Via Carlo Giovanni Brugnone, 4, 10126 Torino TO",car2go,1505709675,1084,5080,194/EZ573NP,"Via Catania, 10, 10153 Torino TO",1505707793,WME4513341K751242,false,2017-09-18T06:09:53.000Z,54,GOOD,GOOD,2017-09-18T06:41:15.000Z,CE,LineString,7.67279,45.04991,7.69544,45.07533,1424,3663,2017-09-18T07:08:38.000Z,1505711318,3337,,,,,,,,,
56,Torino,3657,4727,"Via Nicola Porpora, 41, 10155 Torino TO",car2go,1505709315,873,5702,436/FK654LX,"Corso Giacomo Matteotti, 61d, 10121 Torino TO",1505707793,WME4530421Y135029,true,2017-09-18T06:09:53.000Z,56,GOOD,GOOD,2017-09-18T06:35:15.000Z,CE,LineString,7.69802,45.09946,7.6655,45.06942,1963,6026,2017-09-18T07:16:00.000Z,1505711760,4201,,,,,,,,,
28,Torino,1449,1949,"Via Onorato Vigliani, 31, 10135 Torino TO",car2go,1505708245,465,2740,304/FF279SJ,"Via Mario Pannunzio, 1, 10127 Torino TO",1505707793,WME4533421K151330,true,2017-09-18T06:09:53.000Z,28,GOOD,GOOD,2017-09-18T06:17:25.000Z,CE,LineString,7.63961,45.02155,7.65594,45.02659,1011,2880,2017-09-18T06:40:13.000Z,1505709613,1399,,,,,,,,,
93,Torino,6283,8320,"Corso Toscana, 133a, 10151 Torino TO",car2go,1505709315,1250,9049,345/FF149VY,"Via Francesco Gonin, 50a, 10137 Torino TO",1505707842,WME4533421K151889,true,2017-09-18T06:10:42.000Z,93,GOOD,GOOD,2017-09-18T06:35:15.000Z,CE,LineString,7.64668,45.10004,7.62241,45.03642,1979,9082,2017-09-18T07:19:32.000Z,1505711972,7321,,,,,,,,,
25,Torino,3827,4957,"Via Verbano, 2, 10153 Torino TO",car2go,1505709063,1135,6061,236/FF104SJ,"Corso S. Martino, 7, 10122 Torino TO",1505707891,WME4533421K152753,true,2017-09-18T06:11:31.000Z,21,GOOD,GOOD,2017-09-18T06:31:03.000Z,CE,LineString,7.72285,45.07616,7.66893,45.07495,2042,8047,2017-09-18T07:11:08.000Z,1505711468,4233,,,,,,,,,
100,Torino,15056,19767,"Via Carlo Bossoli, 69-71, 10135 Torino TO",car2go,1505709766,1836,36790,082/FF048NT,Aeroporto Caselle 2,1505707891,WME4533421K149815,true,2017-09-18T06:11:31.000Z,100,GOOD,GOOD,2017-09-18T06:42:46.000Z,CE,LineString,7.65183,45.0284,7.6435,45.18843,4027,23032,2017-09-18T08:07:23.000Z,1505714843,17795,,,,,,,,,
37,Torino,6634,8553,"Via Tommaso Grossi, 11-13, 10126 Torino TO",car2go,1505709164,1820,9415,499/FK902LX,"Via Druento, 140, 10078 Venaria Reale TO",1505707943,WME4530421Y135255,true,2017-09-18T06:12:23.000Z,34,GOOD,GOOD,2017-09-18T06:32:44.000Z,CE,LineString,7.67142,45.04656,7.6448,45.11171,3141,12061,2017-09-18T07:26:17.000Z,1505712377,7535,,,,,,,,,
96,Torino,51,71,"Via Caraglio, 77, 10141 Torino TO",enjoy,1505708992,36,136,EZ530DD,"Via Caraglio, 92, 10141 Torino TO",1505708023,,,2017-09-18T06:13:43.000Z,96,,,2017-09-18T06:29:52.000Z,,LineString,7.6415353,45.060276,7.6413383,45.06097,-1,-1,-1,-1,78,2,99,100,141,8,1,Fiat 500,false,414602
78,Torino,4719,6204,"Via Santa Teresa, 22h, 10121 Torino TO",enjoy,1505711623,1284,7077,EZ115GW,"Corso Unione Sovietica, 385, 10135 Torino TO",1505708023,,,2017-09-18T06:13:43.000Z,75,,,2017-09-18T07:13:43.000Z,,LineString,7.6795335,45.069664,7.6375065,45.02466,1812,6338,2017-09-18T07:42:05.000Z,1505713325,5991,2,99,100,141,8,1,Fiat 500,false,401504
28,Torino,1738,2226,"Via Guido Reni, 179-183, 10137 Torino TO",car2go,1505709574,471,2758,120/FF126NT,LE GRU,1505708091,WME4533421K148471,true,2017-09-18T06:14:51.000Z,28,GOOD,GOOD,2017-09-18T06:39:34.000Z,CE,LineString,7.6292,45.04248,7.61241,45.0545,1185,2962,2017-09-18T07:08:49.000Z,1505711329,1876,,,,,,,,,
87,Torino,2259,2979,"Corso Moncalieri, 27, 10131 Torino TO",car2go,1505709315,573,3519,319/FF294SJ,"Lungo Dora Pietro Colletta 113, 113, 10153 Torino TO",1505708091,WME4533421K152316,true,2017-09-18T06:14:51.000Z,87,GOOD,GOOD,2017-09-18T06:35:15.000Z,CE,LineString,7.69399,45.05818,7.71548,45.07498,1729,3708,2017-09-18T07:06:27.000Z,1505711187,2515,,,,,,,,,
43,Torino,4404,5751,"Via Edoardo Rubino, 36-58, 10137 Torino TO",car2go,1505709914,1096,6165,438/FK656LX,"Corso Giacomo Matteotti, 61d, 10121 Torino TO",1505708192,WME4530421Y135032,true,2017-09-18T06:16:32.000Z,43,GOOD,GOOD,2017-09-18T06:45:14.000Z,CE,LineString,7.62026,45.03921,7.66543,45.06947,2376,8880,2017-09-18T07:30:41.000Z,1505712641,4886,,,,,,,,,
59,Torino,2665,3509,"Corso Peschiera, 222, 10139 Torino TO",car2go,1505708813,710,3768,034/FF795KW,"Via Antonio Labriola, 9, 10134 Torino TO",1505708245,WME4533421K149750,true,2017-09-18T06:17:25.000Z,59,GOOD,GOOD,2017-09-18T06:26:53.000Z,CE,LineString,7.64247,45.06757,7.6626,45.04392,1756,4274,2017-09-18T06:56:32.000Z,1505710592,3066,,,,,,,,,
40,Torino,3474,4644,"Corso Cosenza, 42, 10137 Torino TO",enjoy,1505709481,871,5037,EZ534DD,"Via Nizza, 15, 10125 Torino TO",1505708281,,,2017-09-18T06:18:01.000Z,40,,,2017-09-18T06:38:01.000Z,,LineString,7.642341,45.035393,7.6787,45.060333,1656,4853,2017-09-18T07:12:22.000Z,1505711542,3978,2,99,100,141,8,1,Fiat 500,false,422845
56,Torino,-1,-1,"Corso Toscana, 177-179, 10151 Torino TO",car2go,1505709524,-1,-1,155/FF180NT,"Corso Toscana, 177-179, 10151 Torino TO",1505708300,WME4533421K152448,true,2017-09-18T06:18:20.000Z,56,GOOD,GOOD,2017-09-18T06:38:44.000Z,CE,LineString,7.64148,45.10135,7.64148,45.10135,-1,-1,-1,-1,0,,,,,,,,,
100,Torino,9287,12137,"Via Buriasco, 19, 10135 Torino TO",car2go,1505709472,1312,23542,179/FF319NT,"Via Druento, 153, 10151 Torino TO",1505708351,WME4533421K145436,true,2017-09-18T06:19:11.000Z,100,GOOD,GOOD,2017-09-18T06:37:52.000Z,CE,LineString,7.62191,45.02174,7.64484,45.11175,3853,14133,2017-09-18T07:45:48.000Z,1505713548,10162,,,,,,,,,
42,Torino,4945,6554,"Via Giosuè Carducci, 2, 10024 Moncalieri TO",enjoy,1505709706,1131,7639,EZ744DD,"Via Giuseppe Pomba, 14-16, 10123 Torino TO",1505708514,,,2017-09-18T06:21:54.000Z,41,,,2017-09-18T06:41:46.000Z,,LineString,7.659047,45.011715,7.6848216,45.064434,1750,6640,2017-09-18T07:27:52.000Z,1505712472,6198,2,99,100,141,8,1,Fiat 500,false,408838
97,Torino,2288,3045,"Via Carlo Pisacane, 55, 10127 Torino TO",enjoy,1505709251,686,3844,EZ092TY,"Via Nizza, 250, 10126 Torino TO",1505708514,,,2017-09-18T06:21:54.000Z,97,,,2017-09-18T06:34:11.000Z,,LineString,7.6519113,45.014107,7.6673117,45.03234,1067,3425,2017-09-18T06:57:02.000Z,1505710622,2359,2,99,141,,8,1,Fiat 500,false,365249
28,Torino,5164,6999,"Via Massimo Mila, 3, 10142 Torino TO",car2go,1505709472,1409,7951,042/FF816KW,"Via Giulia di Barolo, 9, 10124 Torino TO",1505708551,WME4533421K149585,true,2017-09-18T06:22:31.000Z,25,GOOD,GOOD,2017-09-18T06:37:52.000Z,CE,LineString,7.61526,45.07323,7.69698,45.06773,2052,7329,2017-09-18T07:17:03.000Z,1505711823,6442,,,,,,,,,
81,Torino,2235,2863,"Piazza Ghirlandaio, 42, 10155 Torino TO",car2go,1505709472,642,3518,546/FK209PV,"Corso S. Martino, 10, 10122 Torino TO",1505708606,WME4530421Y135274,true,2017-09-18T06:23:26.000Z,78,GOOD,GOOD,2017-09-18T06:37:52.000Z,CE,LineString,7.68582,45.09463,7.66861,45.07479,1064,3821,2017-09-18T07:07:24.000Z,1505711244,2585,,,,,,,,,
100,Torino,2682,3481,"Via Don Giovanni Cocchi, 3, 10131 Torino TO",car2go,1505709574,670,3563,526/FK806LX,"Via Nizza, 2, 10125 Torino TO",1505708606,WME4530421Y135166,true,2017-09-18T06:23:26.000Z,100,GOOD,GOOD,2017-09-18T06:39:34.000Z,CE,LineString,7.71347,45.06451,7.67949,45.06176,1182,4085,2017-09-18T07:17:30.000Z,1505711850,2684,,,,,,,,,
53,Torino,4539,5957,"Via Francesco Cigna, 178, 10155 Torino TO",enjoy,1505710187,1205,7539,FD205DR,"Corso Carlo e Nello Rosselli, 16-36, 10128 Torino TO",1505708733,,,2017-09-18T06:25:33.000Z,52,,,2017-09-18T06:49:47.000Z,,LineString,7.6895585,45.097637,7.663714,45.051247,2448,6673,2017-09-18T07:34:51.000Z,1505712891,5539,2,99,100,141,8,1,Fiat 500,false,484493
69,Torino,5351,6858,"Via Sandro Botticelli, 13, 10155 Torino TO",enjoy,1505711623,1215,8012,EZ198GW,"Via Cumiana, 29, 10141 Torino TO",1505708733,,,2017-09-18T06:25:33.000Z,65,,,2017-09-18T07:13:43.000Z,,LineString,7.697315,45.103043,7.643156,45.064888,2700,8324,2017-09-18T08:05:10.000Z,1505714710,6002,2,99,100,141,8,1,Fiat 500,false,471807
83,Torino,2939,3868,"Corso Racconigi, 16, 10139 Torino TO",enjoy,1505710665,708,4536,EZ208GW,"Corso Potenza, 10151 Torino TO",1505708733,,,2017-09-18T06:25:33.000Z,82,,,2017-09-18T06:57:45.000Z,,LineString,7.647534,45.073345,7.6630597,45.104855,1665,4079,2017-09-18T07:31:47.000Z,1505712707,3707,2,99,100,141,8,1,Fiat 500,false,388282
84,Torino,-1,-1,"Via S. Donato, 44/F, 10144 Torino TO",car2go,1505708813,-1,-1,482/FK873LX,"Via S. Donato, 44/F, 10144 Torino TO",1505708764,WME4530421Y135145,true,2017-09-18T06:26:04.000Z,84,GOOD,GOOD,2017-09-18T06:26:53.000Z,CE,LineString,7.66435,45.08048,7.66435,45.08048,-1,-1,-1,-1,0,,,,,,,,,
21,Torino,-1,-1,"Piazza Carlo Felice, 53, 10123 Torino TO",car2go,1505708813,-1,-1,478/FK869LX,"Piazza Carlo Felice, 53, 10123 Torino TO",1505708764,WME4530421Y135226,true,2017-09-18T06:26:04.000Z,21,GOOD,GOOD,2017-09-18T06:26:53.000Z,CE,LineString,7.67984,45.06329,7.67984,45.06329,-1,-1,-1,-1,0,,,,,,,,,
75,Torino,-1,-1,Aeroporto Caselle 2,car2go,1505708813,-1,-1,325/FF050VV,Aeroporto Caselle 2,1505708764,WME4533421K152585,true,2017-09-18T06:26:04.000Z,75,GOOD,GOOD,2017-09-18T06:26:53.000Z,CE,LineString,7.6435,45.18843,7.6435,45.18843,-1,-1,-1,-1,0,,,,,,,,,
15,Torino,3749,5025,"Via Bussoleno, 17, 10139 Torino TO",car2go,1505709914,1066,6268,554/FK188XH,"Via Como 18, 10152 Torino TO",1505708813,WME4530421Y135077,true,2017-09-18T06:26:53.000Z,12,GOOD,GOOD,2017-09-18T06:45:14.000Z,CE,LineString,7.64503,45.07174,7.69542,45.08375,1826,6457,2017-09-18T07:25:50.000Z,1505712350,4173,,,,,,,,,
25,Torino,456,604,"Corso Vigevano, 2, 10155 Torino TO",car2go,1505709012,114,604,523/FK803LX,"Corso Vigevano, 54-56, 10155 Torino TO",1505708813,WME4530421Y135175,true,2017-09-18T06:26:53.000Z,25,GOOD,GOOD,2017-09-18T06:30:12.000Z,CE,LineString,7.68774,45.08921,7.68014,45.09007,473,726,2017-09-18T06:30:39.000Z,1505709039,603,,,,,,,,,
46,Torino,10231,13407,"Via Sempione, 164-196, 10154 Torino TO",car2go,1505710917,848,13234,333/FF066VV,Aeroporto Caselle 2,1505708960,WME4533421K153440,true,2017-09-18T06:29:20.000Z,40,GOOD,GOOD,2017-09-18T07:01:57.000Z,CE,LineString,7.70081,45.09582,7.6435,45.18843,2478,16381,2017-09-18T08:07:23.000Z,1505714843,11228,,,,,,,,,
75,Torino,15,19,"Corso Grosseto, 58, 10148 Torino TO",enjoy,1505710928,10,19,EZ529DD,"Via Grosso Giacomo, 2-14, 10148 Torino TO",1505708992,,,2017-09-18T06:29:52.000Z,69,,,2017-09-18T07:02:08.000Z,,LineString,7.683875,45.104286,7.6837487,45.104385,-1,-1,-1,-1,14,2,99,100,141,8,1,Fiat 500,false,431157
15,Torino,1681,2255,"Corso Grosseto, 58, 10148 Torino TO",enjoy,1505709481,477,3433,EZ258GW,"Via Sandro Botticelli, 167g, 10154 Torino TO",1505708992,,,2017-09-18T06:29:52.000Z,14,,,2017-09-18T06:38:01.000Z,,LineString,7.684167,45.10431,7.710772,45.098534,1660,2311,2017-09-18T07:02:21.000Z,1505710941,2183,2,99,100,141,8,1,Fiat 500,false,475575
66,Torino,2448,3181,"Via Giordano Bruno, 84-92, 10134 Torino TO",car2go,1505710819,617,3390,181/EZ519NP,"Corso Vittorio Emanuele II, 76, 10121 Torino TO",1505709164,WME4513341K745642,false,2017-09-18T06:32:44.000Z,66,GOOD,GOOD,2017-09-18T07:00:19.000Z,CE,LineString,7.66163,45.04094,7.67296,45.06501,1092,4485,2017-09-18T07:24:33.000Z,1505712273,2818,,,,,,,,,
78,Torino,-1,-1,"Via Caserta, 19, 10144 Torino TO",car2go,1505709265,-1,-1,019/FF777KW,"Via Caserta, 19, 10144 Torino TO",1505709215,WME4533421K148794,true,2017-09-18T06:33:35.000Z,78,GOOD,GOOD,2017-09-18T06:34:25.000Z,CE,LineString,7.67134,45.08357,7.67134,45.08357,-1,-1,-1,-1,0,,,,,,,,,
12,Torino,-1,-1,"Via Fidia, 10141 Torino TO",car2go,1505745098,-1,-1,245/FF124SJ,"Via Monte Rosa, 79, 10154 Torino TO",1505709215,WME4533421K153406,true,2017-09-18T06:33:35.000Z,100,GOOD,GOOD,2017-09-18T16:31:38.000Z,CE,LineString,7.62264,45.07396,7.6964,45.09243,-1,-1,-1,-1,6140,,,,,,,,,
81,Torino,-1,-1,"Via Nizza, 4, 10125 Torino TO",car2go,1505709265,-1,-1,215/FF055SJ,"Via Nizza, 4, 10125 Torino TO",1505709215,WME4533421K151187,true,2017-09-18T06:33:35.000Z,81,GOOD,GOOD,2017-09-18T06:34:25.000Z,CE,LineString,7.67932,45.06125,7.67932,45.06125,-1,-1,-1,-1,0,,,,,,,,,
56,Torino,184,253,"Via Susa, 1-3, 10138 Torino TO",enjoy,1505709481,228,729,EZ748DD,"Corso Inghilterra, 17, 10138 Torino TO",1505709251,,,2017-09-18T06:34:11.000Z,56,,,2017-09-18T06:38:01.000Z,,LineString,7.6647344,45.071915,7.6650577,45.07181,-1,-1,-1,-1,27,2,99,100,141,8,1,Fiat 500,false,385523
44,Torino,2302,2971,"Corso Vigevano, 35, 10152 Torino TO",enjoy,1505710444,614,3828,EZ284GW,"Corso Giacomo Matteotti, 57, 10121 Torino TO",1505709251,,,2017-09-18T06:34:11.000Z,42,,,2017-09-18T06:54:04.000Z,,LineString,7.6821475,45.089584,7.665968,45.06934,1104,3459,2017-09-18T07:15:12.000Z,1505711712,2583,2,99,100,141,8,1,Fiat 500,false,348670
75,Torino,-1,-1,Aeroporto Caselle 2,car2go,1505709315,-1,-1,415/FK616LX,Aeroporto Caselle 2,1505709265,WME4530421Y135094,true,2017-09-18T06:34:25.000Z,75,GOOD,GOOD,2017-09-18T06:35:15.000Z,CE,LineString,7.6435,45.18843,7.6435,45.18843,-1,-1,-1,-1,0,,,,,,,,,
31,Torino,2166,2888,"Via Michele Antonio Vibò, 26-28, 10147 Torino TO",car2go,1505710366,680,3583,490/FK893LX,"Via Messina, 32, 10153 Torino TO",1505709315,WME4530421Y135236,true,2017-09-18T06:35:15.000Z,31,GOOD,GOOD,2017-09-18T06:52:46.000Z,CE,LineString,7.67753,45.09475,7.69722,45.07746,1319,3480,2017-09-18T07:24:50.000Z,1505712290,2465,,,,,,,,,
78,Torino,880,1106,"Via Caserta, 19, 10144 Torino TO",car2go,1505710021,341,1746,019/FF777KW,"Via Bernardino Drovetti, 11, 10138 Torino TO",1505709315,WME4533421K148794,true,2017-09-18T06:35:15.000Z,75,GOOD,GOOD,2017-09-18T06:47:01.000Z,CE,LineString,7.67134,45.08357,7.66638,45.0753,628,1259,2017-09-18T07:13:22.000Z,1505711602,998,,,,,,,,,
81,Torino,2397,3069,"Via Nizza, 4, 10125 Torino TO",car2go,1505710769,677,3885,215/FF055SJ,"Corso Peschiera, 11, 10141 Torino TO",1505709315,WME4533421K151187,true,2017-09-18T06:35:15.000Z,81,GOOD,GOOD,2017-09-18T06:59:29.000Z,CE,LineString,7.67932,45.06125,7.64721,45.06543,1143,3620,2017-09-18T07:23:29.000Z,1505712209,2562,,,,,,,,,
84,Torino,1373,1802,"Corso Spezia, 16, 10126 Torino TO",car2go,1505710073,462,3395,290/FF222SJ,"Corso Dante, 251, 10134 Torino TO",1505709315,WME4533421K152836,true,2017-09-18T06:35:15.000Z,84,GOOD,GOOD,2017-09-18T06:47:53.000Z,CE,LineString,7.66809,45.03752,7.66703,45.04944,691,1735,2017-09-18T07:00:51.000Z,1505710851,1327,,,,,,,,,
100,Torino,1728,2254,"Via Monginevro, 139, 10141 Torino TO",car2go,1505710671,387,2254,164/FF189NT,"Via Chambéry 93, 125-127, 10142 Torino TO",1505709369,WME4533421K152828,true,2017-09-18T06:36:09.000Z,100,GOOD,GOOD,2017-09-18T06:57:51.000Z,CE,LineString,7.63511,45.06457,7.61033,45.06889,884,2941,2017-09-18T07:16:45.000Z,1505711805,2003,,,,,,,,,
42,Torino,1466,1935,"Via Antonio Pigafetta, 62-64, 10129 Torino TO",car2go,1505710526,374,1877,168/EZ487NP,"Corso Inghilterra, 1, 10121 Torino TO",1505709472,WME4513341K742231,false,2017-09-18T06:37:52.000Z,42,GOOD,GOOD,2017-09-18T06:55:26.000Z,CE,LineString,7.65576,45.05463,7.66375,45.06918,876,2257,2017-09-18T07:13:53.000Z,1505711633,1734,,,,,,,,,
15,Torino,2643,3401,"Via Felice Romani, 5, 10131 Torino TO",car2go,1505711474,900,3806,443/FK636LX,"Corso Giacomo Matteotti, 44, 10121 Torino TO",1505709472,WME4530421Y135045,true,2017-09-18T06:37:52.000Z,15,GOOD,GOOD,2017-09-18T07:11:14.000Z,CE,LineString,7.70239,45.06384,7.66623,45.06947,1686,4057,2017-09-18T07:41:03.000Z,1505713263,2906,,,,,,,,,
33,Torino,959,1240,"Via Villarbasse, 12, 10138 Torino TO",enjoy,1505710665,360,1598,EZ808DD,"Via Caraglio, 98, 10141 Torino TO",1505709481,,,2017-09-18T06:38:01.000Z,31,,,2017-09-18T06:57:45.000Z,,LineString,7.6520524,45.06464,7.6417165,45.059036,719,2128,2017-09-18T07:26:38.000Z,1505712398,1022,2,99,100,141,8,1,Fiat 500,false,382886
46,Torino,757,962,"Via Gianfrancesco Re, 50, 10146 Torino TO",enjoy,1505709706,202,961,EZ806DD,"Via Luigi Ferdinando Marsigli, 22, 10141 Torino TO",1505709481,,,2017-09-18T06:38:01.000Z,46,,,2017-09-18T06:41:46.000Z,,LineString,7.629607,45.078945,7.6279287,45.070374,-1,-1,-1,-1,961,2,99,100,,8,1,Fiat 500,false,369958
97,Torino,6284,8354,"Via Nicola Fabrizi, 93, 10145 Torino TO",enjoy,1505710928,1267,8773,EZ807DD,"Corso Unione Sovietica, 584, 10135 Torino TO",1505709481,,,2017-09-18T06:38:01.000Z,94,,,2017-09-18T07:02:08.000Z,,LineString,7.642111,45.081184,7.62519,45.01431,2915,13336,2017-09-18T07:51:18.000Z,1505713878,7549,2,99,100,141,8,1,Fiat 500,false,412990
93,Torino,1924,2466,"Corso Giacomo Matteotti, 46, 10121 Torino TO",enjoy,1505709970,588,3115,EZ821DD,"Via Cristalliera, 20, 10139 Torino TO",1505709481,,,2017-09-18T06:38:01.000Z,92,,,2017-09-18T06:46:10.000Z,,LineString,7.6656194,45.06957,7.6398945,45.073727,938,3259,2017-09-18T07:02:14.000Z,1505710934,2071,2,99,100,141,8,1,Fiat 500,false,307539
97,Torino,1412,1833,"Corso Lione, 62, 10141 Torino TO",enjoy,1505710444,335,1781,EZ984DD,"Via Giovanni Carlo Cavalli, 1a, 10138 Torino TO",1505709481,,,2017-09-18T06:38:01.000Z,97,,,2017-09-18T06:54:04.000Z,,LineString,7.6534867,45.056396,7.6642237,45.069714,1157,2809,2017-09-18T07:15:42.000Z,1505711742,1703,2,99,100,141,8,1,Fiat 500,false,451881
65,Torino,-1,-1,"Corso Svizzera, 4, 10143 Torino TO",car2go,1505709626,-1,-1,476/FK867LX,"Corso Svizzera, 4, 10143 Torino TO",1505709524,WME4530421Y135224,true,2017-09-18T06:38:44.000Z,65,GOOD,GOOD,2017-09-18T06:40:26.000Z,CE,LineString,7.64879,45.07625,7.64879,45.07625,-1,-1,-1,-1,0,,,,,,,,,
100,Torino,-1,-1,"Via Nizza, 2, 10125 Torino TO",car2go,1505709675,-1,-1,526/FK806LX,"Via Nizza, 2, 10125 Torino TO",1505709626,WME4530421Y135166,true,2017-09-18T06:40:26.000Z,100,GOOD,GOOD,2017-09-18T06:41:15.000Z,CE,LineString,7.67949,45.06176,7.67949,45.06176,-1,-1,-1,-1,0,,,,,,,,,
28,Torino,-1,-1,LE GRU,car2go,1505709675,-1,-1,120/FF126NT,LE GRU,1505709626,WME4533421K148471,true,2017-09-18T06:40:26.000Z,28,GOOD,GOOD,2017-09-18T06:41:15.000Z,CE,LineString,7.61241,45.0545,7.61241,45.0545,-1,-1,-1,-1,0,,,,,,,,,
65,Torino,-1,-1,"Corso Svizzera, 4, 10143 Torino TO",car2go,1505709968,-1,-1,476/FK867LX,"Corso Svizzera, 4, 10143 Torino TO",1505709675,WME4530421Y135224,true,2017-09-18T06:41:15.000Z,65,GOOD,GOOD,2017-09-18T06:46:08.000Z,CE,LineString,7.64879,45.07625,7.64879,45.07625,-1,-1,-1,-1,0,,,,,,,,,
76,Torino,5665,7576,"Corso Benedetto Croce, 482, 10135 Torino TO",enjoy,1505711623,1554,9698,EZ101GW,"Galleria Umberto I, 54, 10122 Torino TO",1505709706,,,2017-09-18T06:41:46.000Z,72,,,2017-09-18T07:13:43.000Z,,LineString,7.644065,45.01911,7.683695,45.075146,2981,8199,2017-09-18T08:03:32.000Z,1505714612,6961,2,99,100,141,8,1,Fiat 500,false,419488
42,Torino,1012,1317,"Corso IV Novembre, 84a, 10136 Torino TO",enjoy,1505710928,428,2537,EZ039TY,"Corso Filippo Turati, 75, 10134 Torino TO",1505709706,,,2017-09-18T06:41:46.000Z,41,,,2017-09-18T07:02:08.000Z,,LineString,7.6508408,45.046192,7.6627593,45.04706,975,1814,2017-09-18T07:21:53.000Z,1505712113,940,2,99,,,8,1,Fiat 500,false,439444
94,Torino,3048,4024,"Via Ventimiglia, 34, 10126 Torino TO",enjoy,1505711408,734,4536,EZ011TY,"Via Giuseppe Pomba, 18-20, 10123 Torino TO",1505709706,,,2017-09-18T06:41:46.000Z,92,,,2017-09-18T07:10:08.000Z,,LineString,7.6720867,45.033287,7.685106,45.06481,1373,4038,2017-09-18T07:39:33.000Z,1505713173,3649,2,99,141,,8,1,Fiat 500,false,309764
97,Torino,5,7,"Via Nizza, 250, 10126 Torino TO",enjoy,1505709970,1,7,EZ092TY,"Via Nizza, 277, 10126 Torino TO",1505709706,,,2017-09-18T06:41:46.000Z,97,,,2017-09-18T06:46:10.000Z,,LineString,7.6673117,45.03234,7.66738,45.032265,-1,-1,-1,-1,9,2,99,141,,8,1,Fiat 500,false,365249
88,Torino,3520,4745,"Corso Potenza, 10147 Torino TO",enjoy,1505719350,800,5847,EZ986DD,"Via Bologna, 129, 10154 Torino TO",1505709706,,,2017-09-18T06:41:46.000Z,83,,,2017-09-18T09:22:30.000Z,,LineString,7.664401,45.105156,7.703744,45.08625,2139,7376,2017-09-18T10:05:11.000Z,1505721911,3733,2,99,100,141,8,1,Fiat 500,false,431567
59,Torino,2900,3803,"Via Monteu da Po, 4, 10132 Torino TO",car2go,1505710819,682,3815,133/FF150NT,"Corso Vittorio Emanuele II, 44, 10123 Torino TO",1505709814,WME4533421K153605,true,2017-09-18T06:43:34.000Z,56,GOOD,GOOD,2017-09-18T07:00:19.000Z,CE,LineString,7.72354,45.06952,7.68285,45.06144,1177,4173,2017-09-18T07:22:16.000Z,1505712136,3317,,,,,,,,,
56,Torino,5623,7429,"Corso Toscana, 177-179, 10151 Torino TO",car2go,1505710971,1471,8114,155/FF180NT,"Via Giuseppe Giacosa, 31-33, 10125 Torino TO",1505709814,WME4533421K152448,true,2017-09-18T06:43:34.000Z,53,GOOD,GOOD,2017-09-18T07:02:51.000Z,CE,LineString,7.64148,45.10135,7.68343,45.05446,3010,8617,2017-09-18T07:58:15.000Z,1505714295,6163,,,,,,,,,
59,Torino,1132,1485,"Via Valprato, 46, 10155 Torino TO",car2go,1505711019,363,1910,316/FF291SJ,"Corso Brescia, 4, 10152 Torino TO",1505709864,WME4533421K152021,true,2017-09-18T06:44:24.000Z,59,GOOD,GOOD,2017-09-18T07:03:39.000Z,CE,LineString,7.68537,45.09263,7.68818,45.08279,920,1986,2017-09-18T07:21:45.000Z,1505712105,1115,,,,,,,,,
25,Torino,2665,3453,"Via Odoardo Tabacchi, 29, 10132 Torino TO",car2go,1505712217,620,3778,242/FF115SJ,"Via Pavia, 11, 10152 Torino TO",1505709914,WME4533421K152875,true,2017-09-18T06:45:14.000Z,21,GOOD,GOOD,2017-09-18T07:23:37.000Z,CE,LineString,7.72187,45.06688,7.69286,45.08248,1224,3865,2017-09-18T07:46:08.000Z,1505713568,2861,,,,,,,,,
51,Torino,2062,2663,"Via degli Artisti, 1, 10124 Torino TO",enjoy,1505710928,854,3103,EZ227TY,"Via Francesco Guicciardini, 11, 10121 Torino TO",1505709970,,,2017-09-18T06:46:10.000Z,50,,,2017-09-18T07:02:08.000Z,,LineString,7.6954103,45.070824,7.6679373,45.07158,1425,3287,2017-09-18T07:28:49.000Z,1505712529,2157,2,99,141,,8,1,Fiat 500,false,456522
55,Torino,1630,2155,"Corso Venezia, 67, 10147 Torino TO",enjoy,1505714798,411,2137,EZ266GW,"Corso Grosseto, 250, 10148 Torino TO",1505709970,,,2017-09-18T06:46:10.000Z,53,,,2017-09-18T08:06:38.000Z,,LineString,7.6841974,45.097237,7.6642723,45.105484,829,2396,2017-09-18T08:19:02.000Z,1505715542,1811,2,99,100,141,8,1,Fiat 500,false,421868
70,Torino,0,0,"Corso Racconigi, 126, 10141 Torino TO",enjoy,1505710444,221,1242,EZ742DD,"Corso Racconigi, 126, 10141 Torino TO",1505709970,,,2017-09-18T06:46:10.000Z,70,,,2017-09-18T06:54:04.000Z,,LineString,7.6448555,45.063744,7.644854,45.063744,-1,-1,-1,-1,0,2,99,100,141,8,1,Fiat 500,false,422118
87,Torino,1367,1806,"Corso Svizzera, 51, 10143 Torino TO",enjoy,1505710665,373,2148,EZ226GW,"Via Val della Torre, 10149 Torino TO",1505709970,,,2017-09-18T06:46:10.000Z,85,,,2017-09-18T06:57:45.000Z,,LineString,7.650329,45.080345,7.657787,45.09344,976,2171,2017-09-18T07:17:13.000Z,1505711833,1568,2,99,100,141,8,1,Fiat 500,false,421782
100,Torino,2011,2588,"Via Bologna, 60, 10152 Torino TO",car2go,1505711019,734,3956,051/FF839KW,"Corso S. Martino, 10122 Torino TO",1505709968,WME4533421K146999,true,2017-09-18T06:46:08.000Z,100,GOOD,GOOD,2017-09-18T07:03:39.000Z,CE,LineString,7.69506,45.0822,7.66886,45.07503,1463,4568,2017-09-18T07:39:51.000Z,1505713191,2204,,,,,,,,,
59,Torino,-1,-1,"Via Antonio Labriola, 9, 10134 Torino TO",car2go,1505710574,-1,-1,034/FF795KW,"Via Antonio Labriola, 9, 10134 Torino TO",1505710021,WME4533421K149750,true,2017-09-18T06:47:01.000Z,59,GOOD,GOOD,2017-09-18T06:56:14.000Z,CE,LineString,7.6626,45.04392,7.6626,45.04392,-1,-1,-1,-1,0,,,,,,,,,
81,Torino,-1,-1,"Via Cigliano, 32, 10153 Torino TO",car2go,1505711019,-1,-1,318/FF293SJ,"Via Cigliano, 32, 10153 Torino TO",1505710073,WME4533421K152078,true,2017-09-18T06:47:53.000Z,81,GOOD,GOOD,2017-09-18T07:03:39.000Z,CE,LineString,7.7126,45.07176,7.7126,45.07176,-1,-1,-1,-1,0,,,,,,,,,
71,Torino,-1,-1,"Via Caprera, 22, 10136 Torino TO",car2go,1505710220,-1,-1,035/FF796KW,"Via Caprera, 22, 10136 Torino TO",1505710173,WME4533421K148930,true,2017-09-18T06:49:33.000Z,71,GOOD,GOOD,2017-09-18T06:50:20.000Z,CE,LineString,7.64987,45.04938,7.64987,45.04938,-1,-1,-1,-1,0,,,,,,,,,
84,Torino,-1,-1,"Via Giacomo Medici, 27, 10143 Torino TO",car2go,1505710220,-1,-1,208/FF045SJ,"Via Giacomo Medici, 27, 10143 Torino TO",1505710173,WME4533421K150403,true,2017-09-18T06:49:33.000Z,84,GOOD,GOOD,2017-09-18T06:50:20.000Z,CE,LineString,7.65205,45.07758,7.65205,45.07758,-1,-1,-1,-1,0,,,,,,,,,
96,Torino,385,488,"Corso Giovanni Agnelli, 400, Torino, TO, Italia",enjoy,1505711146,265,1230,EZ815DD,"Corso Traiano, 2, 10135 Torino TO",1505710187,,,2017-09-18T06:49:47.000Z,96,,,2017-09-18T07:05:46.000Z,,LineString,7.6347866,45.0236,7.6379514,45.02629,475,942,2017-09-18T07:13:17.000Z,1505711597,388,2,99,100,,8,1,Fiat 500,false,363486
84,Torino,3784,5037,"Via Rossana, 15, 10141 Torino TO",enjoy,1505711146,914,5110,EZ869DF,"Via Nizza, 282, 10126 Torino TO",1505710187,,,2017-09-18T06:49:47.000Z,82,,,2017-09-18T07:05:46.000Z,,LineString,7.6459675,45.064648,7.6662683,45.029644,1549,5708,2017-09-18T07:32:00.000Z,1505712720,4203,2,99,100,141,8,1,Fiat 500,false,462806
80,Torino,2475,3231,"Via Nicola Fabrizi, 65, 10145 Torino TO",enjoy,1505711408,587,3807,EZ797DD,"Corso Duca degli Abruzzi, 29, 10129 Torino TO",1505710187,,,2017-09-18T06:49:47.000Z,76,,,2017-09-18T07:10:08.000Z,,LineString,7.645011,45.081043,7.6618896,45.061016,1742,4581,2017-09-18T07:41:42.000Z,1505713302,2589,2,99,100,141,8,1,Fiat 500,false,405204
71,Torino,4147,5459,"Via Caprera, 22, 10136 Torino TO",car2go,1505711171,938,5885,035/FF796KW,"Corso Mortara, 24, 10149 Torino TO",1505710265,WME4533421K148930,true,2017-09-18T06:51:05.000Z,68,GOOD,GOOD,2017-09-18T07:06:11.000Z,CE,LineString,7.64987,45.04938,7.67462,45.0903,2380,5954,2017-09-18T07:43:20.000Z,1505713400,4944,,,,,,,,,
21,Torino,-1,-1,"Corso Toscana, 54, 10149 Torino TO",car2go,1505711474,-1,-1,027/FF786KW,"Corso Toscana, 54, 10149 Torino TO",1505710265,WME4533421K149376,true,2017-09-18T06:51:05.000Z,21,GOOD,GOOD,2017-09-18T07:11:14.000Z,CE,LineString,7.65727,45.09724,7.65727,45.09724,-1,-1,-1,-1,0,,,,,,,,,
84,Torino,1061,1393,"Via Giacomo Medici, 27, 10143 Torino TO",car2go,1505710420,306,1486,208/FF045SJ,"Corso Potenza, 6, 10143 Torino TO",1505710265,WME4533421K150403,true,2017-09-18T06:51:05.000Z,84,GOOD,GOOD,2017-09-18T06:53:40.000Z,CE,LineString,7.65205,45.07758,7.65208,45.08774,948,2032,2017-09-18T07:09:53.000Z,1505711393,1129,,,,,,,,,
90,Torino,-1,-1,"Via Paolo Sacchi, 40-42, 10128 Torino TO",car2go,1505710473,-1,-1,197/FF351NT,"Via Paolo Sacchi, 40-42, 10128 Torino TO",1505710366,WME4533421K153540,true,2017-09-18T06:52:46.000Z,90,GOOD,GOOD,2017-09-18T06:54:33.000Z,CE,LineString,7.67387,45.05788,7.67387,45.05788,-1,-1,-1,-1,0,,,,,,,,,
78,Torino,-1,-1,"Via Alfonso Lamarmora, 43, 10128 Torino TO",car2go,1505710473,-1,-1,423/FK624LX,"Via Alfonso Lamarmora, 43, 10128 Torino TO",1505710366,WME4530421Y135112,true,2017-09-18T06:52:46.000Z,78,GOOD,GOOD,2017-09-18T06:54:33.000Z,CE,LineString,7.66764,45.05796,7.66764,45.05796,-1,-1,-1,-1,0,,,,,,,,,
53,Torino,-1,-1,"Via Sacchi Paolo, 22, 10128 Torino TO",car2go,1505710473,-1,-1,326/FF051VV,"Via Sacchi Paolo, 22, 10128 Torino TO",1505710420,WME4533421K152612,true,2017-09-18T06:53:40.000Z,53,GOOD,GOOD,2017-09-18T06:54:33.000Z,CE,LineString,7.676,45.06061,7.676,45.06061,-1,-1,-1,-1,0,,,,,,,,,
34,Torino,2748,3604,"Via Emilio Bongiovanni, 10147 Torino TO",enjoy,1505713091,641,4037,EZ192TY,"Corso Inghilterra, 43, 10138 Torino TO",1505710444,,,2017-09-18T06:54:04.000Z,32,,,2017-09-18T07:38:11.000Z,,LineString,7.6855826,45.099365,7.6675577,45.07455,468,3873,2017-09-18T07:51:20.000Z,1505713880,3099,2,99,141,,8,1,Fiat 500,false,334063
72,Torino,3809,5037,"Via Arbe, 2-12, 10136 Torino TO",enjoy,1505711623,1001,5296,EZ196TY,"Via S. Dalmazzo, 20-22, 10122 Torino TO",1505710444,,,2017-09-18T06:54:04.000Z,70,,,2017-09-18T07:13:43.000Z,,LineString,7.6321507,45.0553,7.6766357,45.07181,2417,7022,2017-09-18T08:00:31.000Z,1505714431,3944,2,99,141,,8,1,Fiat 500,false,334133
27,Torino,1878,2487,"Via Tunisi, 5, 10134 Torino TO",enjoy,1505711146,501,2479,EZ207GW,"Via Giovanni Camerana, 2, 10128 Torino TO",1505710444,,,2017-09-18T06:54:04.000Z,26,,,2017-09-18T07:05:46.000Z,,LineString,7.660275,45.04436,7.676682,45.062634,985,2630,2017-09-18T07:24:00.000Z,1505712240,2404,2,99,100,141,8,1,Fiat 500,false,412718
31,Torino,-1,-1,"Via Messina, 32, 10153 Torino TO",car2go,1505710526,-1,-1,490/FK893LX,"Via Messina, 32, 10153 Torino TO",1505710473,WME4530421Y135236,true,2017-09-18T06:54:33.000Z,31,GOOD,GOOD,2017-09-18T06:55:26.000Z,CE,LineString,7.69722,45.07746,7.69722,45.07746,-1,-1,-1,-1,0,,,,,,,,,
84,Torino,-1,-1,"Corso Potenza, 6, 10143 Torino TO",car2go,1505710526,-1,-1,208/FF045SJ,"Corso Potenza, 6, 10143 Torino TO",1505710473,WME4533421K150403,true,2017-09-18T06:54:33.000Z,84,GOOD,GOOD,2017-09-18T06:55:26.000Z,CE,LineString,7.65208,45.08774,7.65208,45.08774,-1,-1,-1,-1,0,,,,,,,,,
90,Torino,1704,2348,"Via Paolo Sacchi, 40-42, 10128 Torino TO",car2go,1505712065,614,2844,197/FF351NT,"Corso Massimo d'Azeglio, 118, 10126 Torino TO",1505710526,WME4533421K153540,true,2017-09-18T06:55:26.000Z,87,GOOD,GOOD,2017-09-18T07:21:05.000Z,CE,LineString,7.67387,45.05788,7.67658,45.04208,1321,3721,2017-09-18T07:43:37.000Z,1505713417,1768,,,,,,,,,
25,Torino,2124,2767,"Via Giulia di Barolo, 9, 10124 Torino TO",car2go,1505711721,962,3617,042/FF816KW,"Via Ottavio Revel, 10121 Torino TO",1505710526,WME4533421K149585,true,2017-09-18T06:55:26.000Z,25,GOOD,GOOD,2017-09-18T07:15:21.000Z,CE,LineString,7.69698,45.06773,7.66765,45.06982,1179,3412,2017-09-18T07:35:22.000Z,1505712922,2313,,,,,,,,,
53,Torino,12285,16184,"Via Sacchi Paolo, 22, 10128 Torino TO",car2go,1505712766,1537,18451,326/FF051VV,Aeroporto Caselle 2,1505710526,WME4533421K152612,true,2017-09-18T06:55:26.000Z,50,GOOD,GOOD,2017-09-18T07:32:46.000Z,CE,LineString,7.676,45.06061,7.6435,45.18843,3273,18006,2017-09-18T08:37:23.000Z,1505716643,14430,,,,,,,,,
78,Torino,1355,1750,"Via Alfonso Lamarmora, 43, 10128 Torino TO",car2go,1505711964,347,2026,423/FK624LX,"Via Tommaso Dorè, 5, 10121 Torino TO",1505710526,WME4530421Y135112,true,2017-09-18T06:55:26.000Z,78,GOOD,GOOD,2017-09-18T07:19:24.000Z,CE,LineString,7.66764,45.05796,7.66665,45.0706,1044,2226,2017-09-18T07:37:50.000Z,1505713070,1406,,,,,,,,,
60,Torino,-1,-1,"Corso Galileo Ferraris, 88, 10129 Torino TO",car2go,1505711767,-1,-1,180/EZ512NP,"Corso Galileo Ferraris, 88, 10129 Torino TO",1505710526,WME4513341K745658,false,2017-09-18T06:55:26.000Z,60,GOOD,GOOD,2017-09-18T07:16:07.000Z,CE,LineString,7.66477,45.05693,7.66477,45.05693,-1,-1,-1,-1,0,,,,,,,,,
43,Torino,2938,3956,"Corso Giulio Cesare, 2961, 10155 Torino TO",car2go,1505711525,509,4179,015/FF771KW,"Lungo Dora Pietro Colletta, 10154 Torino TO",1505710526,WME4533421K140767,true,2017-09-18T06:55:26.000Z,43,GOOD,GOOD,2017-09-18T07:12:05.000Z,CE,LineString,7.70069,45.10328,7.71706,45.07613,1417,5620,2017-09-18T07:41:42.000Z,1505713302,3279,,,,,,,,,
40,Torino,4039,5455,"Via Francesco De Sanctis, 27B, 10141 Torino TO",car2go,1505711324,905,5514,455/FK649LX,"Via Assisi, 27-39, 10149 Torino TO",1505710623,WME4530421Y135064,true,2017-09-18T06:57:03.000Z,37,GOOD,GOOD,2017-09-18T07:08:44.000Z,CE,LineString,7.6191,45.07235,7.66767,45.0964,2098,8168,2017-09-18T07:46:30.000Z,1505713590,4654,,,,,,,,,
60,Torino,2752,3593,"Via Rovereto, 2-14, 10136 Torino TO",enjoy,1505711888,676,3735,EZ827DD,"Corso Bolzano, 44, 10121 Torino TO",1505710665,,,2017-09-18T06:57:45.000Z,57,,,2017-09-18T07:18:08.000Z,,LineString,7.6388392,45.05426,7.6676755,45.07266,2216,7017,2017-09-18T08:38:17.000Z,1505716697,3050,2,99,100,141,8,1,Fiat 500,false,431099
76,Torino,2627,3486,"Piazza Santa Rita da Cascia, 9, 10136 Torino TO",enjoy,1505711623,768,3754,EZ785DD,"Corso Vittorio Emanuele II, 65, 10128 Torino TO",1505710665,,,2017-09-18T06:57:45.000Z,75,,,2017-09-18T07:13:43.000Z,,LineString,7.646307,45.046944,7.675465,45.063953,1466,4508,2017-09-18T07:41:14.000Z,1505713274,2968,2,99,100,141,8,1,Fiat 500,false,319230
71,Torino,1976,2600,"Corso Peschiera, 255, 10141 Torino TO",car2go,1505712316,542,3016,104/FF089NT,"Corso Inghilterra, 1, 10121 Torino TO",1505710671,WME4533421K147735,true,2017-09-18T06:57:51.000Z,68,GOOD,GOOD,2017-09-18T07:25:16.000Z,CE,LineString,7.63508,45.07005,7.66407,45.06959,1007,2742,2017-09-18T07:46:32.000Z,1505713592,2275,,,,,,,,,
31,Torino,5092,6588,"Corso Venezia, 41-45, 10147 Torino TO",car2go,1505712613,1116,7294,517/FK718LX,"Corso Siracusa, 16-18, 10136 Torino TO",1505710819,WME4530421Y135188,true,2017-09-18T07:00:19.000Z,28,GOOD,GOOD,2017-09-18T07:30:13.000Z,CE,LineString,7.68225,45.09537,7.63445,45.05371,3463,9198,2017-09-18T08:28:33.000Z,1505716113,5958,,,,,,,,,
81,Torino,2988,3957,"Via Gianfrancesco Re, 58, 10146 Torino TO",car2go,1505711914,933,5208,190/EZ415NP,"Piazza Vincenzo Arbarello, 2e, 10122 Torino TO",1505710917,WME4513341K746345,false,2017-09-18T07:01:57.000Z,81,GOOD,GOOD,2017-09-18T07:18:34.000Z,CE,LineString,7.62961,45.07959,7.67629,45.0738,1489,4650,2017-09-18T07:45:09.000Z,1505713509,3719,,,,,,,,,
97,Torino,3019,4050,"Corso Potenza, 75, 10149 Torino TO",enjoy,1505711623,742,4934,EZ217GW,"Via Gottardo, 10, 10155 Torino TO",1505710928,,,2017-09-18T07:02:08.000Z,95,,,2017-09-18T07:13:43.000Z,,LineString,7.6558805,45.09419,7.6902204,45.10083,-1,-1,-1,-1,2792,2,99,100,141,8,1,Fiat 500,false,400866
54,Torino,2749,3617,"Via Fratelli Calandra, 23, 10123 Torino TO",enjoy,1505711888,591,4362,EZ240GW,"Via Nizza, 238-246, 10126 Torino TO",1505710928,,,2017-09-18T07:02:08.000Z,53,,,2017-09-18T07:18:08.000Z,,LineString,7.6882043,45.059845,7.667783,45.033558,1301,3873,2017-09-18T07:44:46.000Z,1505713486,3332,2,99,100,141,8,1,Fiat 500,false,354684
40,Torino,3034,4059,"Corso Siracusa, 2-8, 10136 Torino TO",enjoy,1505712107,848,4441,EZ058TY,"Corso Raffaello, 14, 10126 Torino TO",1505710928,,,2017-09-18T07:02:08.000Z,38,,,2017-09-18T07:21:47.000Z,,LineString,7.6345654,45.054832,7.677789,45.051624,1964,5998,2017-09-18T07:57:35.000Z,1505714255,3411,2,99,141,,8,1,Fiat 500,false,353367
78,Torino,2834,3720,"Via Giovanni Pacini, 38, 10154 Torino TO",car2go,1505712316,741,4301,440/FK658LX,"Corso Svizzera, 162-164, 10144 Torino TO",1505710971,WME4530421Y135035,true,2017-09-18T07:02:51.000Z,75,GOOD,GOOD,2017-09-18T07:25:16.000Z,CE,LineString,7.7007,45.08496,7.65946,45.0892,1784,5533,2017-09-18T07:57:50.000Z,1505714270,3269,,,,,,,,,
71,Torino,-1,-1,"Via Borgaro, 97-101, 10149 Torino TO",car2go,1505712268,-1,-1,473/FK864LX,"Via Borgaro, 97-101, 10149 Torino TO",1505711019,WME4530421Y135215,true,2017-09-18T07:03:39.000Z,71,GOOD,GOOD,2017-09-18T07:24:28.000Z,CE,LineString,7.66307,45.10169,7.66307,45.10169,-1,-1,-1,-1,0,,,,,,,,,
100,Torino,3166,4106,"Via Lessolo, 22-26, 10153 Torino TO",car2go,1505712217,1365,5906,321/FF296SJ,"Via Fratelli Ruffini, 11, 10121 Torino TO",1505711019,WME4533421K152361,true,2017-09-18T07:03:39.000Z,96,GOOD,GOOD,2017-09-18T07:23:37.000Z,CE,LineString,7.71202,45.0711,7.66799,45.07279,1887,6307,2017-09-18T07:57:29.000Z,1505714249,3460,,,,,,,,,
28,Torino,3438,4456,"Corso Toscana, 131, 10151 Torino TO",car2go,1505713304,903,6816,107/FF095NT,"Corso Vittorio Emanuele II, 117, 10128 Torino TO",1505711019,WME4533421K144545,true,2017-09-18T07:03:39.000Z,28,GOOD,GOOD,2017-09-18T07:41:44.000Z,CE,LineString,7.64677,45.10003,7.66447,45.06775,2192,5316,2017-09-18T08:19:42.000Z,1505715582,3846,,,,,,,,,
75,Torino,1961,2588,"Via Tirreno, 139, 10136 Torino TO",car2go,1505712065,568,2734,259/FF148SJ,"Via Pastrengo, 1, 10128 Torino TO",1505711069,WME4533421K150592,true,2017-09-18T07:04:29.000Z,71,GOOD,GOOD,2017-09-18T07:21:05.000Z,CE,LineString,7.64888,45.05244,7.67358,45.05849,1319,3808,2017-09-18T07:46:14.000Z,1505713574,2052,,,,,,,,,
31,Torino,1019,1362,"Via Caraglio, 98, 10141 Torino TO",enjoy,1505711623,350,1608,EZ808DD,"Via Luserna di Rorà, 12, 10139 Torino TO",1505711146,,,2017-09-18T07:05:46.000Z,31,,,2017-09-18T07:13:43.000Z,,LineString,7.6417165,45.059036,7.648089,45.067295,802,1624,2017-09-18T07:35:50.000Z,1505712950,1045,2,99,100,141,8,1,Fiat 500,false,382886
61,Torino,2280,3022,"Corso Monte Cucco, 81, 10141 Torino TO",enjoy,1505712381,700,4042,EZ837DD,"Corso Bolzano, 8, 10121 Torino TO",1505711146,,,2017-09-18T07:05:46.000Z,60,,,2017-09-18T07:26:21.000Z,,LineString,7.6324034,45.06763,7.6645265,45.068905,1326,4399,2017-09-18T07:49:04.000Z,1505713744,2525,2,99,100,141,8,1,Fiat 500,false,482285
56,Torino,3339,4303,"Lungo Dora Voghera, 82, 10153 Torino TO",enjoy,1505713554,990,6061,EZ247GW,"Corso S. Martino, 10122 Torino TO",1505711146,,,2017-09-18T07:05:46.000Z,54,,,2017-09-18T07:45:54.000Z,,LineString,7.7175384,45.075214,7.669359,45.075794,2060,6068,2017-09-18T08:26:29.000Z,1505715989,3781,2,99,100,141,8,1,Fiat 500,false,346833
78,Torino,2805,3713,"Via Enrico D'Ovidio, 10129 Torino TO",enjoy,1505712381,691,3789,EZ237TY,"Corso Svizzera, 164, 10149 Torino TO",1505711146,,,2017-09-18T07:05:46.000Z,77,,,2017-09-18T07:26:21.000Z,,LineString,7.6615314,45.061646,7.6595626,45.08909,1943,4048,2017-09-18T08:00:41.000Z,1505714441,3053,2,99,141,,8,1,Fiat 500,false,315813
32,Torino,1970,2649,"Via Tirreno, 135, 10136 Torino TO",enjoy,1505711888,488,3135,EZ157TY,"Corso Cosenza, 1-13, 10135 Torino TO",1505711146,,,2017-09-18T07:05:46.000Z,31,,,2017-09-18T07:18:08.000Z,,LineString,7.649322,45.052444,7.645665,45.033016,1111,2845,2017-09-18T07:40:37.000Z,1505713237,2177,2,99,141,,8,1,Fiat 500,false,462760
97,Torino,3467,4490,"Via Nizza, 277, 10126 Torino TO",enjoy,1505712107,1009,5227,EZ092TY,"Via Bossolasco, 15, 10141 Torino TO",1505711146,,,2017-09-18T07:05:46.000Z,94,,,2017-09-18T07:21:47.000Z,,LineString,7.66738,45.032265,7.6519685,45.062424,1678,5191,2017-09-18T07:51:14.000Z,1505713874,3563,2,99,141,,8,1,Fiat 500,false,365249
49,Torino,3633,4857,"Corso Unione Sovietica, 429, 10135 Torino TO",enjoy,1505712107,720,5876,EZ000TY,"Sottopasso Michele Lanza, 10126 Torino TO",1505711146,,,2017-09-18T07:05:46.000Z,48,,,2017-09-18T07:21:47.000Z,,LineString,7.635218,45.02219,7.676464,45.04082,1607,5130,2017-09-18T07:52:24.000Z,1505713944,3844,2,99,141,,8,1,Fiat 500,false,337021
81,Torino,-1,-1,"Via Piacenza, 23-27, 10127 Torino TO",car2go,1505711324,-1,-1,124/FG348FH,"Via Piacenza, 23-27, 10127 Torino TO",1505711171,WME4533421K152394,true,2017-09-18T07:06:11.000Z,81,GOOD,GOOD,2017-09-18T07:08:44.000Z,CE,LineString,7.64706,45.02018,7.64706,45.02018,-1,-1,-1,-1,0,,,,,,,,,
100,Torino,2353,3075,"Via Giovanni Servais, 25/b, 10146 Torino TO",car2go,1505711964,631,3240,049/FF834KW,"B, 10121 Torino TO",1505711228,WME4533421K151022,true,2017-09-18T07:07:08.000Z,100,GOOD,GOOD,2017-09-18T07:19:24.000Z,CE,LineString,7.63604,45.08352,7.66461,45.07152,1420,4505,2017-09-18T07:45:07.000Z,1505713507,2608,,,,,,,,,
81,Torino,2039,2709,"Via Limone, 22, 10141 Torino TO",car2go,1505711964,573,3024,430/FK631LX,"Via Vincenzo Vela, 12, 10128 Torino TO",1505711377,WME4530421Y135126,true,2017-09-18T07:09:37.000Z,81,GOOD,GOOD,2017-09-18T07:19:24.000Z,CE,LineString,7.64323,45.06185,7.6694,45.06442,1325,4030,2017-09-18T07:42:13.000Z,1505713333,2073,,,,,,,,,
44,Torino,4134,5502,"Via Spotorno, 45, 10126 Torino TO",enjoy,1505713091,1212,6825,EZ985DD,"Via Montebello, 37, 10124 Torino TO",1505711408,,,2017-09-18T07:10:08.000Z,41,,,2017-09-18T07:38:11.000Z,,LineString,7.667356,45.03049,7.6952224,45.072506,1724,6162,2017-09-18T08:08:20.000Z,1505714900,5156,2,99,100,141,8,1,Fiat 500,false,381805
48,Torino,5607,7321,"Via Taggia, 31a, 10134 Torino TO",enjoy,1505713554,1215,7873,EZ076TY,"Via Tesso, 38, 10149 Torino TO",1505711408,,,2017-09-18T07:10:08.000Z,46,,,2017-09-18T07:45:54.000Z,,LineString,7.6567583,45.035454,7.671052,45.091843,3313,8919,2017-09-18T08:41:44.000Z,1505716904,6365,2,99,141,,8,1,Fiat 500,false,420512
88,Torino,3084,4062,"Via Cesare Reduzzi, 19, 10134 Torino TO",enjoy,1505713091,677,4295,EZ184TY,"Corso Luigi Settembrini, 178, 10135 Torino TO",1505711408,,,2017-09-18T07:10:08.000Z,86,,,2017-09-18T07:38:11.000Z,,LineString,7.6563945,45.037018,7.618379,45.029404,1898,4759,2017-09-18T08:09:49.000Z,1505714989,3103,2,99,141,,8,1,Fiat 500,false,362349
64,Torino,2482,3242,"Via Gorizia 40, 40, 10136 Torino TO",enjoy,1505712870,725,3773,EZ834DD,"Corso Bolzano, 12, 10121 Torino TO",1505711408,,,2017-09-18T07:10:08.000Z,62,,,2017-09-18T07:34:30.000Z,,LineString,7.640548,45.05164,7.664946,45.069355,1380,3925,2017-09-18T07:58:47.000Z,1505714327,2746,2,99,100,141,8,1,Fiat 500,false,452545
46,Torino,1526,1971,"Via Garessio, 12, 10126 Torino TO",enjoy,1505712381,519,3111,EZ270GW,"Via Felice Casorati, 1-3, 10127 Torino TO",1505711408,,,2017-09-18T07:10:08.000Z,55,,,2017-09-18T07:26:21.000Z,,LineString,7.66865,45.03151,7.653446,45.02617,971,3723,2017-09-18T07:43:22.000Z,1505713402,1333,2,99,100,141,8,1,Fiat 500,false,362874
36,Torino,51,72,"Via Massimo Montano, 24, 10143 Torino TO",enjoy,1505712609,28,72,EZ817DD,"Via Felice Cordero di Pamparato, 9, 10143 Torino TO",1505711408,,,2017-09-18T07:10:08.000Z,36,,,2017-09-18T07:30:09.000Z,,LineString,7.6536016,45.077347,7.653743,45.077557,-1,-1,-1,-1,25,2,99,100,141,8,1,Fiat 500,false,416426
65,Torino,2716,3540,"Via Monfalcone, 155, 10136 Torino TO",car2go,1505712268,631,3556,227/FF085SJ,"Corso Inghilterra, 1, 10121 Torino TO",1505711474,WME4533421K152270,true,2017-09-18T07:11:14.000Z,62,GOOD,GOOD,2017-09-18T07:24:28.000Z,CE,LineString,7.63331,45.05301,7.6637,45.06904,1818,4944,2017-09-18T07:59:11.000Z,1505714351,2977,,,,,,,,,
65,Torino,6647,8690,"Str. Altessano, 10151 Torino TO",car2go,1505714509,1605,25830,421/FK622LX,"Corso Unione Sovietica, 171, 10134 Torino TO",1505711525,WME4530421Y135101,true,2017-09-18T07:12:05.000Z,62,GOOD,GOOD,2017-09-18T08:01:49.000Z,CE,LineString,7.64564,45.10926,7.6542,45.03946,3853,12960,2017-09-18T09:13:43.000Z,1505718823,7785,,,,,,,,,
18,Torino,3657,4880,"Via Rodolfo Renier, 26, 10141 Torino TO",car2go,1505712417,882,5529,540/FK820LX,"Lungo Dora Napoli, 32, 10152 Torino TO",1505711577,WME4530421Y135142,true,2017-09-18T07:12:57.000Z,15,GOOD,GOOD,2017-09-18T07:26:57.000Z,CE,LineString,7.64392,45.05821,7.68281,45.08403,2262,6854,2017-09-18T08:09:12.000Z,1505714952,4189,,,,,,,,,
34,Torino,1854,2440,"Via Angelo Messedaglia, 1-3, 10149 Torino TO",car2go,1505712118,466,2551,028/FF789KW,"Corso Principe Oddone, 13a, 10144 Torino TO",1505711577,WME4533421K150033,true,2017-09-18T07:12:57.000Z,31,GOOD,GOOD,2017-09-18T07:21:58.000Z,CE,LineString,7.65999,45.09763,7.66997,45.07918,1126,3248,2017-09-18T07:38:43.000Z,1505713123,2194,,,,,,,,,
52,Torino,1631,2150,"Corso Carlo e Nello Rosselli, 16-36, 10128 Torino TO",enjoy,1505712107,415,2167,FD205DR,"Via dell'Arcivescovado, 20, 10121 Torino TO",1505711623,,,2017-09-18T07:13:43.000Z,52,,,2017-09-18T07:21:47.000Z,,LineString,7.663714,45.051247,7.67687,45.067616,706,2235,2017-09-18T07:37:12.000Z,1505713032,2091,2,99,100,141,8,1,Fiat 500,false,484493
25,Torino,2280,3047,"Via Filippo Acciarini, 14-20, 10137 Torino TO",enjoy,1505712609,570,3266,EZ193TY,"Via Pio VII, 123, 10127 Torino TO",1505711623,,,2017-09-18T07:13:43.000Z,24,,,2017-09-18T07:30:09.000Z,,LineString,7.64221,45.041107,7.650132,45.02112,726,3202,2017-09-18T07:48:14.000Z,1505713694,2306,2,99,141,,8,1,Fiat 500,false,341896
58,Torino,1523,1955,"Via Cristoforo Colombo, 25, 10129 Torino TO",enjoy,1505714533,435,2332,EZ099TY,"Corso Vittorio Emanuele II, 131, 10138 Torino TO",1505711623,,,2017-09-18T07:13:43.000Z,56,,,2017-09-18T08:02:13.000Z,,LineString,7.662932,45.05688,7.656688,45.070545,1896,2587,2017-09-18T08:31:12.000Z,1505716272,1595,2,99,,,8,1,Fiat 500,false,326162
81,Torino,2351,3071,"Via Rio de Janeiro, 36, 10141 Torino TO",enjoy,1505712609,604,3298,EZ783DD,"Corso Francia, 260, 10146 Torino TO",1505711623,,,2017-09-18T07:13:43.000Z,80,,,2017-09-18T07:30:09.000Z,,LineString,7.6498804,45.057552,7.629715,45.07513,1534,3317,2017-09-18T07:57:01.000Z,1505714221,2514,2,99,100,141,8,1,Fiat 500,false,482409
25,Torino,1595,2155,"Via Attilio Agricola, 6, 10137 Torino TO",enjoy,1505712870,331,2162,EZ798DD,"Via Bossoli Carlo, 83, 10135 Torino TO",1505711623,,,2017-09-18T07:13:43.000Z,23,,,2017-09-18T07:34:30.000Z,,LineString,7.6350937,45.037563,7.6528993,45.027924,815,2182,2017-09-18T07:57:22.000Z,1505714242,1761,2,99,100,141,8,1,Fiat 500,false,450283
44,Torino,1527,1999,"Via Giuseppe Piazzi, 31, 10129 Torino TO",enjoy,1505712381,469,2681,EZ820DD,"Corso Inghilterra, 1, 10121 Torino TO",1505711623,,,2017-09-18T07:13:43.000Z,42,,,2017-09-18T07:26:21.000Z,,LineString,7.660033,45.054356,7.6638255,45.069073,1099,2413,2017-09-18T07:45:48.000Z,1505713548,1662,2,99,100,141,8,1,Fiat 500,false,420719
30,Torino,3045,4078,"Via Gioacchino Quarello, 2, 10135 Torino TO",enjoy,1505712381,630,4393,EZ810DD,"Corso Caio Plinio, 6, 10127 Torino TO",1505711623,,,2017-09-18T07:13:43.000Z,29,,,2017-09-18T07:26:21.000Z,,LineString,7.6174555,45.017494,7.6554837,45.02593,1340,5242,2017-09-18T07:52:38.000Z,1505713958,3130,2,99,100,141,8,1,Fiat 500,false,386440
37,Torino,3368,4334,"Via Lessolo, 36-38, 10153 Torino TO",car2go,1505713206,1036,6254,266/FF160SJ,"Via Susa, 2, 10138 Torino TO",1505711626,WME4533421K150820,true,2017-09-18T07:13:46.000Z,34,GOOD,GOOD,2017-09-18T07:40:06.000Z,CE,LineString,7.71132,45.07247,7.66467,45.07205,2118,6448,2017-09-18T08:19:16.000Z,1505715556,3661,,,,,,,,,
71,Torino,1093,1492,"Str. del Fortino, 35, 10152 Torino TO",car2go,1505714302,337,1683,094/FF060NT,"Via Pisa, 12-16, 10152 Torino TO",1505711721,WME4533421K150318,true,2017-09-18T07:15:21.000Z,68,GOOD,GOOD,2017-09-18T07:58:22.000Z,CE,LineString,7.67788,45.08549,7.69112,45.07899,-1,-1,-1,-1,1265,,,,,,,,,
84,Torino,2953,3930,"Corso Francia, 175, 10139 Torino TO",car2go,1505715168,708,4003,537/FK817LX,"Via Nizza, 10, 10125 Torino TO",1505711721,WME4530421Y135146,true,2017-09-18T07:15:21.000Z,84,GOOD,GOOD,2017-09-18T08:12:48.000Z,CE,LineString,7.63948,45.07532,7.67756,45.05882,1268,6106,2017-09-18T08:34:23.000Z,1505716463,3506,,,,,,,,,
90,Torino,-1,-1,"Lungo Dora Voghera, 34, 10153 Torino TO",car2go,1505712963,-1,-1,449/FK642LX,"Lungo Dora Voghera, 34, 10153 Torino TO",1505711721,WME4530421Y135054,true,2017-09-18T07:15:21.000Z,90,GOOD,GOOD,2017-09-18T07:36:03.000Z,CE,LineString,7.71091,45.07429,7.71091,45.07429,-1,-1,-1,-1,0,,,,,,,,,
68,Torino,2180,2911,"Pista ciclabile, 10141 Torino TO",car2go,1505712467,551,2911,538/FK818LX,"Via Antonio Canova, 10-12, 10126 Torino TO",1505711721,WME4530421Y135144,true,2017-09-18T07:15:21.000Z,65,GOOD,GOOD,2017-09-18T07:27:47.000Z,CE,LineString,7.64211,45.05628,7.67078,45.04503,1317,3917,2017-09-18T08:04:11.000Z,1505714651,2574,,,,,,,,,
62,Torino,4202,5458,"Corso Regina Margherita, 242, 10144 Torino TO",car2go,1505713801,1026,5887,189/FF343NT,"Corso Unione Sovietica, 6040, 10134 Torino TO",1505711767,WME4533421K152187,true,2017-09-18T07:16:07.000Z,59,GOOD,GOOD,2017-09-18T07:50:01.000Z,CE,LineString,7.66296,45.0838,7.6584,45.0433,2742,7269,2017-09-18T08:34:11.000Z,1505716451,4514,,,,,,,,,
81,Torino,2685,3488,"Via Cigliano, 32, 10153 Torino TO",car2go,1505713801,825,4000,318/FF293SJ,"Via Nizza, 2, 10125 Torino TO",1505711819,WME4533421K152078,true,2017-09-18T07:16:59.000Z,78,GOOD,GOOD,2017-09-18T07:50:01.000Z,CE,LineString,7.7126,45.07176,7.67937,45.06172,1688,5019,2017-09-18T08:21:14.000Z,1505715674,2836,,,,,,,,,
65,Torino,2741,3561,"Via Alessandro Scarlatti, 4A, 10154 Torino TO",car2go,1505713351,1032,6040,168/FF193NT,"Corso Vittorio Emanuele II, 75, 10128 Torino TO",1505711819,WME4533421K153534,true,2017-09-18T07:16:59.000Z,62,GOOD,GOOD,2017-09-18T07:42:31.000Z,CE,LineString,7.69396,45.09085,7.67325,45.06464,1532,3865,2017-09-18T08:09:23.000Z,1505714963,3335,,,,,,,,,
60,Torino,1898,2491,"Corso Galileo Ferraris, 88, 10129 Torino TO",car2go,1505712613,1044,4127,180/EZ512NP,"Via Pietro Micca, 2, 10121 Torino TO",1505711866,WME4513341K745658,false,2017-09-18T07:17:46.000Z,60,GOOD,GOOD,2017-09-18T07:30:13.000Z,CE,LineString,7.66477,45.05693,7.68362,45.0708,1030,3051,2017-09-18T07:43:13.000Z,1505713393,2136,,,,,,,,,
92,Torino,3260,4317,"Via Giuseppe Pomba, 18-20, 10123 Torino TO",enjoy,1505713554,1123,5483,EZ011TY,"Via Pasquale Paoli, 17, 10134 Torino TO",1505711888,,,2017-09-18T07:18:08.000Z,90,,,2017-09-18T07:45:54.000Z,,LineString,7.685106,45.06481,7.653702,45.037117,1807,4807,2017-09-18T08:15:31.000Z,1505715331,3943,2,99,141,,8,1,Fiat 500,false,309764
72,Torino,2366,3158,"Galleria Umberto I, 54, 10122 Torino TO",enjoy,1505713363,761,4137,EZ101GW,"Via Giambattista Pergolesi, 55, 10154 Torino TO",1505711888,,,2017-09-18T07:18:08.000Z,71,,,2017-09-18T07:42:43.000Z,,LineString,7.683695,45.075146,7.703931,45.097034,1273,4166,2017-09-18T08:11:10.000Z,1505715070,2904,2,99,100,141,8,1,Fiat 500,false,419488
92,Torino,3331,4428,"Via Cristalliera, 20, 10139 Torino TO",enjoy,1505712870,694,4604,EZ821DD,"Corso Siracusa, 213, 10136 Torino TO",1505711888,,,2017-09-18T07:18:08.000Z,91,,,2017-09-18T07:34:30.000Z,,LineString,7.6398945,45.073727,7.6340094,45.03563,1445,4495,2017-09-18T08:00:37.000Z,1505714437,4258,2,99,100,141,8,1,Fiat 500,false,307539
70,Torino,1135,1533,"Via S. Dalmazzo, 20-22, 10122 Torino TO",enjoy,1505713091,549,1924,EZ196TY,"Via dei Mille, 7, 10123 Torino TO",1505711888,,,2017-09-18T07:18:08.000Z,69,,,2017-09-18T07:38:11.000Z,,LineString,7.6766357,45.07181,7.685008,45.063465,834,1970,2017-09-18T07:52:57.000Z,1505713977,1136,2,99,141,,8,1,Fiat 500,false,334133
46,Torino,-1,-1,"Corso IV Novembre, 84a, 10136 Torino TO",car2go,1505712268,-1,-1,454/FK648LX,"Corso IV Novembre, 84a, 10136 Torino TO",1505711914,WME4530421Y135063,true,2017-09-18T07:18:34.000Z,46,GOOD,GOOD,2017-09-18T07:24:28.000Z,CE,LineString,7.65089,45.04608,7.65089,45.04608,-1,-1,-1,-1,0,,,,,,,,,
100,Torino,-1,-1,"Via Emilio Bongiovanni, 10147 Torino TO",car2go,1505712065,-1,-1,052/FF840KW,"Via Emilio Bongiovanni, 10147 Torino TO",1505711914,WME4533421K146932,true,2017-09-18T07:18:34.000Z,100,GOOD,GOOD,2017-09-18T07:21:05.000Z,CE,LineString,7.68582,45.09939,7.68582,45.09939,-1,-1,-1,-1,0,,,,,,,,,
40,Torino,2742,3584,"Piazza Francesco Carrara, 2-4, 10132 Torino TO",car2go,1505712963,689,3714,300/FF275SJ,"Corso Vittorio Emanuele II, 46, 10123 Torino TO",1505711914,WME4533421K150766,true,2017-09-18T07:18:34.000Z,37,GOOD,GOOD,2017-09-18T07:36:03.000Z,CE,LineString,7.7204,45.06883,7.68256,45.0617,1155,4170,2017-09-18T07:59:42.000Z,1505714382,3073,,,,,,,,,
15,Torino,-1,-1,"Corso Moncalieri, 1, 10131 Torino TO",car2go,1505712015,-1,-1,016/FF774KW,"Corso Moncalieri, 1, 10131 Torino TO",1505711964,WME4533421K148718,true,2017-09-18T07:19:24.000Z,15,GOOD,GOOD,2017-09-18T07:20:15.000Z,CE,LineString,7.69813,45.06235,7.69813,45.06235,-1,-1,-1,-1,0,,,,,,,,,
84,Torino,-1,-1,"Via S. Donato, 44/F, 10144 Torino TO",car2go,1505712015,-1,-1,482/FK873LX,"Via S. Donato, 44/F, 10144 Torino TO",1505711964,WME4530421Y135145,true,2017-09-18T07:19:24.000Z,84,GOOD,GOOD,2017-09-18T07:20:15.000Z,CE,LineString,7.66435,45.08048,7.66435,45.08048,-1,-1,-1,-1,0,,,,,,,,,
100,Torino,-1,-1,"B, 10121 Torino TO",car2go,1505712065,-1,-1,049/FF834KW,"B, 10121 Torino TO",1505712015,WME4533421K151022,true,2017-09-18T07:20:15.000Z,100,GOOD,GOOD,2017-09-18T07:21:05.000Z,CE,LineString,7.66461,45.07152,7.66461,45.07152,-1,-1,-1,-1,0,,,,,,,,,
78,Torino,-1,-1,"Via Tommaso Dorè, 5, 10121 Torino TO",car2go,1505712065,-1,-1,423/FK624LX,"Via Tommaso Dorè, 5, 10121 Torino TO",1505712015,WME4530421Y135112,true,2017-09-18T07:20:15.000Z,78,GOOD,GOOD,2017-09-18T07:21:05.000Z,CE,LineString,7.66665,45.0706,7.66665,45.0706,-1,-1,-1,-1,0,,,,,,,,,
81,Torino,-1,-1,"Via Vincenzo Vela, 12, 10128 Torino TO",car2go,1505712065,-1,-1,430/FK631LX,"Via Vincenzo Vela, 12, 10128 Torino TO",1505712015,WME4530421Y135126,true,2017-09-18T07:20:15.000Z,81,GOOD,GOOD,2017-09-18T07:21:05.000Z,CE,LineString,7.6694,45.06442,7.6694,45.06442,-1,-1,-1,-1,0,,,,,,,,,
43,Torino,1804,2318,"Via Courmayeur, 5, 10155 Torino TO",car2go,1505712963,600,3071,244/FF119SJ,"Corso Giambattista Beccaria, 1, 10122 Torino TO",1505712065,WME4533421K152950,true,2017-09-18T07:21:05.000Z,43,GOOD,GOOD,2017-09-18T07:36:03.000Z,CE,LineString,7.68774,45.09066,7.67026,45.07723,1224,3533,2017-09-18T07:59:02.000Z,1505714342,2026,,,,,,,,,
15,Torino,-1,-1,"Corso Moncalieri, 1, 10131 Torino TO",car2go,1505712169,-1,-1,016/FF774KW,"Corso Moncalieri, 1, 10131 Torino TO",1505712065,WME4533421K148718,true,2017-09-18T07:21:05.000Z,15,GOOD,GOOD,2017-09-18T07:22:49.000Z,CE,LineString,7.69813,45.06235,7.69813,45.06235,-1,-1,-1,-1,0,,,,,,,,,
37,Torino,-1,-1,"Corso Raffaello, 14, 10126 Torino TO",car2go,1505713255,-1,-1,089/FF055NT,"Corso Raffaello, 14, 10126 Torino TO",1505712065,WME4533421K150229,true,2017-09-18T07:21:05.000Z,37,GOOD,GOOD,2017-09-18T07:40:55.000Z,CE,LineString,7.67753,45.05171,7.67753,45.05171,-1,-1,-1,-1,0,,,,,,,,,
84,Torino,1968,2566,"Via S. Donato, 44/F, 10144 Torino TO",car2go,1505713695,438,2554,482/FK873LX,"Corso Peschiera, 66-102, 10141 Torino TO",1505712065,WME4530421Y135145,true,2017-09-18T07:21:05.000Z,84,GOOD,GOOD,2017-09-18T07:48:15.000Z,CE,LineString,7.66435,45.08048,7.65712,45.0618,1516,3292,2017-09-18T08:19:29.000Z,1505715569,2151,,,,,,,,,
34,Torino,5477,7216,"Via Monte Sei Busi, 4, 10135 Torino TO",car2go,1505714097,1223,7714,291/FF226SJ,"Via Ottavio Revel, 10121 Torino TO",1505712065,WME4533421K152905,true,2017-09-18T07:21:05.000Z,34,GOOD,GOOD,2017-09-18T07:54:57.000Z,CE,LineString,7.62323,45.01633,7.66781,45.07,2079,7798,2017-09-18T08:35:02.000Z,1505716502,6915,,,,,,,,,
43,Torino,361,451,"Corso Regio Parco, 153, 10154 Torino TO",enjoy,1505715247,152,651,EZ090TY,"Corso Taranto, 179, 10154 Torino TO",1505712107,,,2017-09-18T07:21:47.000Z,38,,,2017-09-18T08:14:07.000Z,,LineString,7.7148404,45.090946,7.7153144,45.094723,-1,-1,-1,-1,421,2,99,141,,8,1,Fiat 500,false,355723
73,Torino,3092,4196,"Via Vische, 6, 10147 Torino TO",enjoy,1505713363,870,5075,EZ260GW,"Corso Regio Parco, 23, 10152 Torino TO",1505712107,,,2017-09-18T07:21:47.000Z,70,,,2017-09-18T07:42:43.000Z,,LineString,7.664858,45.104652,7.6949925,45.077187,1803,5191,2017-09-18T08:27:29.000Z,1505716049,3860,2,99,100,141,8,1,Fiat 500,false,410318
85,Torino,1552,2047,"Via Val della Torre, 10149 Torino TO",enjoy,1505713554,543,2491,EZ226GW,"Via Vagnone, 16, 10144 Torino TO",1505712107,,,2017-09-18T07:21:47.000Z,84,,,2017-09-18T07:45:54.000Z,,LineString,7.657787,45.09344,7.664134,45.08054,805,2067,2017-09-18T07:59:56.000Z,1505714396,1517,2,99,100,141,8,1,Fiat 500,false,421782
38,Torino,1396,1830,"Corso Alcide De Gasperi, 15, 10129 Torino TO",enjoy,1505712870,389,1896,EZ816DD,"Via Sebastiano Grandis, 14, 10121 Torino TO",1505712107,,,2017-09-18T07:21:47.000Z,37,,,2017-09-18T07:34:30.000Z,,LineString,7.6622753,45.05774,7.6679306,45.07185,895,2010,2017-09-18T07:48:03.000Z,1505713683,1629,2,99,100,141,8,1,Fiat 500,false,373228
95,Torino,2079,2771,"Corso Alessandro Tassoni, 4, 10143 Torino TO",enjoy,1505713091,1420,6527,EZ057TY,"Via Maria Vittoria, 10, 10123 Torino TO",1505712107,,,2017-09-18T07:21:47.000Z,93,,,2017-09-18T07:38:11.000Z,,LineString,7.65642,45.07739,7.6849103,45.06748,1337,3578,2017-09-18T08:10:20.000Z,1505715020,2492,2,99,141,,8,1,Fiat 500,false,364527
94,Torino,220,302,"Via Sempione, 158, 10154 Torino TO",enjoy,1505712870,112,302,EZ253GW,"Via Nicola Porpora, 44, 10154 Torino TO",1505712107,,,2017-09-18T07:21:47.000Z,94,,,2017-09-18T07:34:30.000Z,,LineString,7.698698,45.0967,7.698982,45.09727,-1,-1,-1,-1,67,2,99,100,141,8,1,Fiat 500,false,390912
42,Torino,3708,4989,"Corso Grosseto, 234, 10148 Torino TO",enjoy,1505714306,1112,5572,EZ205TY,"Corso S. Maurizio, 16, 10124 Torino TO",1505712107,,,2017-09-18T07:21:47.000Z,40,,,2017-09-18T07:58:26.000Z,,LineString,7.665549,45.105392,7.6943808,45.069893,2276,6186,2017-09-18T08:40:23.000Z,1505716823,4547,2,99,141,,8,1,Fiat 500,false,359937
78,Torino,1700,2306,"Via Vandalino, 24, 10141 Torino TO",car2go,1505712815,489,2558,200/EZ567NP,"Via Vincenzo Lancia, 33-45, 10141 Torino TO",1505712118,WME4513341K750439,false,2017-09-18T07:21:58.000Z,78,GOOD,GOOD,2017-09-18T07:33:35.000Z,CE,LineString,7.62058,45.07182,7.64011,45.06107,1061,2533,2017-09-18T07:52:34.000Z,1505713954,1943,,,,,,,,,
34,Torino,2218,2975,"Via Brindisi, 3, 10152 Torino TO",car2go,1505713495,703,3883,459/FK653LX,"Piazza Carlo Felice, 53, 10123 Torino TO",1505712118,WME4530421Y135074,true,2017-09-18T07:21:58.000Z,34,GOOD,GOOD,2017-09-18T07:44:55.000Z,CE,LineString,7.67318,45.08225,7.67989,45.06325,1358,3723,2017-09-18T08:09:55.000Z,1505714995,2176,,,,,,,,,
60,Torino,-1,-1,"Corso Peschiera, 122-130, 10138 Torino TO",car2go,1505712217,-1,-1,195/EZ569NP,"Corso Peschiera, 122-130, 10138 Torino TO",1505712118,WME4513341K751040,false,2017-09-18T07:21:58.000Z,60,GOOD,GOOD,2017-09-18T07:23:37.000Z,CE,LineString,7.65506,45.06262,7.65506,45.06262,-1,-1,-1,-1,0,,,,,,,,,
21,Torino,-1,-1,"Via Mombasiglio, 82, 10136 Torino TO",car2go,1505713351,-1,-1,303/FF278SJ,"Via Mombasiglio, 82, 10136 Torino TO",1505712169,WME4533421K151234,true,2017-09-18T07:22:49.000Z,21,GOOD,GOOD,2017-09-18T07:42:31.000Z,CE,LineString,7.64014,45.05029,7.64014,45.05029,-1,-1,-1,-1,0,,,,,,,,,
75,Torino,-1,-1,"Corso Moncalieri, 1, 10131 Torino TO",car2go,1505713351,-1,-1,093/FF059NT,"Corso Moncalieri, 1, 10131 Torino TO",1505712169,WME4533421K150282,true,2017-09-18T07:22:49.000Z,75,GOOD,GOOD,2017-09-18T07:42:31.000Z,CE,LineString,7.6981,45.06235,7.6981,45.06235,-1,-1,-1,-1,0,,,,,,,,,
12,Torino,22,29,"Via Giuseppe Pomba, 24A, 10123 Torino TO",car2go,1505712815,254,932,148/FF173NT,"Via Nino Costa, 3, 10123 Torino TO",1505712217,WME4533421K151910,true,2017-09-18T07:23:37.000Z,12,GOOD,GOOD,2017-09-18T07:33:35.000Z,CE,LineString,7.6855,45.06539,7.6855,45.06524,-1,-1,-1,-1,16,,,,,,,,,
15,Torino,863,1161,"Via Refrancore 18, 1, 10151 Torino TO",car2go,1505712963,370,1911,464/FK855LX,"Via Gubbio, 85-91, 10149 Torino TO",1505712268,WME4530421Y135198,true,2017-09-18T07:24:28.000Z,15,GOOD,GOOD,2017-09-18T07:36:03.000Z,CE,LineString,7.66003,45.10605,7.66609,45.09923,754,1466,2017-09-18T07:49:47.000Z,1505713787,894,,,,,,,,,
87,Torino,-1,-1,"Via Varese, 15, 10152 Torino TO",car2go,1505713547,-1,-1,037/FF798KW,"Via Varese, 15, 10152 Torino TO",1505712316,WME4533421K149364,true,2017-09-18T07:25:16.000Z,87,GOOD,GOOD,2017-09-18T07:45:47.000Z,CE,LineString,7.69198,45.08609,7.69198,45.08609,-1,-1,-1,-1,0,,,,,,,,,
81,Torino,1801,2428,"Via Tripoli, 93, 10137 Torino TO",car2go,1505713206,407,2422,113/FF109NT,"Via Pio VII, 24, 10135 Torino TO",1505712316,WME4533421K151240,true,2017-09-18T07:25:16.000Z,81,GOOD,GOOD,2017-09-18T07:40:06.000Z,CE,LineString,7.64468,45.04311,7.65372,45.02791,1711,2644,2017-09-18T08:07:22.000Z,1505714842,1832,,,,,,,,,
54,Torino,-1,-1,"Via Catania, 10, 10153 Torino TO",car2go,1505713158,-1,-1,194/EZ573NP,"Via Catania, 10, 10153 Torino TO",1505712316,WME4513341K751242,false,2017-09-18T07:25:16.000Z,54,GOOD,GOOD,2017-09-18T07:39:18.000Z,CE,LineString,7.69544,45.07533,7.69544,45.07533,-1,-1,-1,-1,0,,,,,,,,,
43,Torino,-1,-1,"Via Moncalvo, 55, 10131 Torino TO",car2go,1505712714,-1,-1,548/FK211PV,"Via Moncalvo, 55, 10131 Torino TO",1505712316,WME4530421Y135093,true,2017-09-18T07:25:16.000Z,43,GOOD,GOOD,2017-09-18T07:31:54.000Z,CE,LineString,7.7097,45.0651,7.7097,45.0651,-1,-1,-1,-1,0,,,,,,,,,
21,Torino,2584,3406,"Via Pavia, 11, 10152 Torino TO",car2go,1505713801,668,3863,242/FF115SJ,"Corso Luigi Kossuth, 1-5, 10132 Torino TO",1505712366,WME4533421K152875,true,2017-09-18T07:26:06.000Z,18,GOOD,GOOD,2017-09-18T07:50:01.000Z,CE,LineString,7.69286,45.08248,7.72256,45.06687,1646,3842,2017-09-18T08:21:40.000Z,1505715700,2905,,,,,,,,,
95,Torino,1747,2256,"Via Valprato, 24, 10155 Torino TO",enjoy,1505713554,521,2914,EZ053TY,"Corso Umbria, 52, 10144 Torino TO",1505712381,,,2017-09-18T07:26:21.000Z,96,,,2017-09-18T07:45:54.000Z,,LineString,7.687877,45.092598,7.665757,45.087498,1190,2466,2017-09-18T08:06:09.000Z,1505714769,1825,2,99,141,,8,1,Fiat 500,false,464009
76,Torino,2900,3820,"Corso Duca degli Abruzzi, 29, 10129 Torino TO",enjoy,1505713363,703,4338,EZ797DD,"Corso Svizzera, 179a, 10149 Torino TO",1505712381,,,2017-09-18T07:26:21.000Z,75,,,2017-09-18T07:42:43.000Z,,LineString,7.6618896,45.061016,7.660285,45.09017,1975,4194,2017-09-18T08:10:28.000Z,1505715028,3242,2,99,100,141,8,1,Fiat 500,false,405204
77,Torino,2795,3629,"Via Gorizia, 98, 10137 Torino TO",enjoy,1505713554,601,3651,EZ137TY,"Corso Inghilterra, 1, 10121 Torino TO",1505712381,,,2017-09-18T07:26:21.000Z,76,,,2017-09-18T07:45:54.000Z,,LineString,7.640646,45.046078,7.663729,45.069046,1726,5217,2017-09-18T08:14:22.000Z,1505715262,3130,2,99,141,,8,1,Fiat 500,false,309762
54,Torino,1189,1494,"Corso Moncalieri, 11, 10131 Torino TO",enjoy,1505713363,373,1530,EZ051TY,"Via Nizza, 2, 10125 Torino TO",1505712381,,,2017-09-18T07:26:21.000Z,54,,,2017-09-18T07:42:43.000Z,,LineString,7.6953197,45.059525,7.679405,45.06169,721,1609,2017-09-18T07:59:27.000Z,1505714367,1272,2,99,,,8,1,Fiat 500,false,414177
75,Torino,-1,-1,"Corso Sella Quintino, 79, 10132 Torino TO",car2go,1505743613,-1,-1,199/FF353NT,"Via Maria Bricca, 33, 10131 Torino TO",1505712417,WME4533421K154648,true,2017-09-18T07:26:57.000Z,75,GOOD,GOOD,2017-09-18T16:06:53.000Z,CE,LineString,7.71307,45.06486,7.70832,45.063,-1,-1,-1,-1,426,,,,,,,,,
90,Torino,2411,3153,"Via Emanuel Giovanni, 2, 10136 Torino TO",car2go,1505713801,594,3158,194/FF348NT,"Corso Inghilterra, 1, 10121 Torino TO",1505712518,WME4533421K152673,true,2017-09-18T07:28:38.000Z,87,GOOD,GOOD,2017-09-18T07:50:01.000Z,CE,LineString,7.6456,45.0485,7.664,45.06946,1671,4756,2017-09-18T08:22:23.000Z,1505715743,2740,,,,,,,,,
53,Torino,1238,1662,"Via Michele Antonio Vibò, 21, 10147 Torino TO",enjoy,1505714306,537,2491,EZ084TY,"Corso Palermo, 101, 10154 Torino TO",1505712609,,,2017-09-18T07:30:09.000Z,52,,,2017-09-18T07:58:26.000Z,,LineString,7.6782255,45.094456,7.6932135,45.088383,1010,2339,2017-09-18T08:18:35.000Z,1505715515,1355,2,99,141,,8,1,Fiat 500,false,352877
15,Torino,537,706,"Piazza Gian Lorenzo Bernini, 2D, 10143 Torino TO",enjoy,1505713091,248,814,EZ996DD,"Via Gropello Giambattista, 28, 10138 Torino TO",1505712609,,,2017-09-18T07:30:09.000Z,14,,,2017-09-18T07:38:11.000Z,,LineString,7.656968,45.076405,7.6637874,45.073483,355,1049,2017-09-18T07:53:06.000Z,1505713986,625,2,99,100,,8,1,Fiat 500,false,477227
94,Torino,20,26,"Via Bossolasco, 15, 10141 Torino TO",enjoy,1505712870,12,26,EZ092TY,"Via Osasco, 13, 10141 Torino TO",1505712609,,,2017-09-18T07:30:09.000Z,94,,,2017-09-18T07:34:30.000Z,,LineString,7.6519685,45.062424,7.651977,45.062576,-1,-1,-1,-1,16,2,99,141,,8,1,Fiat 500,false,365249
54,Torino,1215,1595,"Corso Peschiera, 173-175, 10141 Torino TO",enjoy,1505713363,347,1656,EZ999DD,"Corso Bolzano, 2, 10121 Torino TO",1505712609,,,2017-09-18T07:30:09.000Z,53,,,2017-09-18T07:42:43.000Z,,LineString,7.6481805,45.064884,7.66425,45.06826,1003,2397,2017-09-18T08:00:50.000Z,1505714450,1315,2,99,100,141,8,1,Fiat 500,false,421620
71,Torino,5711,7558,"Via Borgaro, 97-101, 10149 Torino TO",car2go,1505714251,1103,7643,473/FK864LX,"Via Tempio Pausania, 24, 10137 Torino TO",1505712613,WME4530421Y135215,true,2017-09-18T07:30:13.000Z,71,GOOD,GOOD,2017-09-18T07:57:31.000Z,CE,LineString,7.66307,45.10169,7.63123,45.0422,2702,7864,2017-09-18T08:44:40.000Z,1505717080,7067,,,,,,,,,
68,Torino,-1,-1,"Corso Galileo Ferraris, 138, 10129 Torino TO",car2go,1505729291,-1,-1,014/FF764KW,"Via Santa Maria, 7, 10122 Torino TO",1505712613,WME4533421K148658,true,2017-09-18T07:30:13.000Z,68,GOOD,GOOD,2017-09-18T12:08:11.000Z,CE,LineString,7.66141,45.05208,7.67769,45.07209,-1,-1,-1,-1,2564,,,,,,,,,
75,Torino,3105,4032,"Via Emilio Bongiovanni, 10147 Torino TO",car2go,1505714201,589,4250,281/FF200SJ,"Corso Grosseto, 392, 10151 Torino TO",1505712664,WME4533421K152424,true,2017-09-18T07:31:04.000Z,71,GOOD,GOOD,2017-09-18T07:56:41.000Z,CE,LineString,7.68585,45.09959,7.63929,45.10735,1946,4700,2017-09-18T08:36:52.000Z,1505716612,3752,,,,,,,,,
81,Torino,744,957,"Piazza Vincenzo Arbarello, 2e, 10122 Torino TO",car2go,1505714916,446,1672,190/EZ415NP,"Corso Bolzano, 44, 10121 Torino TO",1505712664,WME4513341K746345,false,2017-09-18T07:31:04.000Z,75,GOOD,GOOD,2017-09-18T08:08:36.000Z,CE,LineString,7.67629,45.0738,7.66786,45.07263,598,1283,2017-09-18T08:19:41.000Z,1505715581,674,,,,,,,,,
25,Torino,2745,3614,"Corso Peschiera, 258, 10139 Torino TO",car2go,1505714302,852,4386,292/FF227SJ,"Via Confienza, 9, 10121 Torino TO",1505712714,WME4533421K152955,true,2017-09-18T07:31:54.000Z,25,GOOD,GOOD,2017-09-18T07:58:22.000Z,CE,LineString,7.63759,45.0694,7.67617,45.06937,1598,4036,2017-09-18T08:26:03.000Z,1505715963,3027,,,,,,,,,
81,Torino,2853,3832,"Corso Peschiera, 11, 10141 Torino TO",car2go,1505714357,889,4424,215/FF055SJ,"Via Fratelli Calandra, 22/A, 10123 Torino TO",1505712714,WME4533421K151187,true,2017-09-18T07:31:54.000Z,81,GOOD,GOOD,2017-09-18T07:59:17.000Z,CE,LineString,7.64721,45.06543,7.68798,45.05981,1591,4338,2017-09-18T08:29:38.000Z,1505716178,3260,,,,,,,,,
21,Torino,3815,4986,"Via Monteu da Po, 4-6, 10132 Torino TO",car2go,1505714302,1165,6113,503/FK906LX,"Via Fratelli Ruffini, 11, 10121 Torino TO",1505712714,WME4530421Y135260,true,2017-09-18T07:31:54.000Z,18,GOOD,GOOD,2017-09-18T07:58:22.000Z,CE,LineString,7.72361,45.06947,7.66804,45.07284,1903,5354,2017-09-18T08:33:13.000Z,1505716393,4377,,,,,,,,,
31,Torino,1736,2255,"Via Salbertrand, 35-39, 10146 Torino TO",car2go,1505713801,507,2432,508/FK911LX,"Via Isonzo, 93, 10141 Torino TO",1505712714,WME4530421Y135177,true,2017-09-18T07:31:54.000Z,31,GOOD,GOOD,2017-09-18T07:50:01.000Z,CE,LineString,7.6362,45.07892,7.63843,45.06195,1111,2945,2017-09-18T08:11:22.000Z,1505715082,1893,,,,,,,,,
60,Torino,1312,1673,"Via Pietro Micca, 2, 10121 Torino TO",car2go,1505714097,462,1884,180/EZ512NP,"Corso Stati Uniti, 23, 10128 Torino TO",1505712714,WME4513341K745658,false,2017-09-18T07:31:54.000Z,57,GOOD,GOOD,2017-09-18T07:54:57.000Z,CE,LineString,7.68362,45.0708,7.66984,45.06296,736,1794,2017-09-18T08:08:27.000Z,1505714907,1388,,,,,,,,,
28,Torino,1457,1971,"Corso Potenza, 72-76, 10149 Torino TO",car2go,1505713695,422,2423,425/FK626LX,"Corso Grosseto, 190, 10148 Torino TO",1505712766,WME4530421Y135115,true,2017-09-18T07:32:46.000Z,28,GOOD,GOOD,2017-09-18T07:48:15.000Z,CE,LineString,7.65624,45.09388,7.6703,45.10516,906,1972,2017-09-18T08:23:02.000Z,1505715782,1669,,,,,,,,,
42,Torino,4318,5598,"Via Garessio, 3, 10126 Torino TO",car2go,1505714664,936,7085,186/EZ588NP,"Via Plava, 76-78, 10135 Torino TO",1505712766,WME4513341K747801,false,2017-09-18T07:32:46.000Z,42,GOOD,GOOD,2017-09-18T08:04:24.000Z,CE,LineString,7.66757,45.0319,7.61448,45.02075,2092,8994,2017-09-18T08:52:53.000Z,1505717573,4349,,,,,,,,,
78,Torino,-1,-1,"Via Arbe, 19, 10136 Torino TO",car2go,1505712864,-1,-1,441/FK659LX,"Via Arbe, 19, 10136 Torino TO",1505712815,WME4530421Y135037,true,2017-09-18T07:33:35.000Z,78,GOOD,GOOD,2017-09-18T07:34:24.000Z,CE,LineString,7.63034,45.05421,7.63034,45.05421,-1,-1,-1,-1,0,,,,,,,,,
53,Torino,13,18,"Via Tesso, 26-32, 10149 Torino TO",car2go,1505713351,176,1140,283/FF208SJ,"Via Orvieto, 10, 10149 Torino TO",1505712815,WME4533421K152563,true,2017-09-18T07:33:35.000Z,53,GOOD,GOOD,2017-09-18T07:42:31.000Z,CE,LineString,7.67085,45.09187,7.67077,45.09177,-1,-1,-1,-1,12,,,,,,,,,
56,Torino,2910,3909,"Via Giuseppe Pomba, 19, 10123 Torino TO",car2go,1505713801,1015,4934,297/FF039SJ,"Via Livorno, 58, 10144 Torino TO",1505712815,WME4533421K152474,true,2017-09-18T07:33:35.000Z,56,GOOD,GOOD,2017-09-18T07:50:01.000Z,CE,LineString,7.68489,45.06469,7.67055,45.08888,1834,4814,2017-09-18T08:21:04.000Z,1505715664,2914,,,,,,,,,
65,Torino,2723,3565,"Via Antonio Canova, 10-12, 10126 Torino TO",car2go,1505714050,738,3825,538/FK818LX,"Via Ottavio Revel, 5, 10121 Torino TO",1505712815,WME4530421Y135144,true,2017-09-18T07:33:35.000Z,65,GOOD,GOOD,2017-09-18T07:54:10.000Z,CE,LineString,7.67078,45.04503,7.66919,45.06957,1057,3829,2017-09-18T08:12:21.000Z,1505715141,2729,,,,,,,,,
100,Torino,3069,4003,"Piazza del Donatore di Sangue, 3, 10154 Torino TO",car2go,1505714916,859,4470,203/FF366NT,"Via Giuseppe Maria Bonzanigo, 7-9, 10144 Torino TO",1505712864,WME4533421K151679,true,2017-09-18T07:34:24.000Z,100,GOOD,GOOD,2017-09-18T08:08:36.000Z,CE,LineString,7.7014,45.09644,7.6688,45.07962,2043,4447,2017-09-18T08:46:59.000Z,1505717219,3167,,,,,,,,,
83,Torino,5400,7074,"Via Duino, 121-127, 10127 Torino TO",enjoy,1505714306,1101,7590,EZ010TY,"Corso Inghilterra, 43, 10138 Torino TO",1505712870,,,2017-09-18T07:34:30.000Z,77,,,2017-09-18T07:58:26.000Z,,LineString,7.649607,45.019646,7.667514,45.074482,1281,7607,2017-09-18T08:27:14.000Z,1505716034,6253,2,99,141,,8,1,Fiat 500,false,434667
74,Torino,3005,4018,"Via Monginevro, 86, 10141 Torino TO",enjoy,1505714306,773,4047,EZ049TY,"Piazza Arturo Graf, 128, 10126 Torino TO",1505712870,,,2017-09-18T07:34:30.000Z,71,,,2017-09-18T07:58:26.000Z,,LineString,7.6411715,45.064667,7.6734195,45.044437,1924,4625,2017-09-18T08:29:57.000Z,1505716197,3385,2,99,141,,8,1,Fiat 500,false,483781
70,Torino,80,108,"Via Cardinale Maurilio Fossati, 2-4, 10141 Torino TO",enjoy,1505713091,46,210,EZ182TY,"Via Cardinale Maurilio Fossati, 5c, 10141 Torino TO",1505712870,,,2017-09-18T07:34:30.000Z,70,,,2017-09-18T07:38:11.000Z,,LineString,7.6346636,45.069927,7.634742,45.06964,-1,-1,-1,-1,32,2,99,141,,8,1,Fiat 500,false,443214
52,Torino,2900,3800,"Via Vittorio Asinari di Bernezzo, 21-23, 10145 Torino TO",enjoy,1505714042,1380,6803,EZ035TY,"Via XX Settembre, 47, 10121 Torino TO",1505712870,,,2017-09-18T07:34:30.000Z,51,,,2017-09-18T07:54:02.000Z,,LineString,7.638549,45.07928,7.681292,45.069042,1814,4970,2017-09-18T08:27:03.000Z,1505716023,3541,2,99,141,,8,1,Fiat 500,false,458705
66,Torino,2438,3205,"Via Nicola Porpora, 36, 10154 Torino TO",enjoy,1505715247,741,3949,EZ070TY,"Corso Ottone Rosai, 38, 10144 Torino TO",1505712870,,,2017-09-18T07:34:30.000Z,64,,,2017-09-18T08:14:07.000Z,,LineString,7.698331,45.098442,7.6708317,45.08653,1574,3516,2017-09-18T08:45:10.000Z,1505717110,2531,2,99,141,,8,1,Fiat 500,false,303739
41,Torino,2,3,"Via Giuseppe Pomba, 14-16, 10123 Torino TO",enjoy,1505713363,1,3,EZ744DD,"Via Giuseppe Pomba, 14-16, 10123 Torino TO",1505712870,,,2017-09-18T07:34:30.000Z,41,,,2017-09-18T07:42:43.000Z,,LineString,7.6848216,45.064434,7.684878,45.06444,-1,-1,-1,-1,4,2,99,100,141,8,1,Fiat 500,false,408838
75,Torino,3151,4221,"Via Saorgio, 134-148, 10147 Torino TO",enjoy,1505714042,1016,4951,EZ804DD,"Via Santa Giulia, 5, 10124 Torino TO",1505712870,,,2017-09-18T07:34:30.000Z,73,,,2017-09-18T07:54:02.000Z,,LineString,7.6699934,45.10295,7.692882,45.07291,2423,5049,2017-09-18T08:31:44.000Z,1505716304,3790,2,99,100,141,8,1,Fiat 500,false,423394
88,Torino,3150,4141,"Via Buenos Aires, 38, 10137 Torino TO",enjoy,1505714533,797,4569,EZ117GW,"Corso Inghilterra, 1, 10121 Torino TO",1505712870,,,2017-09-18T07:34:30.000Z,85,,,2017-09-18T08:02:13.000Z,,LineString,7.643703,45.0364,7.6636815,45.068947,1579,4417,2017-09-18T08:33:07.000Z,1505716387,3942,2,99,100,141,8,1,Fiat 500,false,405755
60,Torino,2283,3050,"Corso Peschiera, 122-130, 10138 Torino TO",car2go,1505714302,782,3811,195/EZ569NP,"Via Giuseppe Pomba, 19, 10123 Torino TO",1505712912,WME4513341K751040,false,2017-09-18T07:35:12.000Z,60,GOOD,GOOD,2017-09-18T07:58:22.000Z,CE,LineString,7.65506,45.06262,7.68485,45.06471,1303,3476,2017-09-18T08:22:51.000Z,1505715771,2349,,,,,,,,,
100,Torino,4021,5491,"Via Chambéry 93, 125-127, 10142 Torino TO",car2go,1505714302,729,7182,164/FF189NT,"Via Nole, 55, 10149 Torino TO",1505712963,WME4533421K152828,true,2017-09-18T07:36:03.000Z,100,GOOD,GOOD,2017-09-18T07:58:22.000Z,CE,LineString,7.61033,45.06889,7.65902,45.09172,2500,5655,2017-09-18T08:43:24.000Z,1505717004,4586,,,,,,,,,
81,Torino,5485,7180,"Via Piacenza, 23-27, 10127 Torino TO",car2go,1505714563,1229,7685,124/FG348FH,"Via Sant'Ambrogio, 25, 10139 Torino TO",1505713060,WME4533421K152394,true,2017-09-18T07:37:40.000Z,78,GOOD,GOOD,2017-09-18T08:02:43.000Z,CE,LineString,7.64706,45.02018,7.63229,45.07234,2928,7215,2017-09-18T08:55:32.000Z,1505717732,5911,,,,,,,,,
40,Torino,2707,3555,"Corso Molise, 49-55, 10151 Torino TO",car2go,1505713801,465,3555,129/FF138NT,"Via Sostegno, 10-14, 10146 Torino TO",1505713060,WME4533421K152660,true,2017-09-18T07:37:40.000Z,40,GOOD,GOOD,2017-09-18T07:50:01.000Z,CE,LineString,7.63798,45.10315,7.61907,45.076,915,3547,2017-09-18T08:19:11.000Z,1505715551,3362,,,,,,,,,
71,Torino,7375,9847,"Corso Benedetto Croce, 26, 10135 Torino TO",car2go,1505715168,1641,11555,296/FF242SJ,"Via Poliziano, 41, 10153 Torino TO",1505713060,WME4533421K154256,true,2017-09-18T07:37:40.000Z,68,GOOD,GOOD,2017-09-18T08:12:48.000Z,CE,LineString,7.64479,45.0204,7.7163,45.07658,3608,11571,2017-09-18T09:13:26.000Z,1505718806,8396,,,,,,,,,
94,Torino,2175,2875,"Via Cardinale Guglielmo Massaia, 90, 10147 Torino TO",enjoy,1505714533,473,2885,EZ118GW,"Corso Principe Oddone, 3, 10144 Torino TO",1505713091,,,2017-09-18T07:38:11.000Z,91,,,2017-09-18T08:02:13.000Z,,LineString,7.6691294,45.101982,7.6693506,45.078243,1068,3225,2017-09-18T08:22:11.000Z,1505715731,2638,2,99,100,141,8,1,Fiat 500,false,400656
48,Torino,1899,2549,"Corso Carlo e Nello Rosselli, 5, 10128 Torino TO",enjoy,1505715746,523,2634,EZ069TY,"Via Nizza, 250-256, 10126 Torino TO",1505713091,,,2017-09-18T07:38:11.000Z,45,,,2017-09-18T08:22:26.000Z,,LineString,7.664454,45.050873,7.6672435,45.03223,924,2750,2017-09-18T08:38:41.000Z,1505716721,2083,2,99,141,,8,1,Fiat 500,false,325782
45,Torino,2666,3435,"Via Rimini, 8b, 10153 Torino TO",enjoy,1505715022,793,3844,EZ831DD,"Corso Regina Margherita, 160, 10152 Torino TO",1505713091,,,2017-09-18T07:38:11.000Z,44,,,2017-09-18T08:10:22.000Z,,LineString,7.716553,45.071198,7.677815,45.078884,1549,3443,2017-09-18T08:39:18.000Z,1505716758,3157,2,99,100,141,8,1,Fiat 500,false,395297
64,Torino,1410,1854,"Corso Mediterraneo, 72, 10129 Torino TO",enjoy,1505715022,311,1819,EZ112TY,"Corso Inghilterra, 1, 10121 Torino TO",1505713091,,,2017-09-18T07:38:11.000Z,64,,,2017-09-18T08:10:22.000Z,,LineString,7.6550035,45.054047,7.663567,45.068764,1037,2331,2017-09-18T08:33:27.000Z,1505716407,1768,2,99,,,8,1,Fiat 500,false,318903
91,Torino,2015,2657,"Via Crevacuore, 23, 10146 Torino TO",enjoy,1505713817,613,3193,EZ791DD,"Via Luigi Cibrario, 4, 10143 Torino TO",1505713091,,,2017-09-18T07:38:11.000Z,90,,,2017-09-18T07:50:17.000Z,,LineString,7.6358867,45.081104,7.6681366,45.077282,978,3038,2017-09-18T08:06:18.000Z,1505714778,2565,2,99,100,,8,1,Fiat 500,false,458044
45,Torino,2334,3081,"Via Arbe, 12-20, 10136 Torino TO",enjoy,1505713817,512,3142,EZ096TY,"Corso Castelfidardo, 30A, 10129 Torino TO",1505713091,,,2017-09-18T07:38:11.000Z,43,,,2017-09-18T07:50:17.000Z,,LineString,7.6317835,45.055096,7.66077,45.065144,1869,4443,2017-09-18T08:25:14.000Z,1505715914,2534,2,99,141,,8,1,Fiat 500,false,435072
75,Torino,2155,2796,"Via Bernardino Drovetti, 11, 10138 Torino TO",car2go,1505714097,584,3159,019/FF777KW,"Via Giovanni Fattori, 2-12, 10141 Torino TO",1505713106,WME4533421K148794,true,2017-09-18T07:38:26.000Z,75,GOOD,GOOD,2017-09-18T07:54:57.000Z,CE,LineString,7.66638,45.0753,7.63786,45.06826,1244,3435,2017-09-18T08:16:50.000Z,1505715410,2370,,,,,,,,,
59,Torino,4234,5351,"Corso Moncalieri, 276-282, 10133 Torino TO",car2go,1505715857,1631,10214,287/FF213SJ,"Corso Bolzano, 24, 10121 Torino TO",1505713106,WME4533421K152593,true,2017-09-18T07:38:26.000Z,56,GOOD,GOOD,2017-09-18T08:24:17.000Z,CE,LineString,7.68034,45.03505,7.66636,45.07115,1242,5800,2017-09-18T08:57:31.000Z,1505717851,4159,,,,,,,,,
50,Torino,3122,4099,"Via Principe Tommaso, 20, 10125 Torino TO",car2go,1505714664,864,4641,488/FK891LX,"Via Filadelfia, 110-112, 10137 Torino TO",1505713106,WME4530421Y135234,true,2017-09-18T07:38:26.000Z,46,GOOD,GOOD,2017-09-18T08:04:24.000Z,CE,LineString,7.68146,45.05767,7.64648,45.04157,2011,5845,2017-09-18T08:37:59.000Z,1505716679,3277,,,,,,,,,
71,Torino,1939,2580,"Corso Ciriè, 12, 10152 Torino TO",car2go,1505714813,808,4203,040/FF812KW,"Via dell'Arcivescovado, 6-8, 10121 Torino TO",1505713106,WME4533421K150075,true,2017-09-18T07:38:26.000Z,68,GOOD,GOOD,2017-09-18T08:06:53.000Z,CE,LineString,7.67574,45.08378,7.67925,45.06668,1432,3333,2017-09-18T08:28:47.000Z,1505716127,1920,,,,,,,,,
100,Torino,1117,1422,"Corso Verona, 38, 10153 Torino TO",car2go,1505715959,566,2471,458/FK652LX,"Via delle Rosine, 2D, 10123 Torino TO",1505713158,WME4530421Y135073,true,2017-09-18T07:39:18.000Z,100,GOOD,GOOD,2017-09-18T08:25:59.000Z,CE,LineString,7.69872,45.07589,7.69241,45.06654,659,1650,2017-09-18T08:33:58.000Z,1505716438,1150,,,,,,,,,
21,Torino,999,1323,"Corso Duca degli Abruzzi, 83, 10129 Torino TO",car2go,1505716223,292,1541,101/FF084NT,"Via Francesco Morosini, 23E, 10129 Torino TO",1505713206,WME4533421K146852,true,2017-09-18T07:40:06.000Z,18,GOOD,GOOD,2017-09-18T08:30:23.000Z,CE,LineString,7.65772,45.05503,7.66191,45.06474,684,1689,2017-09-18T08:49:44.000Z,1505717384,1128,,,,,,,,,
75,Torino,3936,5140,"Corso Unione Sovietica 252 bis, 10134 Torino TO",car2go,1505714302,968,5512,504/FK907LX,"Piazza Vincenzo Arbarello, 7, 10122 Torino TO",1505713206,WME4530421Y135261,true,2017-09-18T07:40:06.000Z,71,GOOD,GOOD,2017-09-18T07:58:22.000Z,CE,LineString,7.64689,45.03457,7.67622,45.07365,2479,5994,2017-09-18T08:45:16.000Z,1505717116,4915,,,,,,,,,
40,Torino,1892,2515,"Corso Sebastopoli, 181A, 10137 Torino TO",car2go,1505714251,577,2895,509/FK912LX,"Via Severino Casana, 4, 10135 Torino TO",1505713206,WME4530421Y135210,true,2017-09-18T07:40:06.000Z,37,GOOD,GOOD,2017-09-18T07:57:31.000Z,CE,LineString,7.64312,45.04576,7.64475,45.02843,1210,2878,2017-09-18T08:26:03.000Z,1505715963,1930,,,,,,,,,
12,Torino,-1,-1,"Via Nino Costa, 3, 10123 Torino TO",car2go,1505734580,-1,-1,148/FF173NT,"Via Amerigo Vespucci, 38, 10129 Torino TO",1505713206,WME4533421K151910,true,2017-09-18T07:40:06.000Z,100,GOOD,GOOD,2017-09-18T13:36:20.000Z,CE,LineString,7.6855,45.06524,7.66183,45.05642,-1,-1,-1,-1,2100,,,,,,,,,
75,Torino,4930,6545,"Corso Unione Sovietica, 2-20, 10135 Torino TO",car2go,1505714201,1075,6683,506/FK909LX,"Via Cesare Lombroso, 27, 10125 Torino TO",1505713206,WME4530421Y135122,true,2017-09-18T07:40:06.000Z,71,GOOD,GOOD,2017-09-18T07:56:41.000Z,CE,LineString,7.63256,45.01857,7.68501,45.05547,1933,8672,2017-09-18T08:38:16.000Z,1505716696,5811,,,,,,,,,
15,Torino,5748,7407,"Lungo Dora Napoli, 32, 10152 Torino TO",car2go,1505714813,1338,8622,540/FK820LX,"Via Pietro Frattini, 2-6, 10137 Torino TO",1505713255,WME4530421Y135142,true,2017-09-18T07:40:55.000Z,12,GOOD,GOOD,2017-09-18T08:06:53.000Z,CE,LineString,7.68281,45.08403,7.62877,45.03633,3855,10263,2017-09-18T09:09:20.000Z,1505718560,6788,,,,,,,,,
37,Torino,-1,-1,"Via Camerana Giovanni, 14, 10128 Torino TO",car2go,1505713906,-1,-1,299/FF249SJ,"Via Camerana Giovanni, 14, 10128 Torino TO",1505713255,WME4533421K152526,true,2017-09-18T07:40:55.000Z,37,GOOD,GOOD,2017-09-18T07:51:46.000Z,CE,LineString,7.67583,45.0615,7.67583,45.0615,-1,-1,-1,-1,0,,,,,,,,,
43,Torino,-1,-1,"Lungo Dora Pietro Colletta, 10154 Torino TO",car2go,1505714456,-1,-1,015/FF771KW,"Lungo Dora Pietro Colletta, 10154 Torino TO",1505713255,WME4533421K140767,true,2017-09-18T07:40:55.000Z,43,GOOD,GOOD,2017-09-18T08:00:56.000Z,CE,LineString,7.71706,45.07613,7.71706,45.07613,-1,-1,-1,-1,0,,,,,,,,,
21,Torino,4336,5747,"Corso Luigi Einaudi, 50-64, 10129 Torino TO",car2go,1505714864,1004,6110,254/FF141SJ,"Via Sempione, 158, 10154 Torino TO",1505713304,WME4533421K154636,true,2017-09-18T07:41:44.000Z,18,GOOD,GOOD,2017-09-18T08:07:44.000Z,CE,LineString,7.65873,45.0613,7.69868,45.09671,2563,6840,2017-09-18T08:52:42.000Z,1505717562,5030,,,,,,,,,
37,Torino,851,1124,"Corso Raffaello, 14, 10126 Torino TO",car2go,1505713743,248,1162,089/FF055NT,"Via Nizza, 11-13, 10125 Torino TO",1505713304,WME4533421K150229,true,2017-09-18T07:41:44.000Z,37,GOOD,GOOD,2017-09-18T07:49:03.000Z,CE,LineString,7.67753,45.05171,7.67893,45.06062,677,2045,2017-09-18T08:01:46.000Z,1505714506,996,,,,,,,,,
43,Torino,146,193,"Corso Re Umberto, 87, 10128 Torino TO",car2go,1505715374,141,632,516/FK993MC,"Corso Re Umberto, 72, 10128 Torino TO",1505713304,WME4530421Y135256,true,2017-09-18T07:41:44.000Z,40,GOOD,GOOD,2017-09-18T08:16:14.000Z,CE,LineString,7.66701,45.05465,7.66765,45.05604,-1,-1,-1,-1,162,,,,,,,,,
87,Torino,2400,3196,"Corso Lecce, 63-73, 10145 Torino TO",car2go,1505714664,857,5883,256/FF144SJ,"Via Pavone, 4, 10147 Torino TO",1505713351,WME4533421K150440,true,2017-09-18T07:42:31.000Z,87,GOOD,GOOD,2017-09-18T08:04:24.000Z,CE,LineString,7.64897,45.08381,7.67907,45.09353,1839,4705,2017-09-18T08:39:05.000Z,1505716745,2596,,,,,,,,,
59,Torino,-1,-1,"Corso Novara, 6a, 10152 Torino TO",car2go,1505714563,-1,-1,328/FF053VV,"Corso Novara, 6a, 10152 Torino TO",1505713351,WME4533421K152738,true,2017-09-18T07:42:31.000Z,59,GOOD,GOOD,2017-09-18T08:02:43.000Z,CE,LineString,7.68853,45.08856,7.68853,45.08856,-1,-1,-1,-1,0,,,,,,,,,
31,Torino,7494,9952,"Via Alessandro Cruto, 1040, 10154 Torino TO",enjoy,1505715978,1583,11841,EZ159TY,"Via Beinette, 21A, 10127 Torino TO",1505713363,,,2017-09-18T07:42:43.000Z,29,,,2017-09-18T08:26:18.000Z,,LineString,7.707135,45.093155,7.6594586,45.020603,3732,11097,2017-09-18T09:30:18.000Z,1505719818,8888,2,99,141,,8,1,Fiat 500,false,366075
37,Torino,3,5,"Str. del Lionetto, 6, 10146 Torino TO",enjoy,1505713817,1,5,EZ156TY,"Str. del Lionetto, 6, 10146 Torino TO",1505713363,,,2017-09-18T07:42:43.000Z,37,,,2017-09-18T07:50:17.000Z,,LineString,7.629534,45.076294,7.629557,45.076332,-1,-1,-1,-1,4,2,99,141,,8,1,Fiat 500,false,475578
100,Torino,2407,3204,"Via Bistagno, 5, 10136 Torino TO",enjoy,1505715518,696,3847,EZ108TY,"Via Governolo, 14A, 10128 Torino TO",1505713363,,,2017-09-18T07:42:43.000Z,100,,,2017-09-18T08:18:38.000Z,,LineString,7.640035,45.050793,7.6711726,45.057026,1750,3617,2017-09-18T08:46:46.000Z,1505717206,2540,2,99,141,,8,1,Fiat 500,false,363441
83,Torino,3990,5182,"Via Gottardo, 99, 10155 Torino TO",enjoy,1505714798,981,6214,EZ131GW,"Via Michele Lessona, 30, 10145 Torino TO",1505713363,,,2017-09-18T07:42:43.000Z,77,,,2017-09-18T08:06:38.000Z,,LineString,7.6962023,45.098022,7.64654,45.083225,2350,6855,2017-09-18T08:50:19.000Z,1505717419,4228,2,99,100,141,8,1,Fiat 500,false,457545
41,Torino,2621,3358,"Via Montebello, 37, 10124 Torino TO",enjoy,1505715746,807,4669,EZ985DD,"Via Pietro Piffetti, 49, 10143 Torino TO",1505713363,,,2017-09-18T07:42:43.000Z,41,,,2017-09-18T08:22:26.000Z,,LineString,7.6952224,45.072506,7.6566353,45.077023,1592,4562,2017-09-18T08:50:23.000Z,1505717423,3069,2,99,100,141,8,1,Fiat 500,false,381805
60,Torino,1745,2372,"Corso Bolzano, 8, 10121 Torino TO",enjoy,1505714306,874,3519,EZ837DD,"Via Po, 10A, 10123 Torino TO",1505713363,,,2017-09-18T07:42:43.000Z,60,,,2017-09-18T07:58:26.000Z,,LineString,7.6645265,45.068905,7.688358,45.069286,1138,2910,2017-09-18T08:26:01.000Z,1505715961,1870,2,99,100,141,8,1,Fiat 500,false,482285
29,Torino,1389,1819,"Via Mario Pannunzio, 21, 10127 Torino TO",enjoy,1505714798,385,2170,EZ264GW,"Via Nichelino, 1-5, 10135 Torino TO",1505713363,,,2017-09-18T07:42:43.000Z,28,,,2017-09-18T08:06:38.000Z,,LineString,7.656077,45.02399,7.6372366,45.02403,785,2617,2017-09-18T08:17:29.000Z,1505715449,1479,2,99,100,141,8,1,Fiat 500,false,426125
78,Torino,3052,3941,"Via Grazia Deledda, 3-5, 10153 Torino TO",enjoy,1505715518,922,4548,EZ114GW,"Via Giovanni Botero, 17, 10122 Torino TO",1505713363,,,2017-09-18T07:42:43.000Z,75,,,2017-09-18T08:18:38.000Z,,LineString,7.7222238,45.075993,7.6790953,45.07093,1804,4406,2017-09-18T08:49:47.000Z,1505717387,3431,2,99,100,141,8,1,Fiat 500,false,416105
44,Torino,3376,4453,"Via Bobbio, 6, 10141 Torino TO",enjoy,1505715247,769,4866,EZ234GW,"Corso Luigi Settembrini, 2-20, 10135 Torino TO",1505713363,,,2017-09-18T07:42:43.000Z,41,,,2017-09-18T08:14:07.000Z,,LineString,7.654446,45.05818,7.6337924,45.02343,1540,4887,2017-09-18T08:43:45.000Z,1505717025,4188,2,99,100,141,8,1,Fiat 500,false,444951
93,Torino,1310,1757,"Via Maria Vittoria, 10, 10123 Torino TO",enjoy,1505714798,644,2569,EZ057TY,"Via Carlo Ignazio Giulio, 21, 10122 Torino TO",1505713363,,,2017-09-18T07:42:43.000Z,90,,,2017-09-18T08:06:38.000Z,,LineString,7.6849103,45.06748,7.677138,45.077656,811,1976,2017-09-18T08:22:39.000Z,1505715759,1284,2,99,141,,8,1,Fiat 500,false,364527
81,Torino,815,1085,"Via Giuseppe Giacosa, 9, 10125 Torino TO",enjoy,1505714798,546,2461,EZ242GW,"Corso Turati Filippo, 27, 10128 Torino TO",1505713363,,,2017-09-18T07:42:43.000Z,80,,,2017-09-18T08:06:38.000Z,,LineString,7.6781006,45.05603,7.668707,45.052475,757,1176,2017-09-18T08:16:30.000Z,1505715390,836,2,99,100,141,8,1,Fiat 500,false,431551
90,Torino,3015,3835,"Lungo Dora Voghera, 34, 10153 Torino TO",car2go,1505714302,1084,6095,449/FK642LX,"Via Fratelli Ruffini, 4, 10121 Torino TO",1505713401,WME4530421Y135054,true,2017-09-18T07:43:21.000Z,87,GOOD,GOOD,2017-09-18T07:58:22.000Z,CE,LineString,7.71091,45.07429,7.66808,45.07281,2207,6323,2017-09-18T08:34:38.000Z,1505716478,3365,,,,,,,,,
28,Torino,7183,9374,"Via Mario Pannunzio, 1, 10127 Torino TO",car2go,1505715959,1554,10124,304/FF279SJ,"Corso Potenza, 154, 10149 Torino TO",1505713401,WME4533421K151330,true,2017-09-18T07:43:21.000Z,25,GOOD,GOOD,2017-09-18T08:25:59.000Z,CE,LineString,7.65594,45.02659,7.6607,45.10053,2758,10437,2017-09-18T09:12:55.000Z,1505718775,8225,,,,,,,,,
71,Torino,1886,2434,"Via Pastrengo, 1, 10128 Torino TO",car2go,1505714302,482,2449,259/FF148SJ,"Corso Francesco Ferrucci 77, 79, 10138 Torino TO",1505713448,WME4533421K150592,true,2017-09-18T07:44:08.000Z,71,GOOD,GOOD,2017-09-18T07:58:22.000Z,CE,LineString,7.67358,45.05849,7.65622,45.0678,1283,2572,2017-09-18T08:14:06.000Z,1505715246,1710,,,,,,,,,
12,Torino,-1,-1,"Corso Galileo Ferraris, 120, 10129 Torino TO",car2go,1505715959,-1,-1,180/FF334NT,"Corso Galileo Ferraris, 120, 10129 Torino TO",1505713495,WME4533421K149939,true,2017-09-18T07:44:55.000Z,12,GOOD,GOOD,2017-09-18T08:25:59.000Z,CE,LineString,7.66241,45.05354,7.66241,45.05354,-1,-1,-1,-1,0,,,,,,,,,
38,Torino,1,2,"Corso Raffaello, 14, 10126 Torino TO",enjoy,1505714798,0,2,EZ058TY,"Corso Raffaello, 17, 10125 Torino TO",1505713554,,,2017-09-18T07:45:54.000Z,38,,,2017-09-18T08:06:38.000Z,,LineString,7.677789,45.051624,7.6779156,45.05185,-1,-1,-1,-1,27,2,99,141,,8,1,Fiat 500,false,353367
60,Torino,1987,2609,"Via Paolo Braccini, 20, 10141 Torino TO",enjoy,1505714533,671,3142,EZ993DD,"Via Antonio Bertola, 43, 10122 Torino TO",1505713554,,,2017-09-18T07:45:54.000Z,57,,,2017-09-18T08:02:13.000Z,,LineString,7.653934,45.059776,7.67298,45.07283,1401,2856,2017-09-18T08:29:34.000Z,1505716174,2083,2,99,100,141,8,1,Fiat 500,false,408414
100,Torino,3004,3920,"Piazza Gian Lorenzo Bernini, 2D, 10143 Torino TO",enjoy,1505715518,838,4276,EZ199GW,"Via Emanuel Giovanni, 18, 10136 Torino TO",1505713554,,,2017-09-18T07:45:54.000Z,100,,,2017-09-18T08:18:38.000Z,,LineString,7.6569347,45.076416,7.644597,45.04704,1931,5085,2017-09-18T08:53:38.000Z,1505717618,3405,2,99,100,141,8,1,Fiat 500,false,307271
80,Torino,8,12,"Corso Francia, 260, 10146 Torino TO",enjoy,1505713817,166,1117,EZ783DD,"Corso Francia, 260, 10146 Torino TO",1505713554,,,2017-09-18T07:45:54.000Z,80,,,2017-09-18T07:50:17.000Z,,LineString,7.629715,45.07513,7.629836,45.07553,-1,-1,-1,-1,45,2,99,100,141,8,1,Fiat 500,false,482409
31,Torino,1607,2122,"Via Saverio Mercadante, 43, 10154 Torino TO",enjoy,1505714533,607,3317,EZ770DD,"Via Catania, 14-16, 10153 Torino TO",1505713554,,,2017-09-18T07:45:54.000Z,29,,,2017-09-18T08:02:13.000Z,,LineString,7.699382,45.091816,7.6961427,45.07572,1200,2533,2017-09-18T08:31:52.000Z,1505716312,1806,2,99,100,141,8,1,Fiat 500,false,332377
21,Torino,3049,4063,"Via Nizza, 27, 10125 Torino TO",enjoy,1505716208,1111,5478,EZ794DD,"Via Bologna, 131, 10154 Torino TO",1505713554,,,2017-09-18T07:45:54.000Z,20,,,2017-09-18T08:30:08.000Z,,LineString,7.6776443,45.058834,7.703772,45.0863,1968,5196,2017-09-18T09:07:24.000Z,1505718444,3676,2,99,100,141,8,1,Fiat 500,false,379456
94,Torino,4042,5454,"Via Osasco, 13, 10141 Torino TO",enjoy,1505715978,1059,5568,EZ092TY,"Via Pietro Cavezzale, 1-5, 10124 Torino TO",1505713554,,,2017-09-18T07:45:54.000Z,94,,,2017-09-18T08:26:18.000Z,,LineString,7.651977,45.062576,7.703949,45.069073,2090,6127,2017-09-18T09:00:32.000Z,1505718032,4142,2,99,141,,8,1,Fiat 500,false,365249
78,Torino,2068,2713,"Via Stradella, 68, 10147 Torino TO",enjoy,1505715247,435,2997,EZ910DF,"Corso Inghilterra, 43, 10138 Torino TO",1505713554,,,2017-09-18T07:45:54.000Z,75,,,2017-09-18T08:14:07.000Z,,LineString,7.6744475,45.09398,7.6674466,45.074364,1259,3370,2017-09-18T08:35:59.000Z,1505716559,2247,2,99,100,141,8,1,Fiat 500,false,393687
61,Torino,1203,1589,"Corso Peschiera, 163-171, 10141 Torino TO",enjoy,1505714306,278,1598,EZ233GW,"Corso Galileo Ferraris, 1966, 10128 Torino TO",1505713554,,,2017-09-18T07:45:54.000Z,60,,,2017-09-18T07:58:26.000Z,,LineString,7.6493783,45.064613,7.6666408,45.05935,631,1444,2017-09-18T08:09:08.000Z,1505714948,1475,2,99,100,141,8,1,Fiat 500,false,447013
100,Torino,3061,4096,"Corso Racconigi, 140, 10141 Torino TO",car2go,1505715594,861,4379,467/FK858LX,"Via S. Pio V, 19-25, 10125 Torino TO",1505713648,WME4530421Y135209,true,2017-09-18T07:47:28.000Z,100,GOOD,GOOD,2017-09-18T08:19:54.000Z,CE,LineString,7.64507,45.0623,7.68561,45.0594,1875,4638,2017-09-18T08:54:14.000Z,1505717654,3198,,,,,,,,,
56,Torino,2221,2873,"Corso Casale, 101/A, 10132 Torino TO",car2go,1505714813,527,2885,496/FK899LX,"Corso Vittorio Emanuele II, 42, 10123 Torino TO",1505713648,WME4530421Y135250,true,2017-09-18T07:47:28.000Z,56,GOOD,GOOD,2017-09-18T08:06:53.000Z,CE,LineString,7.71254,45.06793,7.68304,45.06143,986,3252,2017-09-18T08:28:10.000Z,1505716090,2425,,,,,,,,,
50,Torino,1378,1824,"Via S. Paolo, 96, 10141 Torino TO",car2go,1505714916,436,2098,502/FK905LX,"Via Colombo Cristoforo, 19, 10129 Torino TO",1505713648,WME4530421Y135259,true,2017-09-18T07:47:28.000Z,50,GOOD,GOOD,2017-09-18T08:08:36.000Z,CE,LineString,7.64276,45.05978,7.66392,45.0568,1032,2774,2017-09-18T08:32:34.000Z,1505716354,1693,,,,,,,,,
65,Torino,-1,-1,"Via Madonna delle Rose, 70, 10134 Torino TO",car2go,1505713743,-1,-1,059/FF025NT,"Via Madonna delle Rose, 70, 10134 Torino TO",1505713695,WME4533421K142426,true,2017-09-18T07:48:15.000Z,65,GOOD,GOOD,2017-09-18T07:49:03.000Z,CE,LineString,7.657,45.03403,7.657,45.03403,-1,-1,-1,-1,0,,,,,,,,,
100,Torino,-1,-1,"Via Druento, 153, 10151 Torino TO",car2go,1505713743,-1,-1,179/FF319NT,"Via Druento, 153, 10151 Torino TO",1505713695,WME4533421K145436,true,2017-09-18T07:48:15.000Z,100,GOOD,GOOD,2017-09-18T07:49:03.000Z,CE,LineString,7.64484,45.11175,7.64484,45.11175,-1,-1,-1,-1,0,,,,,,,,,
62,Torino,-1,-1,"Via Vittorio Cuniberti, 92F, 10151 Torino TO",car2go,1505713743,-1,-1,218/FF065SJ,"Via Vittorio Cuniberti, 92F, 10151 Torino TO",1505713695,WME4533421K144610,true,2017-09-18T07:48:15.000Z,62,GOOD,GOOD,2017-09-18T07:49:03.000Z,CE,LineString,7.65578,45.11072,7.65578,45.11072,-1,-1,-1,-1,0,,,,,,,,,
100,Torino,-1,-1,"Corso Unione Sovietica, 175-183, 10134 Torino TO",car2go,1505713743,-1,-1,097/FF063NT,"Corso Unione Sovietica, 175-183, 10134 Torino TO",1505713695,WME4533421K142060,true,2017-09-18T07:48:15.000Z,100,GOOD,GOOD,2017-09-18T07:49:03.000Z,CE,LineString,7.65356,45.0389,7.65356,45.0389,-1,-1,-1,-1,0,,,,,,,,,
71,Torino,672,871,"Via Pinerolo, 37, 10152 Torino TO",car2go,1505714456,218,867,010/FF758KW,"Corso Venezia, 30, 10155 Torino TO",1505713743,WME4533421K148282,true,2017-09-18T07:49:03.000Z,71,GOOD,GOOD,2017-09-18T08:00:56.000Z,CE,LineString,7.68451,45.08847,7.68071,45.09347,785,1591,2017-09-18T08:13:05.000Z,1505715185,630,,,,,,,,,
12,Torino,-1,-1,"Via Verolengo, 24, 10149 Torino TO",car2go,1505734580,-1,-1,182/FF336NT,"Via Guido Reni, 53, 10136 Torino TO",1505713743,WME4533421K151277,true,2017-09-18T07:49:03.000Z,100,GOOD,GOOD,2017-09-18T13:36:20.000Z,CE,LineString,7.67045,45.09532,7.63016,45.05229,-1,-1,-1,-1,5732,,,,,,,,,
81,Torino,238,308,"Corso Regina Margherita, 215, 10144 Torino TO",car2go,1505723654,313,1250,343/FF147VY,"Via Pier Dionigi Pinelli, 48, 10144 Torino TO",1505713743,WME4533421K151397,true,2017-09-18T07:49:03.000Z,78,GOOD,GOOD,2017-09-18T10:34:14.000Z,CE,LineString,7.66296,45.08352,7.66354,45.08193,-1,-1,-1,-1,182,,,,,,,,,
43,Torino,3549,4604,"Piazza Giovanni Toselli, 78, 10131 Torino TO",car2go,1505715750,957,4823,505/FK908LX,"Via Manfredo Fanti, 17-19, 10128 Torino TO",1505713743,WME4530421Y135080,true,2017-09-18T07:49:03.000Z,43,GOOD,GOOD,2017-09-18T08:22:30.000Z,CE,LineString,7.71453,45.06495,7.66813,45.06442,1284,5360,2017-09-18T09:01:01.000Z,1505718061,3642,,,,,,,,,
75,Torino,1885,2365,"Corso Moncalieri, 1, 10131 Torino TO",car2go,1505714664,642,2423,093/FF059NT,"Via Cernaia, 22, 10122 Torino TO",1505713743,WME4533421K150282,true,2017-09-18T07:49:03.000Z,75,GOOD,GOOD,2017-09-18T08:04:24.000Z,CE,LineString,7.6981,45.06235,7.67348,45.07187,950,2537,2017-09-18T08:21:07.000Z,1505715667,2202,,,,,,,,,
87,Torino,2904,3792,"Via Varese, 15, 10152 Torino TO",car2go,1505714916,724,3804,037/FF798KW,"Corso Grosseto, 277, 10147 Torino TO",1505713801,WME4533421K149364,true,2017-09-18T07:50:01.000Z,87,GOOD,GOOD,2017-09-18T08:08:36.000Z,CE,LineString,7.69198,45.08609,7.66563,45.10523,2275,5931,2017-09-18T08:53:26.000Z,1505717606,2965,,,,,,,,,
40,Torino,-1,-1,"Via Oropa, 76, 10153 Torino TO",car2go,1505715019,-1,-1,337/FF061VY,"Via Oropa, 76, 10153 Torino TO",1505713801,WME4533421K154350,true,2017-09-18T07:50:01.000Z,40,GOOD,GOOD,2017-09-18T08:10:19.000Z,CE,LineString,7.7183,45.07262,7.7183,45.07262,-1,-1,-1,-1,0,,,,,,,,,
15,Torino,-1,-1,"Via Ricaldone, 36, 10136 Torino TO",car2go,1505714864,-1,-1,349/FF153VY,"Via Ricaldone, 36, 10136 Torino TO",1505713801,WME4533421K152500,true,2017-09-18T07:50:01.000Z,15,GOOD,GOOD,2017-09-18T08:07:44.000Z,CE,LineString,7.64529,45.05068,7.64529,45.05068,-1,-1,-1,-1,0,,,,,,,,,
50,Torino,2394,3164,"Via Matilde Serao, 52-54, 10141 Torino TO",car2go,1505714916,661,3398,060/FF026NT,"Corso Inghilterra, 1, 10121 Torino TO",1505713801,WME4533421K140524,true,2017-09-18T07:50:01.000Z,46,GOOD,GOOD,2017-09-18T08:08:36.000Z,CE,LineString,7.63206,45.06128,7.66413,45.06972,1582,5567,2017-09-18T08:41:34.000Z,1505716894,2686,,,,,,,,,
70,Torino,3616,4864,"Corso Francia, 300, 10146 Torino TO",enjoy,1505715518,1005,5620,EZ124TY,"Piazza Solferino, 7, 10121 Torino TO",1505713817,,,2017-09-18T07:50:17.000Z,68,,,2017-09-18T08:18:38.000Z,,LineString,7.6226063,45.074825,7.677276,45.068493,1469,6389,2017-09-18T08:43:56.000Z,1505717036,4347,2,99,141,,8,1,Fiat 500,false,370454
85,Torino,2514,3332,"Corso Monte Grappa, 88, 10145 Torino TO",enjoy,1505715746,828,5211,EZ187TY,"Corso Castelfidardo, 10129 Torino TO",1505713817,,,2017-09-18T07:50:17.000Z,84,,,2017-09-18T08:22:26.000Z,,LineString,7.638682,45.081577,7.6586356,45.061996,1147,4030,2017-09-18T08:53:48.000Z,1505717628,2680,2,99,141,,8,1,Fiat 500,false,321489
87,Torino,2116,2776,"Via Issiglio, 44, 10141 Torino TO",enjoy,1505715022,584,2837,EZ115TY,"Corso Bolzano, 47A, 10121 Torino TO",1505713817,,,2017-09-18T07:50:17.000Z,85,,,2017-09-18T08:10:22.000Z,,LineString,7.63994,45.063942,7.667112,45.071964,1340,4622,2017-09-18T08:37:27.000Z,1505716647,2311,2,99,,,8,1,Fiat 500,false,329765
42,Torino,1332,1742,"Corso Racconigi, 233B, 10129 Torino TO",enjoy,1505715247,379,1839,EZ225TY,"Corso Duca degli Abruzzi, 25, 10129 Torino TO",1505713817,,,2017-09-18T07:50:17.000Z,41,,,2017-09-18T08:14:07.000Z,,LineString,7.649371,45.054115,7.6630087,45.062435,702,2006,2017-09-18T08:22:20.000Z,1505715740,1414,2,99,,,8,1,Fiat 500,false,414187
82,Torino,569,744,"Via Como, 19, 10152 Torino TO",enjoy,1505714533,229,751,EZ173TY,"Corso Giulio Cesare, 31A, 10152 Torino TO",1505713817,,,2017-09-18T07:50:17.000Z,82,,,2017-09-18T08:02:13.000Z,,LineString,7.695637,45.08471,7.688041,45.083645,-1,-1,-1,-1,607,2,99,141,,8,1,Fiat 500,false,310773
84,Torino,3053,4084,"Via Isonzo, 127, 10141 Torino TO",enjoy,1505715518,824,4657,EZ271GW,"Via Giuseppe Baretti, 4, 10125 Torino TO",1505713817,,,2017-09-18T07:50:17.000Z,82,,,2017-09-18T08:18:38.000Z,,LineString,7.6376176,45.058834,7.6784472,45.05773,1852,8564,2017-09-18T08:58:47.000Z,1505717927,3207,2,99,100,141,8,1,Fiat 500,false,433023
80,Torino,951,1344,"Str. Basse di Dora, 33A, 10146 Torino TO",enjoy,1505715022,344,1624,EZ030TY,"Via Nicomede Bianchi, 24A, 10146 Torino TO",1505713817,,,2017-09-18T07:50:17.000Z,77,,,2017-09-18T08:10:22.000Z,,LineString,7.6233544,45.079372,7.6366158,45.081936,-1,-1,-1,-1,1078,2,99,141,,8,1,Fiat 500,false,349732
65,Torino,1859,2470,"Via Cumiana, 29, 10141 Torino TO",enjoy,1505715247,473,2528,EZ198GW,"Corso Francia, 19, 10138 Torino TO",1505713817,,,2017-09-18T07:50:17.000Z,64,,,2017-09-18T08:14:07.000Z,,LineString,7.643156,45.064888,7.6626124,45.076233,1441,3373,2017-09-18T08:43:10.000Z,1505716990,1980,2,99,100,141,8,1,Fiat 500,false,471807
30,Torino,727,970,"Via Nicola Porpora, 30-32, 10155 Torino TO",enjoy,1505714533,217,1153,EZ281GW,"Via Giuseppe Tartini, 45-51, 10154 Torino TO",1505713817,,,2017-09-18T07:50:17.000Z,29,,,2017-09-18T08:02:13.000Z,,LineString,7.697725,45.09907,7.7062855,45.098217,692,1177,2017-09-18T08:14:41.000Z,1505715281,678,2,99,100,141,8,1,Fiat 500,false,309712
86,Torino,2960,3926,"Corso Racconigi, 232, 10141 Torino TO",enjoy,1505715518,546,4063,EZ008TY,"Via Mario Pannunzio, 1, 10127 Torino TO",1505713817,,,2017-09-18T07:50:17.000Z,82,,,2017-09-18T08:18:38.000Z,,LineString,7.6502295,45.053123,7.6559052,45.026615,2108,5964,2017-09-18T08:53:37.000Z,1505717617,2979,2,99,141,,8,1,Fiat 500,false,361363
15,Torino,3942,5192,"Corso Monte Grappa, 18, 10145 Torino TO",enjoy,1505715518,996,6707,EZ275GW,"Corso Enrico Tazzoli, 158, 10137 Torino TO",1505713817,,,2017-09-18T07:50:17.000Z,11,,,2017-09-18T08:18:38.000Z,,LineString,7.6364202,45.07664,7.6252728,45.035236,1958,6076,2017-09-18T09:06:38.000Z,1505718398,4683,2,99,100,,8,1,Fiat 500,false,472452
50,Torino,546,695,"Via Giovanni Camerana, 10, 10128 Torino TO",enjoy,1505714798,364,1097,EZ077TY,"Via Conte Rosso, 3, 10121 Torino TO",1505713817,,,2017-09-18T07:50:17.000Z,49,,,2017-09-18T08:06:38.000Z,,LineString,7.675681,45.062202,7.67656,45.06705,-1,-1,-1,-1,543,2,99,141,,8,1,Fiat 500,false,443456
70,Torino,1,2,"Corso Racconigi, 126, 10141 Torino TO",enjoy,1505714798,0,2,EZ742DD,"Corso Racconigi, 126, 10141 Torino TO",1505713817,,,2017-09-18T07:50:17.000Z,70,,,2017-09-18T08:06:38.000Z,,LineString,7.644854,45.063744,7.6448636,45.06373,-1,-1,-1,-1,1,2,99,100,141,8,1,Fiat 500,false,422118
78,Torino,2597,3413,"Via Giovanni Camerana, 6-8, 10128 Torino TO",enjoy,1505715022,783,4066,EZ118TY,"Via Barletta, 5-7, 10136 Torino TO",1505713817,,,2017-09-18T07:50:17.000Z,76,,,2017-09-18T08:10:22.000Z,,LineString,7.6764426,45.06232,7.6495385,45.0456,1590,4415,2017-09-18T08:39:51.000Z,1505716791,2813,2,99,141,,8,1,Fiat 500,false,478642
78,Torino,611,849,"Via Nizza, 2, 10125 Torino TO",car2go,1505714357,260,948,318/FF293SJ,"Via Claudio Luigi Berthollet, 43, 10125 Torino TO",1505713856,WME4533421K152078,true,2017-09-18T07:50:56.000Z,78,GOOD,GOOD,2017-09-18T07:59:17.000Z,CE,LineString,7.67937,45.06172,7.68542,45.05762,562,1264,2017-09-18T08:08:54.000Z,1505714934,658,,,,,,,,,
65,Torino,2195,2884,"Corso Svizzera, 4, 10143 Torino TO",car2go,1505715647,482,2985,476/FK867LX,"Via Chambéry, 24, 10141 Torino TO",1505713906,WME4530421Y135224,true,2017-09-18T07:51:46.000Z,65,GOOD,GOOD,2017-09-18T08:20:47.000Z,CE,LineString,7.64879,45.07625,7.62021,45.06927,949,3089,2017-09-18T08:37:46.000Z,1505716666,2373,,,,,,,,,
59,Torino,2564,3384,"Corso Mediterraneo, 77, 10129 Torino TO",car2go,1505715959,822,4075,088/FF054NT,"Via San Domenico, 21, 10122 Torino TO",1505713906,WME4533421K150213,true,2017-09-18T07:51:46.000Z,59,GOOD,GOOD,2017-09-18T08:25:59.000Z,CE,LineString,7.65457,45.05553,7.67686,45.07593,1627,3797,2017-09-18T08:49:40.000Z,1505717380,2863,,,,,,,,,
59,Torino,170,235,"Via Giacomo Medici, 90, 10145 Torino TO",car2go,1505719093,49,235,334/FF067VV,"Via Pietrino Belli, 20-34, 10145 Torino TO",1505713906,WME4533421K153457,true,2017-09-18T07:51:46.000Z,100,GOOD,GOOD,2017-09-18T09:18:13.000Z,CE,LineString,7.64339,45.07976,7.64494,45.0808,-1,-1,-1,-1,167,,,,,,,,,
31,Torino,-1,-1,"Corso Principe Oddone, 13a, 10144 Torino TO",car2go,1505714050,-1,-1,028/FF789KW,"Corso Principe Oddone, 13a, 10144 Torino TO",1505713906,WME4533421K150033,true,2017-09-18T07:51:46.000Z,31,GOOD,GOOD,2017-09-18T07:54:10.000Z,CE,LineString,7.66997,45.07918,7.66997,45.07918,-1,-1,-1,-1,0,,,,,,,,,
62,Torino,2967,3909,"Via Filadelfia, 154, 10137 Torino TO",car2go,1505715374,720,4116,157/FF182NT,"Via Giuseppe Giusti, 6, 10121 Torino TO",1505713954,WME4533421K152545,true,2017-09-18T07:52:34.000Z,62,GOOD,GOOD,2017-09-18T08:16:14.000Z,CE,LineString,7.64266,45.04299,7.66631,45.07003,1567,4154,2017-09-18T08:41:02.000Z,1505716862,3532,,,,,,,,,
49,Torino,5261,6986,"Via Giovanni Battista Scapacino, 29A, 10146 Torino TO",enjoy,1505716208,1287,7136,EZ991DD,"Corso Moncalieri, 59, 10133 Torino TO",1505714042,,,2017-09-18T07:54:02.000Z,47,,,2017-09-18T08:30:08.000Z,,LineString,7.624296,45.08145,7.690992,45.05383,2679,8827,2017-09-18T09:15:22.000Z,1505718922,6068,2,99,100,,8,1,Fiat 500,false,339520
71,Torino,2244,2946,"Lungo Dora Siena, 62, 10153 Torino TO",enjoy,1505715022,534,3296,EZ015TY,"Via Luigi Salvatore Cherubini, 69, 10154 Torino TO",1505714042,,,2017-09-18T07:54:02.000Z,70,,,2017-09-18T08:10:22.000Z,,LineString,7.69781,45.073544,7.702568,45.09316,1339,3900,2017-09-18T08:34:34.000Z,1505716474,2211,2,99,141,,8,1,Fiat 500,false,338557
54,Torino,1324,1705,"Corso S. Martino, 10122 Torino TO",enjoy,1505715022,375,1789,EZ247GW,"Corso Duca degli Abruzzi, 22, 10129 Torino TO",1505714042,,,2017-09-18T07:54:02.000Z,53,,,2017-09-18T08:10:22.000Z,,LineString,7.669359,45.075794,7.662725,45.06285,633,1786,2017-09-18T08:25:31.000Z,1505715931,1529,2,99,100,141,8,1,Fiat 500,false,346833
57,Torino,4640,5983,"Via Sempione, 126C, 10155 Torino TO",enjoy,1505718627,1146,6503,EZ025TY,"Via Bardonecchia, 52, 10139 Torino TO",1505714042,,,2017-09-18T07:54:02.000Z,53,,,2017-09-18T09:10:27.000Z,,LineString,7.695395,45.098076,7.642614,45.072643,2501,8258,2017-09-18T09:55:35.000Z,1505721335,5013,2,99,141,,8,1,Fiat 500,false,444538
52,Torino,955,1209,"Via dell'Arcivescovado, 20, 10121 Torino TO",enjoy,1505715022,401,1691,FD205DR,"Corso Bolzano, 8A, 10121 Torino TO",1505714042,,,2017-09-18T07:54:02.000Z,51,,,2017-09-18T08:10:22.000Z,,LineString,7.67687,45.067616,7.664526,45.068985,582,1272,2017-09-18T08:21:54.000Z,1505715714,980,2,99,100,141,8,1,Fiat 500,false,484493
71,Torino,3377,4364,"Via Giovanni Pacini, 4, 10154 Torino TO",car2go,1505715594,865,5092,335/FF057VY,"Via Giovanni Carlo Cavalli, 24A, 10138 Torino TO",1505714050,WME4533421K150553,true,2017-09-18T07:54:10.000Z,68,GOOD,GOOD,2017-09-18T08:19:54.000Z,CE,LineString,7.69841,45.08757,7.6598,45.0715,2254,5803,2017-09-18T08:56:56.000Z,1505717816,3516,,,,,,,,,
78,Torino,1725,2300,"Via Vincenzo Lancia, 33-45, 10141 Torino TO",car2go,1505715374,409,2411,200/EZ567NP,"Via Gradisca, 105A, 10137 Torino TO",1505714097,WME4513341K750439,false,2017-09-18T07:54:57.000Z,75,GOOD,GOOD,2017-09-18T08:16:14.000Z,CE,LineString,7.64011,45.06107,7.64251,45.04489,1148,2962,2017-09-18T08:38:32.000Z,1505716712,1807,,,,,,,,,
43,Torino,2479,3162,"Corso Racconigi, 65-77, 10139 Torino TO",car2go,1505715168,626,3728,346/FF150VY,"Corso Francia, 370, 10146 Torino TO",1505714097,WME4533421K152063,true,2017-09-18T07:54:57.000Z,43,GOOD,GOOD,2017-09-18T08:12:48.000Z,CE,LineString,7.64597,45.06841,7.60967,45.07434,1143,3706,2017-09-18T08:36:19.000Z,1505716579,2924,,,,,,,,,
37,Torino,982,1328,"Via Camerana Giovanni, 14, 10128 Torino TO",car2go,1505715435,423,1791,299/FF249SJ,"Via Belfiore, 46, 10125 Torino TO",1505714097,WME4533421K152526,true,2017-09-18T07:54:57.000Z,37,GOOD,GOOD,2017-09-18T08:17:15.000Z,CE,LineString,7.67583,45.0615,7.67788,45.05299,784,2221,2017-09-18T08:30:23.000Z,1505716223,959,,,,,,,,,
71,Torino,1242,1653,"Corso Peschiera, 276, 10139 Torino TO",car2go,1505714966,390,2087,410/FK611LX,"Via Moretta, 2, 10138 Torino TO",1505714201,WME4530421Y135079,true,2017-09-18T07:56:41.000Z,68,GOOD,GOOD,2017-09-18T08:09:26.000Z,CE,LineString,7.63508,45.07034,7.6546,45.06752,965,2256,2017-09-18T08:31:17.000Z,1505716277,1563,,,,,,,,,
43,Torino,2070,2793,"Via Giovanni Servais, 188, 10146 Torino TO",car2go,1505715168,389,2973,409/FK610LX,"Corso Lecce, 122, 10143 Torino TO",1505714201,WME4530421Y135078,true,2017-09-18T07:56:41.000Z,43,GOOD,GOOD,2017-09-18T08:12:48.000Z,CE,LineString,7.6173,45.08497,7.65053,45.08542,1468,3892,2017-09-18T08:51:33.000Z,1505717493,2607,,,,,,,,,
71,Torino,1602,2065,"Corso Mediterraneo, 73, 10129 Torino TO",car2go,1505717981,482,2583,477/FK868LX,"Via Giuseppe Giusti, 6, 10121 Torino TO",1505714251,WME4530421Y135225,true,2017-09-18T07:57:31.000Z,68,GOOD,GOOD,2017-09-18T08:59:41.000Z,CE,LineString,7.65456,45.05478,7.66613,45.07012,1005,2324,2017-09-18T09:23:00.000Z,1505719380,1931,,,,,,,,,
18,Torino,1193,1591,"Via Generale Luigi Damiano, 18a, 10152 Torino TO",car2go,1505715277,458,2158,487/FK890LX,"Piazza della Repubblica, 5D, 10122 Torino TO",1505714251,WME4530421Y135229,true,2017-09-18T07:57:31.000Z,18,GOOD,GOOD,2017-09-18T08:14:37.000Z,CE,LineString,7.68514,45.08826,7.68212,45.07642,786,1850,2017-09-18T08:24:38.000Z,1505715878,1336,,,,,,,,,
80,Torino,6188,8232,"Corso Francia, 260, 10146 Torino TO",enjoy,1505716480,1239,8467,EZ783DD,"Via Francesca Saveria Cabrini, 18, 10135 Torino TO",1505714306,,,2017-09-18T07:58:26.000Z,76,,,2017-09-18T08:34:40.000Z,,LineString,7.629836,45.07553,7.6222315,45.014114,2935,10360,2017-09-18T09:25:43.000Z,1505719543,6850,2,99,100,141,8,1,Fiat 500,false,482409
70,Torino,3199,4207,"Via Cardinale Maurilio Fossati, 5c, 10141 Torino TO",enjoy,1505715746,803,4194,EZ182TY,"Via Giorgio Bidone, 30-32, 10125 Torino TO",1505714306,,,2017-09-18T07:58:26.000Z,70,,,2017-09-18T08:22:26.000Z,,LineString,7.634742,45.06964,7.6798725,45.05227,1913,4642,2017-09-18T08:57:03.000Z,1505717823,4034,2,99,141,,8,1,Fiat 500,false,443214
31,Torino,3969,5179,"Corso Cosenza, 1-13, 10135 Torino TO",enjoy,1505716480,921,5565,EZ157TY,"Via S. Antonino, 8, 10139 Torino TO",1505714306,,,2017-09-18T07:58:26.000Z,28,,,2017-09-18T08:34:40.000Z,,LineString,7.645665,45.033016,7.6369295,45.073868,2309,9542,2017-09-18T09:17:09.000Z,1505719029,4591,2,99,141,,8,1,Fiat 500,false,462760
91,Torino,2555,3405,"Corso Siracusa, 213, 10136 Torino TO",enjoy,1505715247,940,5541,EZ821DD,"Via Nizza, 238-246, 10126 Torino TO",1505714306,,,2017-09-18T07:58:26.000Z,89,,,2017-09-18T08:14:07.000Z,,LineString,7.6340094,45.03563,7.667709,45.03345,2730,6797,2017-09-18T09:05:00.000Z,1505718300,2657,2,99,100,141,8,1,Fiat 500,false,307539
31,Torino,972,1293,"Via Luserna di Rorà, 12, 10139 Torino TO",enjoy,1505715247,312,1348,EZ808DD,"Corso Castelfidardo, 42, 10138 Torino TO",1505714306,,,2017-09-18T07:58:26.000Z,30,,,2017-09-18T08:14:07.000Z,,LineString,7.648089,45.067295,7.6588783,45.062534,704,1405,2017-09-18T08:31:04.000Z,1505716264,998,2,99,100,141,8,1,Fiat 500,false,382886
53,Torino,2381,3074,"Via Pisa, 17D, 10152 Torino TO",car2go,1505717230,851,3791,513/FK990MC,"Corso Bolzano, 25, 10121 Torino TO",1505714302,WME4530421Y135273,true,2017-09-18T07:58:22.000Z,50,GOOD,GOOD,2017-09-18T08:47:10.000Z,CE,LineString,7.6916,45.0785,7.66468,45.06933,1465,3916,2017-09-18T09:11:25.000Z,1505718685,2345,,,,,,,,,
43,Torino,3081,4021,"Corso Grosseto, 289, 10151 Torino TO",car2go,1505715325,707,4451,552/FK249PV,"Via Bernardino Drovetti, 26, 10138 Torino TO",1505714302,WME4530421Y135271,true,2017-09-18T07:58:22.000Z,40,GOOD,GOOD,2017-09-18T08:15:25.000Z,CE,LineString,7.66242,45.1053,7.66496,45.07337,1297,5609,2017-09-18T08:45:29.000Z,1505717129,3553,,,,,,,,,
31,Torino,-1,-1,"Via Giovanni Segantini, 62, 10151 Torino TO",car2go,1505714409,-1,-1,434/FK635LX,"Via Giovanni Segantini, 62, 10151 Torino TO",1505714357,WME4530421Y135026,true,2017-09-18T07:59:17.000Z,31,GOOD,GOOD,2017-09-18T08:00:09.000Z,CE,LineString,7.65331,45.10278,7.65331,45.10278,-1,-1,-1,-1,0,,,,,,,,,
78,Torino,-1,-1,"Via Claudio Luigi Berthollet, 43, 10125 Torino TO",car2go,1505714456,-1,-1,318/FF293SJ,"Via Claudio Luigi Berthollet, 43, 10125 Torino TO",1505714409,WME4533421K152078,true,2017-09-18T08:00:09.000Z,78,GOOD,GOOD,2017-09-18T08:00:56.000Z,CE,LineString,7.68542,45.05762,7.68542,45.05762,-1,-1,-1,-1,0,,,,,,,,,
81,Torino,-1,-1,"Via Fratelli Calandra, 22/A, 10123 Torino TO",car2go,1505714456,-1,-1,215/FF055SJ,"Via Fratelli Calandra, 22/A, 10123 Torino TO",1505714409,WME4533421K151187,true,2017-09-18T08:00:09.000Z,81,GOOD,GOOD,2017-09-18T08:00:56.000Z,CE,LineString,7.68798,45.05981,7.68798,45.05981,-1,-1,-1,-1,0,,,,,,,,,
25,Torino,-1,-1,"Via Confienza, 9, 10121 Torino TO",car2go,1505714664,-1,-1,292/FF227SJ,"Via Confienza, 9, 10121 Torino TO",1505714456,WME4533421K152955,true,2017-09-18T08:00:56.000Z,25,GOOD,GOOD,2017-09-18T08:04:24.000Z,CE,LineString,7.67617,45.06937,7.67617,45.06937,-1,-1,-1,-1,0,,,,,,,,,
12,Torino,-1,-1,"Corso Bolzano, 12, 10121 Torino TO",car2go,1505715647,-1,-1,282/FF206SJ,"Corso Bolzano, 12, 10121 Torino TO",1505714456,WME4533421K152540,true,2017-09-18T08:00:56.000Z,12,GOOD,GOOD,2017-09-18T08:20:47.000Z,CE,LineString,7.66509,45.06933,7.66509,45.06933,-1,-1,-1,-1,0,,,,,,,,,
71,Torino,2478,3378,"Piazza Vincenzo Arbarello, 7, 10122 Torino TO",car2go,1505717430,864,3729,504/FK907LX,"Lungo Dora Pietro Colletta, 85, 10153 Torino TO",1505714456,WME4530421Y135261,true,2017-09-18T08:00:56.000Z,68,GOOD,GOOD,2017-09-18T08:50:30.000Z,CE,LineString,7.67622,45.07365,7.7133,45.07419,1792,4123,2017-09-18T09:23:57.000Z,1505719437,2910,,,,,,,,,
46,Torino,3005,3920,"Corso Giovanni Agnelli, 138-144, 10137 Torino TO",car2go,1505716328,711,4480,484/FK875LX,"Via Carso, 2-12, 10141 Torino TO",1505714456,WME4530421Y135179,true,2017-09-18T08:00:56.000Z,46,GOOD,GOOD,2017-09-18T08:32:08.000Z,CE,LineString,7.64166,45.03339,7.638,45.06407,1889,4690,2017-09-18T09:10:41.000Z,1505718641,3421,,,,,,,,,
59,Torino,2546,3374,"Via Graziadio Ascoli, 8, 10144 Torino TO",car2go,1505716172,614,3498,448/FK641LX,"Via Giovanni Paisiello, 24, 10154 Torino TO",1505714456,WME4530421Y135053,true,2017-09-18T08:00:56.000Z,56,GOOD,GOOD,2017-09-18T08:29:32.000Z,CE,LineString,7.66633,45.08337,7.69956,45.08985,1609,3538,2017-09-18T09:05:04.000Z,1505718304,2704,,,,,,,,,
78,Torino,-1,-1,"Via Nizza, 1, 10125 Torino TO",car2go,1505715435,-1,-1,553/FK187XH,"Via Nizza, 1, 10125 Torino TO",1505714456,WME4530421Y135049,true,2017-09-18T08:00:56.000Z,78,GOOD,GOOD,2017-09-18T08:17:15.000Z,CE,LineString,7.67961,45.06187,7.67961,45.06187,-1,-1,-1,-1,0,,,,,,,,,
31,Torino,-1,-1,"Via Giovanni Segantini, 62, 10151 Torino TO",car2go,1505715168,-1,-1,434/FK635LX,"Via Giovanni Segantini, 62, 10151 Torino TO",1505714456,WME4530421Y135026,true,2017-09-18T08:00:56.000Z,31,GOOD,GOOD,2017-09-18T08:12:48.000Z,CE,LineString,7.65331,45.10278,7.65331,45.10278,-1,-1,-1,-1,0,,,,,,,,,
28,Torino,-1,-1,"Via Duino, 182Bis, 10127 Torino TO",car2go,1505715698,-1,-1,021/FF779KW,"Via Duino, 182Bis, 10127 Torino TO",1505714509,WME4533421K148838,true,2017-09-18T08:01:49.000Z,28,GOOD,GOOD,2017-09-18T08:21:38.000Z,CE,LineString,7.65595,45.01847,7.65595,45.01847,-1,-1,-1,-1,0,,,,,,,,,
53,Torino,-1,-1,"Corso Galileo Ferraris, 122, 10129 Torino TO",car2go,1505714609,-1,-1,444/FK637LX,"Corso Galileo Ferraris, 122, 10129 Torino TO",1505714509,WME4530421Y135046,true,2017-09-18T08:01:49.000Z,53,GOOD,GOOD,2017-09-18T08:03:29.000Z,CE,LineString,7.66236,45.05348,7.66236,45.05348,-1,-1,-1,-1,0,,,,,,,,,
46,Torino,3167,4180,"Corso Racconigi, 65-77, 10139 Torino TO",enjoy,1505716480,853,4869,EZ243GW,"Via Montevideo, 2, 10134 Torino TO",1505714533,,,2017-09-18T08:02:13.000Z,45,,,2017-09-18T08:34:40.000Z,,LineString,7.6457,45.068047,7.6516004,45.036953,2072,5148,2017-09-18T09:08:13.000Z,1505718493,3486,2,99,100,141,8,1,Fiat 500,false,391038
69,Torino,1223,1603,"Via dei Mille, 7, 10123 Torino TO",enjoy,1505715247,554,2265,EZ196TY,"Via Antonio Bertola, 48, 10122 Torino TO",1505714533,,,2017-09-18T08:02:13.000Z,68,,,2017-09-18T08:14:07.000Z,,LineString,7.685008,45.063465,7.6757402,45.072098,979,2269,2017-09-18T08:35:30.000Z,1505716530,1203,2,99,141,,8,1,Fiat 500,false,334133
51,Torino,4958,6596,"Via XX Settembre, 47, 10121 Torino TO",enjoy,1505716705,1148,7928,EZ035TY,"Via Onorato Vigliani, 189, 10127 Torino TO",1505714533,,,2017-09-18T08:02:13.000Z,46,,,2017-09-18T08:38:25.000Z,,LineString,7.681292,45.069042,7.6556773,45.01762,3061,8713,2017-09-18T09:26:53.000Z,1505719613,6057,2,99,141,,8,1,Fiat 500,false,458705
37,Torino,14,19,"Via Genova, 181-197, 10127 Torino TO",enjoy,1505715022,3,19,EZ811DD,"Via Genova, 186, 10127 Torino TO",1505714533,,,2017-09-18T08:02:13.000Z,37,,,2017-09-18T08:10:22.000Z,,LineString,7.6657887,45.022514,7.6654487,45.022762,-1,-1,-1,-1,38,2,99,100,141,8,1,Fiat 500,false,374185
35,Torino,1674,2208,"Corso Inghilterra, 41, 10138 Torino TO",enjoy,1505715978,640,3195,EZ109TY,"Via Nizza, 2, 10125 Torino TO",1505714533,,,2017-09-18T08:02:13.000Z,33,,,2017-09-18T08:26:18.000Z,,LineString,7.667346,45.07423,7.6793575,45.06176,511,1882,2017-09-18T08:35:42.000Z,1505716542,1675,2,99,141,,8,1,Fiat 500,false,324839
40,Torino,2520,3289,"Corso S. Maurizio, 16, 10124 Torino TO",enjoy,1505716480,696,3505,EZ205TY,"Via Valprato, 61-67, 10155 Torino TO",1505714533,,,2017-09-18T08:02:13.000Z,40,,,2017-09-18T08:34:40.000Z,,LineString,7.6943808,45.069893,7.682182,45.093304,1975,4169,2017-09-18T09:12:05.000Z,1505718725,2772,2,99,141,,8,1,Fiat 500,false,359937
60,Torino,-1,-1,"Corso Galileo Ferraris, 1966, 10128 Torino TO",enjoy,1505714798,-1,-1,EZ233GW,"Corso Galileo Ferraris, 1966, 10128 Torino TO",1505714533,,,2017-09-18T08:02:13.000Z,60,,,2017-09-18T08:06:38.000Z,,LineString,7.6666408,45.05935,7.6666408,45.05935,-1,-1,-1,-1,0,2,99,100,141,8,1,Fiat 500,false,447013
40,Torino,-1,-1,"Corso Giovanni Pascoli, 5-9, 10134 Torino TO",car2go,1505714609,-1,-1,452/FK645LX,"Corso Giovanni Pascoli, 5-9, 10134 Torino TO",1505714563,WME4530421Y135061,true,2017-09-18T08:02:43.000Z,40,GOOD,GOOD,2017-09-18T08:03:29.000Z,CE,LineString,7.65878,45.04945,7.65878,45.04945,-1,-1,-1,-1,0,,,,,,,,,
15,Torino,-1,-1,"Via Graziadio Ascoli, 14, 10144 Torino TO",car2go,1505714609,-1,-1,044/FF820KW,"Via Graziadio Ascoli, 14, 10144 Torino TO",1505714563,WME4533421K149415,true,2017-09-18T08:02:43.000Z,15,GOOD,GOOD,2017-09-18T08:03:29.000Z,CE,LineString,7.6667,45.08387,7.6667,45.08387,-1,-1,-1,-1,0,,,,,,,,,
78,Torino,-1,-1,"Via Sant'Ambrogio, 25, 10139 Torino TO",car2go,1505714664,-1,-1,124/FG348FH,"Via Sant'Ambrogio, 25, 10139 Torino TO",1505714609,WME4533421K152394,true,2017-09-18T08:03:29.000Z,78,GOOD,GOOD,2017-09-18T08:04:24.000Z,CE,LineString,7.63229,45.07234,7.63229,45.07234,-1,-1,-1,-1,0,,,,,,,,,
59,Torino,-1,-1,"Corso Novara, 6a, 10152 Torino TO",car2go,1505714664,-1,-1,328/FF053VV,"Corso Novara, 6a, 10152 Torino TO",1505714609,WME4533421K152738,true,2017-09-18T08:03:29.000Z,59,GOOD,GOOD,2017-09-18T08:04:24.000Z,CE,LineString,7.68853,45.08856,7.68853,45.08856,-1,-1,-1,-1,0,,,,,,,,,
40,Torino,-1,-1,"Corso Giovanni Pascoli, 5-9, 10134 Torino TO",car2go,1505714715,-1,-1,452/FK645LX,"Corso Giovanni Pascoli, 5-9, 10134 Torino TO",1505714664,WME4530421Y135061,true,2017-09-18T08:04:24.000Z,40,GOOD,GOOD,2017-09-18T08:05:15.000Z,CE,LineString,7.65878,45.04945,7.65878,45.04945,-1,-1,-1,-1,0,,,,,,,,,
71,Torino,2514,3173,"Corso Verona, 34-36, 10153 Torino TO",car2go,1505716655,878,4877,069/FF035NT,"Via Michele Schina, 5, 10143 Torino TO",1505714664,WME4533421K148961,true,2017-09-18T08:04:24.000Z,68,GOOD,GOOD,2017-09-18T08:37:35.000Z,CE,LineString,7.6984,45.07635,7.66352,45.07714,2127,5839,2017-09-18T09:10:18.000Z,1505718618,2738,,,,,,,,,
15,Torino,1394,1764,"Via Graziadio Ascoli, 14, 10144 Torino TO",car2go,1505715374,502,2067,044/FF820KW,"Via Francesco Guicciardini, 5, 10121 Torino TO",1505714664,WME4533421K149415,true,2017-09-18T08:04:24.000Z,15,GOOD,GOOD,2017-09-18T08:16:14.000Z,CE,LineString,7.6667,45.08387,7.66824,45.07194,880,2304,2017-09-18T08:34:16.000Z,1505716456,1331,,,,,,,,,
28,Torino,1705,2308,"Corso Vittorio Emanuele II, 117, 10128 Torino TO",car2go,1505716497,552,2448,107/FF095NT,"Piazza Cavour, 2/A, 10123 Torino TO",1505714664,WME4533421K144545,true,2017-09-18T08:04:24.000Z,25,GOOD,GOOD,2017-09-18T08:34:57.000Z,CE,LineString,7.66447,45.06775,7.68917,45.06268,887,2444,2017-09-18T08:56:56.000Z,1505717816,2018,,,,,,,,,
68,Torino,342,434,"Corso Adriatico, 4, 10129 Torino TO",car2go,1505716655,203,943,295/FF240SJ,"Corso Monte Lungo, 2-16, 10134 Torino TO",1505714664,WME4533421K153516,true,2017-09-18T08:04:24.000Z,65,GOOD,GOOD,2017-09-18T08:37:35.000Z,CE,LineString,7.6541,45.05208,7.65536,45.0494,-1,-1,-1,-1,313,,,,,,,,,
65,Torino,-1,-1,"Via Ottavio Revel, 5, 10121 Torino TO",car2go,1505715803,-1,-1,538/FK818LX,"Via Ottavio Revel, 5, 10121 Torino TO",1505714664,WME4530421Y135144,true,2017-09-18T08:04:24.000Z,65,GOOD,GOOD,2017-09-18T08:23:23.000Z,CE,LineString,7.66919,45.06957,7.66919,45.06957,-1,-1,-1,-1,0,,,,,,,,,
53,Torino,1433,1939,"Corso Galileo Ferraris, 122, 10129 Torino TO",car2go,1505716013,388,1979,444/FK637LX,"Via Antonio Canova, 39A, 10126 Torino TO",1505714664,WME4530421Y135046,true,2017-09-18T08:04:24.000Z,53,GOOD,GOOD,2017-09-18T08:26:53.000Z,CE,LineString,7.66236,45.05348,7.67685,45.0439,964,2483,2017-09-18T08:37:40.000Z,1505716660,1558,,,,,,,,,
100,Torino,1908,2539,"Via Vigliani Onorato, 152-158, 10127 Torino TO",car2go,1505715168,545,3181,150/FF175NT,"Via Nizza, 282, 10126 Torino TO",1505714715,WME4533421K152082,true,2017-09-18T08:05:15.000Z,100,GOOD,GOOD,2017-09-18T08:12:48.000Z,CE,LineString,7.65099,45.01724,7.66635,45.02979,1106,3098,2017-09-18T08:38:16.000Z,1505716696,1844,,,,,,,,,
68,Torino,2144,2771,"Via Pisa, 12-16, 10152 Torino TO",car2go,1505716275,902,5428,094/FF060NT,"Via Vincenzo Vela, 5, 10128 Torino TO",1505714715,WME4533421K150318,true,2017-09-18T08:05:15.000Z,65,GOOD,GOOD,2017-09-18T08:31:15.000Z,CE,LineString,7.69112,45.07899,7.67099,45.06326,1410,3569,2017-09-18T08:56:30.000Z,1505717790,2356,,,,,,,,,
50,Torino,-1,-1,"Corso Peschiera, 139, 10141 Torino TO",car2go,1505715907,-1,-1,344/FF148VY,"Corso Peschiera, 139, 10141 Torino TO",1505714715,WME4533421K151871,true,2017-09-18T08:05:15.000Z,50,GOOD,GOOD,2017-09-18T08:25:07.000Z,CE,LineString,7.65316,45.06317,7.65316,45.06317,-1,-1,-1,-1,0,,,,,,,,,
46,Torino,4217,5650,"Via Filadelfia, 110-112, 10137 Torino TO",car2go,1505716117,1085,5914,488/FK891LX,"Via Montebello, 5, 10124 Torino TO",1505714715,WME4530421Y135234,true,2017-09-18T08:05:15.000Z,46,GOOD,GOOD,2017-09-18T08:28:37.000Z,CE,LineString,7.64648,45.04157,7.69206,45.06801,2369,6249,2017-09-18T09:13:47.000Z,1505718827,4629,,,,,,,,,
70,Torino,4808,6126,"Corso Regio Parco, 23, 10152 Torino TO",enjoy,1505717199,1188,7071,EZ260GW,"Corso Monte Cucco, 124-128, 10141 Torino TO",1505714798,,,2017-09-18T08:06:38.000Z,68,,,2017-09-18T08:46:39.000Z,,LineString,7.6949925,45.077187,7.630755,45.064285,3055,7344,2017-09-18T09:40:53.000Z,1505720453,5241,2,99,100,141,8,1,Fiat 500,false,410318
70,Torino,3139,4166,"Via Giacomo Dina, 44-48, 10135 Torino TO",enjoy,1505716934,688,4289,EZ135GW,"Corso Dante, 78, 10126 Torino TO",1505714798,,,2017-09-18T08:06:38.000Z,69,,,2017-09-18T08:42:14.000Z,,LineString,7.638676,45.032608,7.677071,45.046677,1579,5262,2017-09-18T09:23:46.000Z,1505719426,3396,2,99,100,141,8,1,Fiat 500,false,398403
45,Torino,2205,2962,"Via Montevideo, 33, 10134 Torino TO",enjoy,1505715978,647,3279,EZ759DD,"Via Gaetano Donizetti, 3, 10126 Torino TO",1505714798,,,2017-09-18T08:06:38.000Z,45,,,2017-09-18T08:26:18.000Z,,LineString,7.6562705,45.0355,7.675345,45.050488,1538,3904,2017-09-18T08:53:59.000Z,1505717639,2239,2,99,100,141,8,1,Fiat 500,false,416747
27,Torino,2785,3795,"Piazza Massaua, 9, 10141 Torino TO",enjoy,1505716480,626,4374,EZ519DD,"Via S. Donato, 65-71, 10144 Torino TO",1505714798,,,2017-09-18T08:06:38.000Z,26,,,2017-09-18T08:34:40.000Z,,LineString,7.619689,45.074074,7.6599793,45.08202,1255,3820,2017-09-18T08:55:41.000Z,1505717741,3282,2,99,100,141,8,1,Fiat 500,false,378073
71,Torino,2350,3067,"Via Nicomede Bianchi, 28, 10146 Torino TO",enjoy,1505715746,642,3788,EZ004TY,"Via Gaspare Gozzi, 9, 10121 Torino TO",1505714798,,,2017-09-18T08:06:38.000Z,69,,,2017-09-18T08:22:26.000Z,,LineString,7.6359234,45.081745,7.666736,45.07051,1437,4005,2017-09-18T08:46:21.000Z,1505717181,2721,2,99,141,,8,1,Fiat 500,false,337734
40,Torino,1775,2359,"Piazza Marmolada, 1, 10141 Torino TO",enjoy,1505715978,489,2539,EZ203GW,"Corso Bramante, 47, 10126 Torino TO",1505714798,,,2017-09-18T08:06:38.000Z,37,,,2017-09-18T08:26:18.000Z,,LineString,7.6486125,45.054447,7.6696134,45.043297,1148,3186,2017-09-18T08:46:56.000Z,1505717216,2062,2,99,100,141,8,1,Fiat 500,false,399346
68,Torino,1511,2088,"Via Pietro Cossa, 38, 10146 Torino TO",enjoy,1505715746,404,2137,EZ064TY,"Via Nicola Fabrizi, 77, 10145 Torino TO",1505714798,,,2017-09-18T08:06:38.000Z,66,,,2017-09-18T08:22:26.000Z,,LineString,7.6211934,45.07797,7.644042,45.08104,881,2369,2017-09-18T08:43:51.000Z,1505717031,1825,2,99,141,,8,1,Fiat 500,false,467612
56,Torino,1705,2284,"Corso Vittorio Emanuele II, 131, 10138 Torino TO",enjoy,1505715746,472,2752,EZ099TY,"Via Graziadio Ascoli, 34A, 10144 Torino TO",1505714798,,,2017-09-18T08:06:38.000Z,55,,,2017-09-18T08:22:26.000Z,,LineString,7.656688,45.070545,7.6677513,45.085617,1237,3081,2017-09-18T08:46:13.000Z,1505717173,1886,2,99,,,8,1,Fiat 500,false,326162
23,Torino,1005,1368,"Corso Potenza, 10147 Torino TO",enjoy,1505716208,109,365,EZ012TY,"Corso Grosseto, 250, 10148 Torino TO",1505714798,,,2017-09-18T08:06:38.000Z,23,,,2017-09-18T08:30:08.000Z,,LineString,7.664202,45.10521,7.664377,45.10559,839,1584,2017-09-18T08:46:21.000Z,1505717181,44,2,99,141,,8,1,Fiat 500,false,398655
56,Torino,2449,3216,"Corso Grosseto, 68-76, 10148 Torino TO",car2go,1505715698,674,3926,139/FF164NT,"Via S. Giovanni Bosco, 34-36, 10144 Torino TO",1505714813,WME4533421K149842,true,2017-09-18T08:06:53.000Z,56,GOOD,GOOD,2017-09-18T08:21:38.000Z,CE,LineString,7.68248,45.10439,7.66652,45.08347,1464,3803,2017-09-18T08:45:57.000Z,1505717157,2640,,,,,,,,,
28,Torino,-1,-1,"Corso Giulio Cesare, 80, 10154 Torino TO",car2go,1505716117,-1,-1,461/FK852LX,"Corso Giulio Cesare, 80, 10154 Torino TO",1505714813,WME4530421Y135193,true,2017-09-18T08:06:53.000Z,28,GOOD,GOOD,2017-09-18T08:28:37.000Z,CE,LineString,7.69226,45.08975,7.69226,45.08975,-1,-1,-1,-1,0,,,,,,,,,
71,Torino,3726,4804,"Via Filadelfia, 50-56, 10134 Torino TO",car2go,1505716603,910,5442,306/FF281SJ,"Via Bardonecchia, 61, 10139 Torino TO",1505714813,WME4533421K151421,true,2017-09-18T08:06:53.000Z,68,GOOD,GOOD,2017-09-18T08:36:43.000Z,CE,LineString,7.65558,45.0384,7.64013,45.07246,2114,6018,2017-09-18T09:15:57.000Z,1505718957,3974,,,,,,,,,
46,Torino,2013,2612,"Corso IV Novembre, 84a, 10136 Torino TO",car2go,1505716275,583,3155,454/FK648LX,"Via Edoardo Rubino, 2, 10137 Torino TO",1505714813,WME4530421Y135063,true,2017-09-18T08:06:53.000Z,46,GOOD,GOOD,2017-09-18T08:31:15.000Z,CE,LineString,7.65089,45.04608,7.62471,45.04425,1165,3765,2017-09-18T08:51:34.000Z,1505717494,2065,,,,,,,,,
68,Torino,3649,4884,"Via Arnaldo da Brescia, 9C, 10134 Torino TO",car2go,1505716858,1148,5689,311/FF286SJ,"Via Po, 19, 10123 Torino TO",1505714864,WME4533421K151683,true,2017-09-18T08:07:44.000Z,65,GOOD,GOOD,2017-09-18T08:40:58.000Z,CE,LineString,7.65304,45.0379,7.68886,45.06905,1955,4949,2017-09-18T09:20:35.000Z,1505719235,4459,,,,,,,,,
12,Torino,-1,-1,"Strada Altessano, 118, 10151 Torino TO",car2go,1505715277,-1,-1,481/FK872LX,"Strada Altessano, 118, 10151 Torino TO",1505714864,WME4530421Y135129,true,2017-09-18T08:07:44.000Z,12,GOOD,GOOD,2017-09-18T08:14:37.000Z,CE,LineString,7.64554,45.10883,7.64554,45.10883,-1,-1,-1,-1,0,,,,,,,,,
100,Torino,1033,1301,"Via Balangero, 10-18, 10149 Torino TO",car2go,1505715168,319,1378,557/FK191XH,"Via Giovanni Migliara, 17, 10143 Torino TO",1505714864,WME4530421Y135042,true,2017-09-18T08:07:44.000Z,96,GOOD,GOOD,2017-09-18T08:12:48.000Z,CE,LineString,7.65753,45.08962,7.65804,45.07928,767,1735,2017-09-18T08:28:16.000Z,1505716096,1149,,,,,,,,,
56,Torino,-1,-1,"Corso Tortona, 55-57, 10153 Torino TO",car2go,1505716117,-1,-1,178/FF203NT,"Corso Tortona, 55-57, 10153 Torino TO",1505714916,WME4533421K151741,true,2017-09-18T08:08:36.000Z,56,GOOD,GOOD,2017-09-18T08:28:37.000Z,CE,LineString,7.70468,45.07473,7.70468,45.07473,-1,-1,-1,-1,0,,,,,,,,,
21,Torino,3362,4461,"Via Mombasiglio, 82, 10136 Torino TO",car2go,1505716275,835,4772,303/FF278SJ,"Piazza Solferino, 7, 10121 Torino TO",1505714916,WME4533421K151234,true,2017-09-18T08:08:36.000Z,21,GOOD,GOOD,2017-09-18T08:31:15.000Z,CE,LineString,7.64014,45.05029,7.67744,45.06871,1984,5549,2017-09-18T09:04:05.000Z,1505718245,3572,,,,,,,,,
96,Torino,-1,-1,"Via Paolo Sarpi, 69, 10134 Torino TO",car2go,1505716117,-1,-1,257/FF145SJ,"Via Paolo Sarpi, 69, 10134 Torino TO",1505714916,WME4533421K154309,true,2017-09-18T08:08:36.000Z,96,GOOD,GOOD,2017-09-18T08:28:37.000Z,CE,LineString,7.64569,45.03577,7.64569,45.03577,-1,-1,-1,-1,0,,,,,,,,,
100,Torino,1841,2403,"Corso Orbassano, 218-220, 10137 Torino TO",car2go,1505716911,426,2887,091/FF057NT,"Via Lurisia, 14, 10141 Torino TO",1505714916,WME4533421K150264,true,2017-09-18T08:08:36.000Z,100,GOOD,GOOD,2017-09-18T08:41:51.000Z,CE,LineString,7.63695,45.04156,7.64614,45.05976,1190,2923,2017-09-18T09:05:08.000Z,1505718308,2147,,,,,,,,,
56,Torino,412,557,"Piazza Giovanni Bottesini, 11, 10154 Torino TO",car2go,1505715168,112,576,174/FF199NT,"Via Tollegno, 1-9, 10154 Torino TO",1505714966,WME4533421K151401,true,2017-09-18T08:09:26.000Z,56,GOOD,GOOD,2017-09-18T08:12:48.000Z,CE,LineString,7.69746,45.0882,7.69754,45.08463,-1,-1,-1,-1,396,,,,,,,,,
81,Torino,937,1239,"Via Fratelli Calandra, 22/A, 10123 Torino TO",car2go,1505715959,417,1642,215/FF055SJ,"Via Giovanni Camerana, 14-16, 10128 Torino TO",1505714966,WME4533421K151187,true,2017-09-18T08:09:26.000Z,78,GOOD,GOOD,2017-09-18T08:25:59.000Z,CE,LineString,7.68798,45.05981,7.67561,45.06118,800,1520,2017-09-18T08:39:54.000Z,1505716794,982,,,,,,,,,
50,Torino,2474,3214,"Via Colombo Cristoforo, 19, 10129 Torino TO",car2go,1505715907,693,3740,502/FK905LX,"Via Luigi Cibrario, 44, 10144 Torino TO",1505714966,WME4530421Y135259,true,2017-09-18T08:09:26.000Z,46,GOOD,GOOD,2017-09-18T08:25:07.000Z,CE,LineString,7.66392,45.0568,7.66046,45.07992,1597,4018,2017-09-18T08:49:30.000Z,1505717370,2583,,,,,,,,,
100,Torino,1966,2630,"Corso Unione Sovietica, 175-183, 10134 Torino TO",car2go,1505716328,442,2653,097/FF063NT,"Piazza Nizza, 46, 10126 Torino TO",1505714966,WME4533421K142060,true,2017-09-18T08:09:26.000Z,100,GOOD,GOOD,2017-09-18T08:32:08.000Z,CE,LineString,7.65356,45.0389,7.67436,45.05123,1210,3149,2017-09-18T08:57:44.000Z,1505717864,2131,,,,,,,,,
46,Torino,-1,-1,"Via Beinette, 24, 10127 Torino TO",car2go,1505715750,-1,-1,433/FK634LX,"Via Beinette, 24, 10127 Torino TO",1505715019,WME4530421Y135131,true,2017-09-18T08:10:19.000Z,46,GOOD,GOOD,2017-09-18T08:22:30.000Z,CE,LineString,7.65964,45.02075,7.65964,45.02075,-1,-1,-1,-1,0,,,,,,,,,
25,Torino,1512,1915,"Via Figlie dei Militari, 6A, 10131 Torino TO",car2go,1505716603,608,2376,414/FK615LX,"Via S. Francesco da Paola, 1, 10123 Torino TO",1505715019,WME4530421Y135092,true,2017-09-18T08:10:19.000Z,21,GOOD,GOOD,2017-09-18T08:36:43.000Z,CE,LineString,7.70825,45.06594,7.68943,45.06858,828,2454,2017-09-18T08:53:37.000Z,1505717617,1505,,,,,,,,,
84,Torino,1,1,"Via Vagnone, 16, 10144 Torino TO",enjoy,1505715978,0,1,EZ226GW,"Via Vagnone, 16, 10144 Torino TO",1505715022,,,2017-09-18T08:10:22.000Z,84,,,2017-09-18T08:26:18.000Z,,LineString,7.664134,45.08054,7.664122,45.08056,-1,-1,-1,-1,2,2,99,100,141,8,1,Fiat 500,false,421782
70,Torino,1832,2436,"Corso Racconigi, 126, 10141 Torino TO",enjoy,1505717919,637,3178,EZ742DD,"Via Giovanni Somis, 11c, 10138 Torino TO",1505715022,,,2017-09-18T08:10:22.000Z,69,,,2017-09-18T08:58:39.000Z,,LineString,7.6448636,45.06373,7.6654596,45.07556,1321,3586,2017-09-18T09:25:36.000Z,1505719536,2083,2,99,100,141,8,1,Fiat 500,false,422118
20,Torino,389,490,"Via Vigone, 76-78, 10139 Torino TO",enjoy,1505716934,208,928,EZ214GW,"Via Roccaforte, 24, 10139 Torino TO",1505715022,,,2017-09-18T08:10:22.000Z,18,,,2017-09-18T08:42:14.000Z,,LineString,7.6470113,45.068478,7.6412606,45.068558,-1,-1,-1,-1,451,2,99,100,,8,1,Fiat 500,false,307264
60,Torino,1887,2503,"Via Roasio, 26, 10143 Torino TO",enjoy,1505716705,413,2572,EZ110TY,"Via Giovanni Fattori, 80-92, 10141 Torino TO",1505715022,,,2017-09-18T08:10:22.000Z,60,,,2017-09-18T08:38:25.000Z,,LineString,7.6493993,45.080204,7.629,45.071026,1079,2688,2017-09-18T08:57:19.000Z,1505717839,1898,2,99,141,,8,1,Fiat 500,false,309791
94,Torino,2474,3323,"Via Francesco Azzi, 10, 10139 Torino TO",enjoy,1505715978,648,3424,EZ129GW,"Via Nole, 16-30, 10149 Torino TO",1505715022,,,2017-09-18T08:10:22.000Z,91,,,2017-09-18T08:26:18.000Z,,LineString,7.644031,45.068092,7.6605625,45.091824,1698,4027,2017-09-18T08:53:14.000Z,1505717594,2938,2,99,100,141,8,1,Fiat 500,false,401736
41,Torino,1598,2137,"Via Giuseppe Pomba, 14-16, 10123 Torino TO",enjoy,1505715978,551,2427,EZ744DD,"Via Ernesto Lugaro, 27, 10126 Torino TO",1505715022,,,2017-09-18T08:10:22.000Z,40,,,2017-09-18T08:26:18.000Z,,LineString,7.684878,45.06444,7.6722,45.050426,885,2339,2017-09-18T08:42:41.000Z,1505716961,1848,2,99,100,141,8,1,Fiat 500,false,408838
28,Torino,551,763,"Via Nichelino, 1-5, 10135 Torino TO",enjoy,1505716480,235,784,EZ264GW,"Via Giulio Gianelli, 162, 10135 Torino TO",1505715022,,,2017-09-18T08:10:22.000Z,27,,,2017-09-18T08:34:40.000Z,,LineString,7.6372366,45.02403,7.644837,45.021023,677,1568,2017-09-18T08:45:07.000Z,1505717107,684,2,99,100,141,8,1,Fiat 500,false,426125
57,Torino,3613,4802,"Corso Bolzano, 44, 10121 Torino TO",enjoy,1505716934,1127,5602,EZ827DD,"Via Sandro Botticelli, 12, 10154 Torino TO",1505715022,,,2017-09-18T08:10:22.000Z,55,,,2017-09-18T08:42:14.000Z,,LineString,7.6676755,45.07266,7.7020345,45.101757,1849,5072,2017-09-18T09:17:30.000Z,1505719050,4209,2,99,100,141,8,1,Fiat 500,false,431099
62,Torino,-1,-1,"Corso Inghilterra, 1, 10121 Torino TO",car2go,1505715225,-1,-1,227/FF085SJ,"Corso Inghilterra, 1, 10121 Torino TO",1505715168,WME4533421K152270,true,2017-09-18T08:12:48.000Z,62,GOOD,GOOD,2017-09-18T08:13:45.000Z,CE,LineString,7.6637,45.06904,7.6637,45.06904,-1,-1,-1,-1,0,,,,,,,,,
71,Torino,-1,-1,"Corso Francesco Ferrucci 77, 79, 10138 Torino TO",car2go,1505715225,-1,-1,259/FF148SJ,"Corso Francesco Ferrucci 77, 79, 10138 Torino TO",1505715168,WME4533421K150592,true,2017-09-18T08:12:48.000Z,71,GOOD,GOOD,2017-09-18T08:13:45.000Z,CE,LineString,7.65622,45.0678,7.65622,45.0678,-1,-1,-1,-1,0,,,,,,,,,
65,Torino,-1,-1,"Via Madonna delle Rose, 70, 10134 Torino TO",car2go,1505715225,-1,-1,059/FF025NT,"Via Madonna delle Rose, 70, 10134 Torino TO",1505715168,WME4533421K142426,true,2017-09-18T08:12:48.000Z,65,GOOD,GOOD,2017-09-18T08:13:45.000Z,CE,LineString,7.657,45.03403,7.657,45.03403,-1,-1,-1,-1,0,,,,,,,,,
53,Torino,-1,-1,"Corso Lecce, 96, 10143 Torino TO",car2go,1505715225,-1,-1,004/FF747KW,"Corso Lecce, 96, 10143 Torino TO",1505715168,WME4533421K146488,true,2017-09-18T08:12:48.000Z,53,GOOD,GOOD,2017-09-18T08:13:45.000Z,CE,LineString,7.64877,45.0829,7.64877,45.0829,-1,-1,-1,-1,0,,,,,,,,,
40,Torino,-1,-1,"Via Oropa, 76, 10153 Torino TO",car2go,1505715225,-1,-1,337/FF061VY,"Via Oropa, 76, 10153 Torino TO",1505715168,WME4533421K154350,true,2017-09-18T08:12:48.000Z,40,GOOD,GOOD,2017-09-18T08:13:45.000Z,CE,LineString,7.7183,45.07262,7.7183,45.07262,-1,-1,-1,-1,0,,,,,,,,,
84,Torino,-1,-1,"Via Vinovo, 14-20, 10127 Torino TO",car2go,1505715225,-1,-1,081/FF047NT,"Via Vinovo, 14-20, 10127 Torino TO",1505715168,WME4533421K149735,true,2017-09-18T08:12:48.000Z,84,GOOD,GOOD,2017-09-18T08:13:45.000Z,CE,LineString,7.66579,45.02146,7.66579,45.02146,-1,-1,-1,-1,0,,,,,,,,,
100,Torino,-1,-1,"Via Nizza, 282, 10126 Torino TO",car2go,1505715277,-1,-1,150/FF175NT,"Via Nizza, 282, 10126 Torino TO",1505715225,WME4533421K152082,true,2017-09-18T08:13:45.000Z,100,GOOD,GOOD,2017-09-18T08:14:37.000Z,CE,LineString,7.66635,45.02979,7.66635,45.02979,-1,-1,-1,-1,0,,,,,,,,,
56,Torino,-1,-1,"Via Tollegno, 1-9, 10154 Torino TO",car2go,1505715277,-1,-1,174/FF199NT,"Via Tollegno, 1-9, 10154 Torino TO",1505715225,WME4533421K151401,true,2017-09-18T08:13:45.000Z,56,GOOD,GOOD,2017-09-18T08:14:37.000Z,CE,LineString,7.69754,45.08463,7.69754,45.08463,-1,-1,-1,-1,0,,,,,,,,,
84,Torino,-1,-1,"Via Nizza, 10, 10125 Torino TO",car2go,1505715277,-1,-1,537/FK817LX,"Via Nizza, 10, 10125 Torino TO",1505715225,WME4530421Y135146,true,2017-09-18T08:13:45.000Z,84,GOOD,GOOD,2017-09-18T08:14:37.000Z,CE,LineString,7.67756,45.05882,7.67756,45.05882,-1,-1,-1,-1,0,,,,,,,,,
43,Torino,-1,-1,"Corso Francia, 370, 10146 Torino TO",car2go,1505715277,-1,-1,346/FF150VY,"Corso Francia, 370, 10146 Torino TO",1505715225,WME4533421K152063,true,2017-09-18T08:13:45.000Z,43,GOOD,GOOD,2017-09-18T08:14:37.000Z,CE,LineString,7.60967,45.07434,7.60967,45.07434,-1,-1,-1,-1,0,,,,,,,,,
43,Torino,-1,-1,"Corso Lecce, 122, 10143 Torino TO",car2go,1505715277,-1,-1,409/FK610LX,"Corso Lecce, 122, 10143 Torino TO",1505715225,WME4530421Y135078,true,2017-09-18T08:13:45.000Z,43,GOOD,GOOD,2017-09-18T08:14:37.000Z,CE,LineString,7.65053,45.08542,7.65053,45.08542,-1,-1,-1,-1,0,,,,,,,,,
68,Torino,-1,-1,"Via Poliziano, 41, 10153 Torino TO",car2go,1505715277,-1,-1,296/FF242SJ,"Via Poliziano, 41, 10153 Torino TO",1505715225,WME4533421K154256,true,2017-09-18T08:13:45.000Z,68,GOOD,GOOD,2017-09-18T08:14:37.000Z,CE,LineString,7.7163,45.07658,7.7163,45.07658,-1,-1,-1,-1,0,,,,,,,,,
31,Torino,-1,-1,"Via Giovanni Segantini, 62, 10151 Torino TO",car2go,1505715277,-1,-1,434/FK635LX,"Via Giovanni Segantini, 62, 10151 Torino TO",1505715225,WME4530421Y135026,true,2017-09-18T08:13:45.000Z,31,GOOD,GOOD,2017-09-18T08:14:37.000Z,CE,LineString,7.65331,45.10278,7.65331,45.10278,-1,-1,-1,-1,0,,,,,,,,,
96,Torino,-1,-1,"Via Giovanni Migliara, 17, 10143 Torino TO",car2go,1505715277,-1,-1,557/FK191XH,"Via Giovanni Migliara, 17, 10143 Torino TO",1505715225,WME4530421Y135042,true,2017-09-18T08:13:45.000Z,96,GOOD,GOOD,2017-09-18T08:14:37.000Z,CE,LineString,7.65804,45.07928,7.65804,45.07928,-1,-1,-1,-1,0,,,,,,,,,
25,Torino,3154,4095,"Lungo Po Alessandro Antonelli, 97-99, 10153 Torino TO",enjoy,1505717199,1097,4712,EZ803DD,"Via Cernaia, 23, 10121 Torino TO",1505715247,,,2017-09-18T08:14:07.000Z,22,,,2017-09-18T08:46:39.000Z,,LineString,7.7197976,45.07105,7.672683,45.07199,1890,5314,2017-09-18T09:21:24.000Z,1505719284,3698,2,99,100,141,8,1,Fiat 500,false,388322
45,Torino,687,907,"Via Alessandro Scarlatti, 3A, 10154 Torino TO",enjoy,1505715746,380,1654,EZ131TY,"Via Lodi, 1, 10152 Torino TO",1505715247,,,2017-09-18T08:14:07.000Z,44,,,2017-09-18T08:22:26.000Z,,LineString,7.6942396,45.090813,7.689118,45.084682,363,1010,2017-09-18T08:28:36.000Z,1505716116,790,2,99,141,,8,1,Fiat 500,false,459701
36,Torino,4988,6555,"Via Felice Cordero di Pamparato, 9, 10143 Torino TO",enjoy,1505718393,1285,7132,EZ817DD,"Corso Moncalieri, 288, 10133 Torino TO",1505715247,,,2017-09-18T08:14:07.000Z,32,,,2017-09-18T09:06:33.000Z,,LineString,7.653743,45.077557,7.6797624,45.0339,2117,7855,2017-09-18T09:46:30.000Z,1505720790,5263,2,99,100,141,8,1,Fiat 500,false,416426
47,Torino,5182,6691,"Via Enrico Cavaglià, 20, 10155 Torino TO",enjoy,1505717690,1278,7323,EZ762DD,"Via Monte Asolone, 7, 10141 Torino TO",1505715247,,,2017-09-18T08:14:07.000Z,45,,,2017-09-18T08:54:50.000Z,,LineString,7.6951027,45.09785,7.635855,45.069534,2715,8805,2017-09-18T09:47:35.000Z,1505720855,5613,2,99,100,141,8,1,Fiat 500,false,402269
73,Torino,2421,3134,"Via Santa Giulia, 5, 10124 Torino TO",enjoy,1505717199,522,3143,EZ804DD,"Corso Regina Margherita, 245-247, 10144 Torino TO",1505715247,,,2017-09-18T08:14:07.000Z,71,,,2017-09-18T08:46:39.000Z,,LineString,7.692882,45.07291,7.6580305,45.085117,1313,3725,2017-09-18T09:09:29.000Z,1505718569,3052,2,99,100,141,8,1,Fiat 500,false,423394
46,Torino,1276,1701,"Via Nizza, 8-10, 10125 Torino TO",enjoy,1505715978,718,2747,EZ121TY,"Via Antonio Meucci, 9, 10121 Torino TO",1505715247,,,2017-09-18T08:14:07.000Z,46,,,2017-09-18T08:26:18.000Z,,LineString,7.6776876,45.059074,7.674497,45.069736,984,2130,2017-09-18T08:46:39.000Z,1505717199,1210,2,99,141,,8,1,Fiat 500,false,328291
34,Torino,3654,4848,"Via Gerolamo Tiraboschi, 29-33, 10149 Torino TO",enjoy,1505716705,1039,5163,EZ029TY,"Corso S. Maurizio, 38, 10124 Torino TO",1505715247,,,2017-09-18T08:14:07.000Z,32,,,2017-09-18T08:38:25.000Z,,LineString,7.6592326,45.09757,7.6965604,45.067604,2096,6048,2017-09-18T09:19:07.000Z,1505719147,4434,2,99,141,,8,1,Fiat 500,false,484552
62,Torino,-1,-1,"Corso Inghilterra, 1, 10121 Torino TO",car2go,1505715647,-1,-1,227/FF085SJ,"Corso Inghilterra, 1, 10121 Torino TO",1505715277,WME4533421K152270,true,2017-09-18T08:14:37.000Z,62,GOOD,GOOD,2017-09-18T08:20:47.000Z,CE,LineString,7.6637,45.06904,7.6637,45.06904,-1,-1,-1,-1,0,,,,,,,,,
37,Torino,2328,3027,"Via Guido Cavalcanti, 1-11, 10132 Torino TO",car2go,1505717430,649,3075,200/FF354NT,"Via Po, 12, 10123 Torino TO",1505715277,WME4533421K154683,true,2017-09-18T08:14:37.000Z,34,GOOD,GOOD,2017-09-18T08:50:30.000Z,CE,LineString,7.72071,45.06822,7.68876,45.06901,910,2984,2017-09-18T09:06:16.000Z,1505718376,2509,,,,,,,,,
62,Torino,-1,-1,"Via Ceres, 9, 10143 Torino TO",car2go,1505716497,-1,-1,201/FF355NT,"Via Ceres, 9, 10143 Torino TO",1505715277,WME4533421K155724,true,2017-09-18T08:14:37.000Z,62,GOOD,GOOD,2017-09-18T08:34:57.000Z,CE,LineString,7.6527,45.08196,7.6527,45.08196,-1,-1,-1,-1,0,,,,,,,,,
71,Torino,1508,1976,"Corso Francesco Ferrucci 77, 79, 10138 Torino TO",car2go,1505716548,523,2232,259/FF148SJ,"Via Umberto Biancamano, 2, 10121 Torino TO",1505715277,WME4533421K150592,true,2017-09-18T08:14:37.000Z,71,GOOD,GOOD,2017-09-18T08:35:48.000Z,CE,LineString,7.65622,45.0678,7.67595,45.0665,913,2045,2017-09-18T08:54:02.000Z,1505717642,1555,,,,,,,,,
65,Torino,-1,-1,"Via Madonna delle Rose, 70, 10134 Torino TO",car2go,1505716328,-1,-1,059/FF025NT,"Via Madonna delle Rose, 70, 10134 Torino TO",1505715277,WME4533421K142426,true,2017-09-18T08:14:37.000Z,65,GOOD,GOOD,2017-09-18T08:32:08.000Z,CE,LineString,7.657,45.03403,7.657,45.03403,-1,-1,-1,-1,0,,,,,,,,,
87,Torino,2879,3861,"Via Roccaforte, 27, 10139 Torino TO",car2go,1505716328,896,4321,147/FF172NT,"Corso Vittorio Emanuele II, 40, 10123 Torino TO",1505715277,WME4533421K150637,true,2017-09-18T08:14:37.000Z,84,GOOD,GOOD,2017-09-18T08:32:08.000Z,CE,LineString,7.64129,45.06832,7.68324,45.06141,1433,4128,2017-09-18T08:58:31.000Z,1505717911,3380,,,,,,,,,
53,Torino,2467,3257,"Corso Lecce, 96, 10143 Torino TO",car2go,1505716434,636,3359,004/FF747KW,"Corso Stati Uniti, 38, 10128 Torino TO",1505715277,WME4533421K146488,true,2017-09-18T08:14:37.000Z,50,GOOD,GOOD,2017-09-18T08:33:54.000Z,CE,LineString,7.64877,45.0829,7.66759,45.06412,1614,4548,2017-09-18T09:02:16.000Z,1505718136,2556,,,,,,,,,
31,Torino,-1,-1,"Via Messina, 32, 10153 Torino TO",car2go,1505716497,-1,-1,490/FK893LX,"Via Messina, 32, 10153 Torino TO",1505715277,WME4530421Y135236,true,2017-09-18T08:14:37.000Z,31,GOOD,GOOD,2017-09-18T08:34:57.000Z,CE,LineString,7.69722,45.07746,7.69722,45.07746,-1,-1,-1,-1,0,,,,,,,,,
96,Torino,11075,14492,"Via Messina, 43, 10153 Torino TO",car2go,1505717284,1115,16055,204/FF367NT,Aeroporto Caselle 2,1505715277,WME4533421K151709,true,2017-09-18T08:14:37.000Z,93,GOOD,GOOD,2017-09-18T08:48:04.000Z,CE,LineString,7.69903,45.07833,7.6435,45.18843,3434,15458,2017-09-18T10:14:56.000Z,1505722496,12986,,,,,,,,,
75,Torino,2655,3470,"Via Giovanni Fattori, 2-12, 10141 Torino TO",car2go,1505716434,849,4390,019/FF777KW,"Via Umberto Biancamano, 2, 10121 Torino TO",1505715277,WME4533421K148794,true,2017-09-18T08:14:37.000Z,75,GOOD,GOOD,2017-09-18T08:33:54.000Z,CE,LineString,7.63786,45.06826,7.67589,45.0665,1382,3778,2017-09-18T08:57:16.000Z,1505717836,2991,,,,,,,,,
40,Torino,3148,4042,"Via Oropa, 76, 10153 Torino TO",car2go,1505716172,1087,4685,337/FF061VY,"Via Perrone, 14-16, 10122 Torino TO",1505715277,WME4533421K154350,true,2017-09-18T08:14:37.000Z,40,GOOD,GOOD,2017-09-18T08:29:32.000Z,CE,LineString,7.7183,45.07262,7.67268,45.07288,2089,4603,2017-09-18T09:08:47.000Z,1505718527,3580,,,,,,,,,
57,Torino,1101,1478,"Corso Stati Uniti, 23, 10128 Torino TO",car2go,1505716223,372,1712,180/EZ512NP,"Via Giovanni Ribet, 9-11, 10125 Torino TO",1505715277,WME4513341K745658,false,2017-09-18T08:14:37.000Z,57,GOOD,GOOD,2017-09-18T08:30:23.000Z,CE,LineString,7.66984,45.06296,7.67503,45.05465,849,2059,2017-09-18T08:44:35.000Z,1505717075,1009,,,,,,,,,
84,Torino,3155,4188,"Via Vinovo, 14-20, 10127 Torino TO",car2go,1505715959,621,4461,081/FF047NT,"Corso Massimo d'Azeglio, 34, 10125 Torino TO",1505715277,WME4533421K149735,true,2017-09-18T08:14:37.000Z,81,GOOD,GOOD,2017-09-18T08:25:59.000Z,CE,LineString,7.66579,45.02146,7.68421,45.05416,1550,4304,2017-09-18T09:04:16.000Z,1505718256,3911,,,,,,,,,
46,Torino,2933,3960,"Via Alfonso Badini Confalonieri, 94, 10148 Torino TO",car2go,1505716603,634,3959,350/FF154VY,"Via Bernardino Ramazzini, 10, 10154 Torino TO",1505715277,WME4533421K152534,true,2017-09-18T08:14:37.000Z,43,GOOD,GOOD,2017-09-18T08:36:43.000Z,CE,LineString,7.65599,45.11074,7.70317,45.10505,1578,5152,2017-09-18T09:16:03.000Z,1505718963,3753,,,,,,,,,
59,Torino,1790,2327,"Corso Novara, 6a, 10152 Torino TO",car2go,1505715959,581,3241,328/FF053VV,"Via Avellino, 25, 10144 Torino TO",1505715277,WME4533421K152738,true,2017-09-18T08:14:37.000Z,56,GOOD,GOOD,2017-09-18T08:25:59.000Z,CE,LineString,7.68853,45.08856,7.66333,45.08595,1335,2668,2017-09-18T08:47:02.000Z,1505717222,1998,,,,,,,,,
100,Torino,-1,-1,"Via Cocconato, 10, 10132 Torino TO",car2go,1505716548,-1,-1,408/FK609LX,"Via Cocconato, 10, 10132 Torino TO",1505715325,WME4530421Y135076,true,2017-09-18T08:15:25.000Z,100,GOOD,GOOD,2017-09-18T08:35:48.000Z,CE,LineString,7.71572,45.06765,7.71572,45.06765,-1,-1,-1,-1,0,,,,,,,,,
93,Torino,-1,-1,"Via Garessio, 45, 10126 Torino TO",car2go,1505716603,-1,-1,274/FF185SJ,"Via Garessio, 45, 10126 Torino TO",1505715374,WME4533421K151971,true,2017-09-18T08:16:14.000Z,93,GOOD,GOOD,2017-09-18T08:36:43.000Z,CE,LineString,7.67192,45.03066,7.67192,45.03066,-1,-1,-1,-1,0,,,,,,,,,
25,Torino,-1,-1,"Corso Bernardino Telesio, 56, 10146 Torino TO",car2go,1505715435,-1,-1,074/FF040NT,"Corso Bernardino Telesio, 56, 10146 Torino TO",1505715374,WME4533421K149388,true,2017-09-18T08:16:14.000Z,25,GOOD,GOOD,2017-09-18T08:17:15.000Z,CE,LineString,7.62703,45.07912,7.62703,45.07912,-1,-1,-1,-1,0,,,,,,,,,
43,Torino,-1,-1,"Corso Cadore, 38, 10153 Torino TO",car2go,1505716603,-1,-1,446/FK639LX,"Corso Cadore, 38, 10153 Torino TO",1505715374,WME4530421Y135050,true,2017-09-18T08:16:14.000Z,43,GOOD,GOOD,2017-09-18T08:36:43.000Z,CE,LineString,7.72455,45.07365,7.72455,45.07365,-1,-1,-1,-1,0,,,,,,,,,
53,Torino,2288,2913,"Via Giuseppe Giacosa, 31-33, 10125 Torino TO",car2go,1505716755,683,3361,155/FF180NT,"Via Rio de Janeiro, 1-5, 10141 Torino TO",1505715374,WME4533421K152448,true,2017-09-18T08:16:14.000Z,50,GOOD,GOOD,2017-09-18T08:39:15.000Z,CE,LineString,7.68343,45.05446,7.65151,45.05966,1491,3544,2017-09-18T09:04:25.000Z,1505718265,2571,,,,,,,,,
50,Torino,2912,3955,"Corso Marche, 6, 10146 Torino TO",car2go,1505717066,695,4546,323/FF298SJ,"Via Principi d'Acaja, 38, 10138 Torino TO",1505715374,WME4533421K152377,true,2017-09-18T08:16:14.000Z,46,GOOD,GOOD,2017-09-18T08:44:26.000Z,CE,LineString,7.6146,45.07458,7.66196,45.07289,973,4395,2017-09-18T09:02:25.000Z,1505718145,3721,,,,,,,,,
75,Torino,-1,-1,"Via Pinerolo, 35a, 10152 Torino TO",car2go,1505715435,-1,-1,264/FF157SJ,"Via Pinerolo, 35a, 10152 Torino TO",1505715374,WME4533421K150729,true,2017-09-18T08:16:14.000Z,75,GOOD,GOOD,2017-09-18T08:17:15.000Z,CE,LineString,7.68493,45.08833,7.68493,45.08833,-1,-1,-1,-1,0,,,,,,,,,
40,Torino,-1,-1,"Corso Giovanni Pascoli, 5-9, 10134 Torino TO",car2go,1505716013,-1,-1,452/FK645LX,"Corso Giovanni Pascoli, 5-9, 10134 Torino TO",1505715435,WME4530421Y135061,true,2017-09-18T08:17:15.000Z,40,GOOD,GOOD,2017-09-18T08:26:53.000Z,CE,LineString,7.65878,45.04945,7.65878,45.04945,-1,-1,-1,-1,0,,,,,,,,,
37,Torino,915,1228,"Via Nizza, 11-13, 10125 Torino TO",car2go,1505716117,511,2856,089/FF055NT,"Via Gian Domenico Romagnosi, 1, 10128 Torino TO",1505715435,WME4533421K150229,true,2017-09-18T08:17:15.000Z,37,GOOD,GOOD,2017-09-18T08:28:37.000Z,CE,LineString,7.67893,45.06062,7.67101,45.05409,681,1395,2017-09-18T08:38:07.000Z,1505716687,955,,,,,,,,,
40,Torino,215,284,"Corso Re Umberto, 72, 10128 Torino TO",car2go,1505717430,150,773,516/FK993MC,"Corso Luigi Einaudi, 70, 10128 Torino TO",1505715435,WME4530421Y135256,true,2017-09-18T08:17:15.000Z,37,GOOD,GOOD,2017-09-18T08:50:30.000Z,CE,LineString,7.66765,45.05604,7.66682,45.05782,-1,-1,-1,-1,208,,,,,,,,,
100,Torino,1223,1602,"Via Nizza, 2, 10125 Torino TO",car2go,1505715959,358,1905,526/FK806LX,"Via Amerigo Vespucci, 10, 10128 Torino TO",1505715435,WME4530421Y135166,true,2017-09-18T08:17:15.000Z,100,GOOD,GOOD,2017-09-18T08:25:59.000Z,CE,LineString,7.67949,45.06176,7.66659,45.05477,834,1868,2017-09-18T08:40:51.000Z,1505716851,1276,,,,,,,,,
28,Torino,2261,3011,"Via Caraglio, 97, 10141 Torino TO",car2go,1505717066,625,3381,507/FK910LX,"Corso Inghilterra, 41, 10138 Torino TO",1505715490,WME4530421Y135157,true,2017-09-18T08:18:10.000Z,25,GOOD,GOOD,2017-09-18T08:44:26.000Z,CE,LineString,7.64188,45.05891,7.66741,45.0743,1692,4410,2017-09-18T09:18:26.000Z,1505719106,2634,,,,,,,,,
18,Torino,2885,3738,"Via Sempione, 158, 10154 Torino TO",car2go,1505717066,926,4563,254/FF141SJ,"Via Alessandro Manzoni, 2, 10122 Torino TO",1505715490,WME4533421K154636,true,2017-09-18T08:18:10.000Z,15,GOOD,GOOD,2017-09-18T08:44:26.000Z,CE,LineString,7.69868,45.09671,7.67183,45.07551,1874,4191,2017-09-18T09:20:22.000Z,1505719222,3160,,,,,,,,,
34,Torino,-1,-1,"Via Susa, 2, 10138 Torino TO",car2go,1505718090,-1,-1,266/FF160SJ,"Piazzeta Luciano Jona, 6, 10135 Torino TO",1505715490,WME4533421K150820,true,2017-09-18T08:18:10.000Z,31,GOOD,GOOD,2017-09-18T09:01:30.000Z,CE,LineString,7.66467,45.07205,7.61429,45.01993,3395,11224,2017-09-18T09:58:58.000Z,1505721538,7013,,,,,,,,,
43,Torino,-1,-1,"Corso Lecce, 122, 10143 Torino TO",car2go,1505716275,-1,-1,409/FK610LX,"Corso Lecce, 122, 10143 Torino TO",1505715490,WME4530421Y135078,true,2017-09-18T08:18:10.000Z,43,GOOD,GOOD,2017-09-18T08:31:15.000Z,CE,LineString,7.65053,45.08542,7.65053,45.08542,-1,-1,-1,-1,0,,,,,,,,,
100,Torino,-1,-1,"Corso Enrico Gamba, 10144 Torino TO",car2go,1505716380,-1,-1,127/FF136NT,"Corso Enrico Gamba, 10144 Torino TO",1505715490,WME4533421K152637,true,2017-09-18T08:18:10.000Z,100,GOOD,GOOD,2017-09-18T08:33:00.000Z,CE,LineString,7.67311,45.08462,7.67311,45.08462,-1,-1,-1,-1,0,,,,,,,,,
88,Torino,2583,3407,"Corso Moncalieri, 356-390, 10133 Torino TO",enjoy,1505716705,940,6103,EZ277GW,"Corso Massimo d'Azeglio, 34, 10125 Torino TO",1505715518,,,2017-09-18T08:18:38.000Z,86,,,2017-09-18T08:38:25.000Z,,LineString,7.6767073,45.026966,7.6841755,45.05414,1349,4076,2017-09-18T09:01:19.000Z,1505718079,3076,2,99,100,141,8,1,Fiat 500,false,461323
96,Torino,5373,7208,"Via Caraglio, 92, 10141 Torino TO",enjoy,1505717424,737,5479,EZ530DD,"Corso Potenza, 190, 10149 Torino TO",1505715518,,,2017-09-18T08:18:38.000Z,96,,,2017-09-18T08:50:24.000Z,,LineString,7.6413383,45.06097,7.6619473,45.10263,2918,7652,2017-09-18T09:43:33.000Z,1505720613,4903,2,99,100,141,8,1,Fiat 500,false,414602
68,Torino,1473,2004,"Via Antonio Bertola, 48, 10122 Torino TO",enjoy,1505717199,586,2181,EZ196TY,"Via Fratelli Calandra, 3, 10123 Torino TO",1505715518,,,2017-09-18T08:18:38.000Z,67,,,2017-09-18T08:46:39.000Z,,LineString,7.6757402,45.072098,7.689386,45.061634,1023,2725,2017-09-18T09:07:02.000Z,1505718422,1580,2,99,141,,8,1,Fiat 500,false,334133
31,Torino,177,210,"Corso Principe Oddone, 64, 10152 Torino TO",enjoy,1505716208,50,211,EZ202GW,"Corso Ottone Rosai, 10144 Torino TO",1505715518,,,2017-09-18T08:18:38.000Z,31,,,2017-09-18T08:30:08.000Z,,LineString,7.6748915,45.085464,7.674046,45.086414,-1,-1,-1,-1,124,2,99,100,141,8,1,Fiat 500,false,449283
41,Torino,547,738,"Via Ternengo, 35-39, 10154 Torino TO",enjoy,1505716705,179,747,EZ001TY,"Via Tollegno, 63, 10154 Torino TO",1505715518,,,2017-09-18T08:18:38.000Z,40,,,2017-09-18T08:38:25.000Z,,LineString,7.6962795,45.086647,7.7032223,45.08714,525,966,2017-09-18T08:47:07.000Z,1505717227,547,2,99,141,,8,1,Fiat 500,false,375381
57,Torino,2398,3083,"Via Antonio Bertola, 43, 10122 Torino TO",enjoy,1505717424,734,3422,EZ993DD,"Corso Racconigi, 107, 10141 Torino TO",1505715518,,,2017-09-18T08:18:38.000Z,55,,,2017-09-18T08:50:24.000Z,,LineString,7.67298,45.07283,7.645053,45.065353,1568,5093,2017-09-18T09:18:10.000Z,1505719090,2343,2,99,100,141,8,1,Fiat 500,false,408414
80,Torino,-1,-1,"Via Fratelli Ruffini, 2, 10121 Torino TO",enjoy,1505755813,-1,-1,EZ117TY,"Via Saluzzo, 76, 10126 Torino TO",1505715518,,,2017-09-18T08:18:38.000Z,46,,,2017-09-18T19:30:13.000Z,,LineString,7.6690807,45.072536,7.6762447,45.051994,-1,-1,-1,-1,2350,2,99,141,,8,1,Fiat 500,false,362174
40,Torino,3817,4951,"Via Nizza, 15, 10125 Torino TO",enjoy,1505717199,930,5676,EZ534DD,"Via Castelgomberto, 21, 10136 Torino TO",1505715518,,,2017-09-18T08:18:38.000Z,37,,,2017-09-18T08:46:39.000Z,,LineString,7.6787,45.060333,7.6321797,45.05016,2134,6715,2017-09-18T09:22:53.000Z,1505719373,3822,2,99,100,141,8,1,Fiat 500,false,422845
85,Torino,3275,4301,"Via Massena, 63, 10128 Torino TO",enjoy,1505717919,727,4353,EZ122GW,"Via Alessandro Pernati di Momo, 16A, 10135 Torino TO",1505715518,,,2017-09-18T08:18:38.000Z,82,,,2017-09-18T08:58:39.000Z,,LineString,7.670316,45.057396,7.6396513,45.02768,995,4385,2017-09-18T09:15:39.000Z,1505718939,4086,2,99,100,141,8,1,Fiat 500,false,397761
53,Torino,2511,3267,"Via Michele Coppino, 96, 10147 Torino TO",car2go,1505717230,529,3653,431/FK632LX,"Corso Grosseto, 388-390, 10151 Torino TO",1505715594,WME4530421Y135127,true,2017-09-18T08:19:54.000Z,50,GOOD,GOOD,2017-09-18T08:47:10.000Z,CE,LineString,7.6775,45.10106,7.63944,45.10738,1656,3869,2017-09-18T09:26:18.000Z,1505719578,3066,,,,,,,,,
12,Torino,1403,1835,"Via Tirreno, 159, 10136 Torino TO",car2go,1505716434,484,2256,026/FF785KW,"Corso Castelfidardo, 10129 Torino TO",1505715594,WME4533421K149369,true,2017-09-18T08:19:54.000Z,12,GOOD,GOOD,2017-09-18T08:33:54.000Z,CE,LineString,7.64712,45.05277,7.6593,45.0626,984,2306,2017-09-18T09:00:13.000Z,1505718013,1451,,,,,,,,,
15,Torino,-1,-1,"Corso Unione Sovietica, 221A, 10134 Torino TO",car2go,1505715647,-1,-1,492/FK895LX,"Corso Unione Sovietica, 221A, 10134 Torino TO",1505715594,WME4530421Y135239,true,2017-09-18T08:19:54.000Z,15,GOOD,GOOD,2017-09-18T08:20:47.000Z,CE,LineString,7.64973,45.03555,7.64973,45.03555,-1,-1,-1,-1,0,,,,,,,,,
68,Torino,1289,1705,"Via Giovanni Carlo Cavalli, 24A, 10138 Torino TO",car2go,1505716911,532,2252,335/FF057VY,"Via San Domenico, 29, 10122 Torino TO",1505715647,WME4533421K150553,true,2017-09-18T08:20:47.000Z,68,GOOD,GOOD,2017-09-18T08:41:51.000Z,CE,LineString,7.6598,45.0715,7.67516,45.07655,1067,1992,2017-09-18T09:02:55.000Z,1505718175,1329,,,,,,,,,
40,Torino,3507,4675,"Via Sostegno, 10-14, 10146 Torino TO",car2go,1505716807,810,4864,129/FF138NT,"Corso Galileo Ferraris, 65, 10128 Torino TO",1505715647,WME4533421K152660,true,2017-09-18T08:20:47.000Z,37,GOOD,GOOD,2017-09-18T08:40:07.000Z,CE,LineString,7.61907,45.076,7.6679,45.06102,1714,6718,2017-09-18T09:08:58.000Z,1505718538,4178,,,,,,,,,
78,Torino,1865,2478,"Via Claudio Luigi Berthollet, 43, 10125 Torino TO",car2go,1505716548,610,2849,318/FF293SJ,"Via Giorgio Pallavicino, 18, 10153 Torino TO",1505715698,WME4533421K152078,true,2017-09-18T08:21:38.000Z,78,GOOD,GOOD,2017-09-18T08:35:48.000Z,CE,LineString,7.68542,45.05762,7.70295,45.07308,1448,3104,2017-09-18T09:02:52.000Z,1505718172,2201,,,,,,,,,
68,Torino,-1,-1,"Via Moretta, 2, 10138 Torino TO",car2go,1505716117,-1,-1,410/FK611LX,"Via Moretta, 2, 10138 Torino TO",1505715698,WME4530421Y135079,true,2017-09-18T08:21:38.000Z,68,GOOD,GOOD,2017-09-18T08:28:37.000Z,CE,LineString,7.6546,45.06752,7.6546,45.06752,-1,-1,-1,-1,0,,,,,,,,,
50,Torino,2392,3115,"Corso Svizzera, 101-117, 10143 Torino TO",car2go,1505716434,479,3128,209/FF046SJ,"Via Giacinto Pacchiotti, 112-116, 10146 Torino TO",1505715698,WME4533421K150446,true,2017-09-18T08:21:38.000Z,50,GOOD,GOOD,2017-09-18T08:33:54.000Z,CE,LineString,7.65435,45.08586,7.62268,45.07826,1721,5397,2017-09-18T09:10:34.000Z,1505718634,2624,,,,,,,,,
50,Torino,-1,-1,"Via Francesco dall'Ongaro, 30, 10141 Torino TO",car2go,1505718037,1180,6517,183/FF337NT,"Via Mantova, 21, 10153 Torino TO",1505715698,WME4533421K151716,true,2017-09-18T08:21:38.000Z,50,GOOD,GOOD,2017-09-18T09:00:37.000Z,CE,LineString,7.6517,45.05861,7.6979,45.07579,2433,5924,2017-09-18T09:41:47.000Z,1505720507,4097,,,,,,,,,
37,Torino,2017,2771,"Corso Grosseto, 391, 10151 Torino TO",car2go,1505716755,460,3360,025/FF783KW,"Corso Grosseto, 78, 10148 Torino TO",1505715698,WME4533421K149079,true,2017-09-18T08:21:38.000Z,37,GOOD,GOOD,2017-09-18T08:39:15.000Z,CE,LineString,7.64634,45.10622,7.68124,45.10452,1317,3790,2017-09-18T09:00:25.000Z,1505718025,2743,,,,,,,,,
75,Torino,-1,-1,"Corso Bolzano, 44, 10121 Torino TO",car2go,1505716548,-1,-1,190/EZ415NP,"Corso Bolzano, 44, 10121 Torino TO",1505715698,WME4513341K746345,false,2017-09-18T08:21:38.000Z,75,GOOD,GOOD,2017-09-18T08:35:48.000Z,CE,LineString,7.66786,45.07263,7.66786,45.07263,-1,-1,-1,-1,0,,,,,,,,,
25,Torino,12,16,"Via Michele Antonio Vibò, 26-28, 10147 Torino TO",enjoy,1505716480,4,16,EZ263SE,"Via Michele Antonio Vibò, 31, 10147 Torino TO",1505715746,,,2017-09-18T08:22:26.000Z,25,,,2017-09-18T08:34:40.000Z,,LineString,7.67753,45.0948,7.677282,45.09477,-1,-1,-1,-1,19,2,99,141,,8,1,Fiat 500,false,438540
100,Torino,5717,7606,"Via Emanuel Giovanni, 18, 10136 Torino TO",enjoy,1505718627,1494,9258,EZ199GW,"Via Bologna, 171, 10154 Torino TO",1505715746,,,2017-09-18T08:22:26.000Z,100,,,2017-09-18T09:10:27.000Z,,LineString,7.644597,45.04704,7.709049,45.088688,3938,13115,2017-09-18T10:14:30.000Z,1505722470,6856,2,99,100,141,8,1,Fiat 500,false,307271
44,Torino,1371,1825,"Via Issiglio, 84-88, 10141 Torino TO",enjoy,1505716934,332,1857,EZ085TY,"Corso Castelfidardo, 42, 10138 Torino TO",1505715746,,,2017-09-18T08:22:26.000Z,43,,,2017-09-18T08:42:14.000Z,,LineString,7.6397843,45.060795,7.658785,45.06237,1005,2150,2017-09-18T09:04:19.000Z,1505718259,1501,2,99,141,,8,1,Fiat 500,false,362774
42,Torino,846,1129,"Corso Giacomo Matteotti, 57, 10121 Torino TO",enjoy,1505716208,355,1262,EZ284GW,"Piazza Solferino, 7, 10121 Torino TO",1505715746,,,2017-09-18T08:22:26.000Z,40,,,2017-09-18T08:30:08.000Z,,LineString,7.665968,45.06934,7.6770215,45.06838,516,1126,2017-09-18T08:31:00.000Z,1505716260,874,2,99,100,141,8,1,Fiat 500,false,348670
77,Torino,73,98,"Via Borgaro, 60, 10149 Torino TO",enjoy,1505717199,144,584,EZ833DD,"Via Luini Bernardino, 77Bis, 10149 Torino TO",1505715746,,,2017-09-18T08:22:26.000Z,74,,,2017-09-18T08:46:39.000Z,,LineString,7.663038,45.096985,7.662738,45.097725,-1,-1,-1,-1,85,2,99,100,141,8,1,Fiat 500,false,417512
37,Torino,3213,4101,"Via Sebastiano Grandis, 14, 10121 Torino TO",enjoy,1505716934,743,4351,EZ816DD,"Via Arbe, 2-12, 10136 Torino TO",1505715746,,,2017-09-18T08:22:26.000Z,34,,,2017-09-18T08:42:14.000Z,,LineString,7.6679306,45.07185,7.6323147,45.055336,1777,5716,2017-09-18T09:33:15.000Z,1505719995,3344,2,99,100,141,8,1,Fiat 500,false,373228
90,Torino,15,19,"Via Carlo Ignazio Giulio, 21, 10122 Torino TO",enjoy,1505716208,557,1968,EZ057TY,"Via Piave, 21, 10122 Torino TO",1505715746,,,2017-09-18T08:22:26.000Z,90,,,2017-09-18T08:30:08.000Z,,LineString,7.677138,45.077656,7.676909,45.077618,-1,-1,-1,-1,18,2,99,141,,8,1,Fiat 500,false,364527
89,Torino,4235,5487,"Via Enrico D'Ovidio, 10129 Torino TO",enjoy,1505718155,950,6404,EZ126GW,"Corso Luigi Settembrini, 210, 10135 Torino TO",1505715746,,,2017-09-18T08:22:26.000Z,84,,,2017-09-18T09:02:35.000Z,,LineString,7.6617,45.06169,7.617761,45.02986,1757,6546,2017-09-18T09:37:37.000Z,1505720257,4940,2,99,100,141,8,1,Fiat 500,false,387320
81,Torino,-1,-1,"Via Tolmino, 56-1676, 10141 Torino TO",car2go,1505732350,-1,-1,533/FK813LX,"Via Andrea Sansovino, 191-205, 10151 Torino TO",1505715750,WME4530421Y135150,true,2017-09-18T08:22:30.000Z,75,GOOD,GOOD,2017-09-18T12:59:10.000Z,CE,LineString,7.64392,45.05531,7.65001,45.10738,-1,-1,-1,-1,5805,,,,,,,,,
25,Torino,-1,-1,"Corso Sebastopoli, 304, 10136 Torino TO",car2go,1505716117,-1,-1,018/FF776KW,"Corso Sebastopoli, 304, 10136 Torino TO",1505715750,WME4533421K148762,true,2017-09-18T08:22:30.000Z,25,GOOD,GOOD,2017-09-18T08:28:37.000Z,CE,LineString,7.63183,45.04983,7.63183,45.04983,-1,-1,-1,-1,0,,,,,,,,,
96,Torino,-1,-1,"Corso Racconigi, 53, 10139 Torino TO",car2go,1505716603,-1,-1,497/FK900LX,"Corso Racconigi, 53, 10139 Torino TO",1505715803,WME4530421Y135067,true,2017-09-18T08:23:23.000Z,96,GOOD,GOOD,2017-09-18T08:36:43.000Z,CE,LineString,7.64626,45.06931,7.64626,45.06931,-1,-1,-1,-1,0,,,,,,,,,
100,Torino,-1,-1,"Corso Quintino Sella, 96, 10132 Torino TO",car2go,1505718193,1647,11451,002/FF741KW,"Corso Enrico Tazzoli, 188-190, 10137 Torino TO",1505715803,WME4533421K140145,true,2017-09-18T08:23:23.000Z,100,GOOD,GOOD,2017-09-18T09:03:13.000Z,CE,LineString,7.71613,45.06569,7.62076,45.03672,-1,-1,-1,-1,8149,,,,,,,,,
71,Torino,2214,2773,"Via Cesare Lombroso, 27, 10125 Torino TO",car2go,1505716704,615,2882,506/FK909LX,"Corso Castelfidardo, 10129 Torino TO",1505715803,WME4530421Y135122,true,2017-09-18T08:23:23.000Z,71,GOOD,GOOD,2017-09-18T08:38:24.000Z,CE,LineString,7.68501,45.05547,7.65924,45.06254,1014,2783,2017-09-18T08:58:27.000Z,1505717907,2170,,,,,,,,,
15,Torino,-1,-1,"Via Ricaldone, 36, 10136 Torino TO",car2go,1505717066,-1,-1,349/FF153VY,"Via Ricaldone, 36, 10136 Torino TO",1505715857,WME4533421K152500,true,2017-09-18T08:24:17.000Z,15,GOOD,GOOD,2017-09-18T08:44:26.000Z,CE,LineString,7.64529,45.05068,7.64529,45.05068,-1,-1,-1,-1,0,,,,,,,,,
87,Torino,3696,4807,"Via Giosuè Borsi, 110, 10149 Torino TO",car2go,1505717230,970,5947,480/FK871LX,"Via Spalato, 33, 10141 Torino TO",1505715857,WME4530421Y135098,true,2017-09-18T08:24:17.000Z,84,GOOD,GOOD,2017-09-18T08:47:10.000Z,CE,LineString,7.6542,45.09918,7.65306,45.06023,2487,6268,2017-09-18T09:32:30.000Z,1505719950,4329,,,,,,,,,
65,Torino,699,946,"Via Ottavio Revel, 5, 10121 Torino TO",car2go,1505716275,399,1535,538/FK818LX,"Via Don Giovanni Minzoni, 1-3, 10121 Torino TO",1505715857,WME4530421Y135144,true,2017-09-18T08:24:17.000Z,62,GOOD,GOOD,2017-09-18T08:31:15.000Z,CE,LineString,7.66919,45.06957,7.67722,45.06715,548,1145,2017-09-18T08:43:37.000Z,1505717017,685,,,,,,,,,
18,Torino,2260,2923,"Piazza della Repubblica, 5D, 10122 Torino TO",car2go,1505717230,1045,5658,487/FK890LX,"Largo Re Umberto, 98a, 10128 Torino TO",1505715959,WME4530421Y135229,true,2017-09-18T08:25:59.000Z,18,GOOD,GOOD,2017-09-18T08:47:10.000Z,CE,LineString,7.68212,45.07642,7.66514,45.05333,1412,3635,2017-09-18T09:11:44.000Z,1505718704,2891,,,,,,,,,
59,Torino,2478,3286,"Via Enrico Petrella, 38, 10154 Torino TO",car2go,1505717704,1032,4716,131/FF148NT,"Via Santa Maria, 9, 10122 Torino TO",1505715959,WME4533421K152895,true,2017-09-18T08:25:59.000Z,56,GOOD,GOOD,2017-09-18T08:55:04.000Z,CE,LineString,7.70346,45.08971,7.67724,45.07226,1526,3912,2017-09-18T09:22:57.000Z,1505719377,2827,,,,,,,,,
50,Torino,2198,2858,"Corso Peschiera, 139, 10141 Torino TO",car2go,1505716548,568,2841,344/FF148VY,"Corso Massimo d'Azeglio, 11, 10126 Torino TO",1505715959,WME4533421K151871,true,2017-09-18T08:25:59.000Z,50,GOOD,GOOD,2017-09-18T08:35:48.000Z,CE,LineString,7.65316,45.06317,7.68215,45.05009,1136,2971,2017-09-18T09:00:20.000Z,1505718020,2700,,,,,,,,,
34,Torino,4134,5350,"Via Ottavio Revel, 10121 Torino TO",car2go,1505717430,957,6109,291/FF226SJ,"Corso Enrico Tazzoli, 114, 10137 Torino TO",1505715959,WME4533421K152905,true,2017-09-18T08:25:59.000Z,31,GOOD,GOOD,2017-09-18T08:50:30.000Z,CE,LineString,7.66781,45.07,7.62688,45.03516,2263,6161,2017-09-18T09:28:36.000Z,1505719716,5031,,,,,,,,,
100,Torino,3079,4059,"Via Somalia, 42/A, 10024 Moncalieri TO",car2go,1505716858,585,4607,125/FF134NT,"Via Plava, 76-78, 10135 Torino TO",1505715959,WME4533421K152482,true,2017-09-18T08:25:59.000Z,100,GOOD,GOOD,2017-09-18T08:40:58.000Z,CE,LineString,7.65757,45.01329,7.61436,45.02072,1465,6490,2017-09-18T09:10:27.000Z,1505718627,3493,,,,,,,,,
62,Torino,-1,-1,"Via Vittorio Cuniberti, 92F, 10151 Torino TO",car2go,1505716117,-1,-1,218/FF065SJ,"Via Vittorio Cuniberti, 92F, 10151 Torino TO",1505715959,WME4533421K144610,true,2017-09-18T08:25:59.000Z,62,GOOD,GOOD,2017-09-18T08:28:37.000Z,CE,LineString,7.65578,45.11072,7.65578,45.11072,-1,-1,-1,-1,0,,,,,,,,,
100,Torino,-1,-1,"Via Valprato, 57, 10155 Torino TO",car2go,1505717178,-1,-1,020/FF778KW,"Via Valprato, 57, 10155 Torino TO",1505715959,WME4533421K148812,true,2017-09-18T08:25:59.000Z,100,GOOD,GOOD,2017-09-18T08:46:18.000Z,CE,LineString,7.68249,45.09319,7.68249,45.09319,-1,-1,-1,-1,0,,,,,,,,,
90,Torino,2817,3617,"Via Pasquale Paoli, 17, 10134 Torino TO",enjoy,1505717424,747,4138,EZ011TY,"Corso Racconigi, 128, 10141 Torino TO",1505715978,,,2017-09-18T08:26:18.000Z,88,,,2017-09-18T08:50:24.000Z,,LineString,7.653702,45.037117,7.6450214,45.063587,1666,6019,2017-09-18T09:25:55.000Z,1505719555,3019,2,99,141,,8,1,Fiat 500,false,309764
82,Torino,5180,6815,"Via Giuseppe Baretti, 4, 10125 Torino TO",enjoy,1505718155,1240,7227,EZ271GW,"Corso Unione Sovietica, 592, 10135 Torino TO",1505715978,,,2017-09-18T08:26:18.000Z,80,,,2017-09-18T09:02:35.000Z,,LineString,7.6784472,45.05773,7.6246724,45.013763,2549,7860,2017-09-18T09:43:23.000Z,1505720603,6457,2,99,100,141,8,1,Fiat 500,false,433023
69,Torino,1778,2415,"Via Gaspare Gozzi, 9, 10121 Torino TO",enjoy,1505716705,732,2804,EZ004TY,"Via Fratelli Calandra, 23, 10123 Torino TO",1505715978,,,2017-09-18T08:26:18.000Z,68,,,2017-09-18T08:38:25.000Z,,LineString,7.666736,45.07051,7.6880603,45.05979,875,2227,2017-09-18T08:53:24.000Z,1505717604,2054,2,99,141,,8,1,Fiat 500,false,337734
75,Torino,1991,2559,"Corso Svizzera, 179a, 10149 Torino TO",enjoy,1505717199,533,2804,EZ797DD,"Corso Vittorio Emanuele II, 129, 10138 Torino TO",1505715978,,,2017-09-18T08:26:18.000Z,74,,,2017-09-18T08:46:39.000Z,,LineString,7.660285,45.09017,7.6584086,45.069992,888,2518,2017-09-18T09:08:43.000Z,1505718523,2247,2,99,100,141,8,1,Fiat 500,false,405204
53,Torino,4768,6271,"Corso Bolzano, 2, 10121 Torino TO",enjoy,1505718393,1184,6637,EZ999DD,"Via Piobesi, 14-20, 10135 Torino TO",1505715978,,,2017-09-18T08:26:18.000Z,52,,,2017-09-18T09:06:33.000Z,,LineString,7.66425,45.06826,7.642477,45.02112,1981,8500,2017-09-18T09:42:43.000Z,1505720563,5510,2,99,100,141,8,1,Fiat 500,false,421620
15,Torino,1794,2366,"Via Aosta, 18, 10152 Torino TO",enjoy,1505717690,554,2879,EZ112GW,"Via Varallo, 11-13, 10153 Torino TO",1505715978,,,2017-09-18T08:26:18.000Z,14,,,2017-09-18T08:54:50.000Z,,LineString,7.6903706,45.08307,7.7101088,45.070427,1216,2785,2017-09-18T09:27:22.000Z,1505719642,2091,2,99,100,,8,1,Fiat 500,false,367866
91,Torino,329,413,"Corso Principe Oddone, 3, 10144 Torino TO",enjoy,1505719096,313,1121,EZ118GW,"Via Carlo Allioni, 2, 10122 Torino TO",1505715978,,,2017-09-18T08:26:18.000Z,89,,,2017-09-18T09:18:16.000Z,,LineString,7.6693506,45.078243,7.6717796,45.076893,-1,-1,-1,-1,242,2,99,100,141,8,1,Fiat 500,false,400656
30,Torino,2556,3410,"Corso Castelfidardo, 42, 10138 Torino TO",enjoy,1505718155,552,3689,EZ808DD,"Via Livorno, 58, 10144 Torino TO",1505715978,,,2017-09-18T08:26:18.000Z,93,,,2017-09-18T09:02:35.000Z,,LineString,7.6588783,45.062534,7.670528,45.089043,2450,4604,2017-09-18T09:47:57.000Z,1505720877,3084,2,99,100,141,8,1,Fiat 500,false,382886
59,Torino,2779,3662,"Via San Domenico, 21, 10122 Torino TO",car2go,1505717066,708,3711,088/FF054NT,"Viale Madonna di Campagna, 17, 10147 Torino TO",1505716013,WME4533421K150213,true,2017-09-18T08:26:53.000Z,56,GOOD,GOOD,2017-09-18T08:44:26.000Z,CE,LineString,7.67686,45.07593,7.66839,45.10233,1691,5024,2017-09-18T09:11:14.000Z,1505718674,3008,,,,,,,,,
65,Torino,2297,3135,"Via Chambéry, 24, 10141 Torino TO",car2go,1505716911,488,3142,476/FK867LX,"Corso Svizzera, 26, 10143 Torino TO",1505716013,WME4530421Y135224,true,2017-09-18T08:26:53.000Z,62,GOOD,GOOD,2017-09-18T08:41:51.000Z,CE,LineString,7.62021,45.06927,7.64966,45.07824,1129,3321,2017-09-18T09:01:50.000Z,1505718110,2516,,,,,,,,,
60,Torino,1399,1898,"Via Giuseppe Pomba, 19, 10123 Torino TO",car2go,1505716755,470,2233,195/EZ569NP,"Via Giovanni Francesco Napione, 39-41, 10124 Torino TO",1505716013,WME4513341K751040,false,2017-09-18T08:26:53.000Z,60,GOOD,GOOD,2017-09-18T08:39:15.000Z,CE,LineString,7.68485,45.06471,7.70296,45.06893,1053,2405,2017-09-18T08:58:38.000Z,1505717918,1496,,,,,,,,,
40,Torino,3052,3957,"Via Bernardino Drovetti, 26, 10138 Torino TO",car2go,1505717178,823,4636,552/FK249PV,"Via Francesco De Sanctis, 136, 10142 Torino TO",1505716013,WME4530421Y135271,true,2017-09-18T08:26:53.000Z,37,GOOD,GOOD,2017-09-18T08:46:18.000Z,CE,LineString,7.66496,45.07337,7.62292,45.06506,1745,4787,2017-09-18T09:16:10.000Z,1505718970,3426,,,,,,,,,
40,Torino,2658,3465,"Corso Giovanni Pascoli, 5-9, 10134 Torino TO",car2go,1505717489,811,3948,452/FK645LX,"Via dei Quartieri, 4, 10122 Torino TO",1505716117,WME4530421Y135061,true,2017-09-18T08:28:37.000Z,37,GOOD,GOOD,2017-09-18T08:51:29.000Z,CE,LineString,7.65878,45.04945,7.67476,45.0756,1705,4300,2017-09-18T09:23:03.000Z,1505719383,3165,,,,,,,,,
12,Torino,-1,-1,"Corso Galileo Ferraris, 120, 10129 Torino TO",car2go,1505727680,-1,-1,180/FF334NT,"Corso Re Umberto, 23, 10128 Torino TO",1505716117,WME4533421K149939,true,2017-09-18T08:28:37.000Z,100,GOOD,GOOD,2017-09-18T11:41:20.000Z,CE,LineString,7.66241,45.05354,7.67358,45.06359,-1,-1,-1,-1,1419,,,,,,,,,
81,Torino,2171,2951,"Via Giovanni Carlo Cavalli, 1a, 10138 Torino TO",car2go,1505717430,535,3625,313/FF288SJ,"Via Aosta, 8, 10152 Torino TO",1505716117,WME4533421K151745,true,2017-09-18T08:28:37.000Z,81,GOOD,GOOD,2017-09-18T08:50:30.000Z,CE,LineString,7.66426,45.06977,7.68913,45.08148,1486,3846,2017-09-18T09:17:34.000Z,1505719054,2345,,,,,,,,,
15,Torino,3290,4333,"Corso Unione Sovietica, 221A, 10134 Torino TO",car2go,1505717818,775,4632,492/FK895LX,"Via San Francesco d'Assisi, 37-39, 10121 Torino TO",1505716117,WME4530421Y135239,true,2017-09-18T08:28:37.000Z,15,GOOD,GOOD,2017-09-18T08:56:58.000Z,CE,LineString,7.64973,45.03555,7.67733,45.06767,1520,4689,2017-09-18T09:21:41.000Z,1505719301,4175,,,,,,,,,
50,Torino,3625,4744,"Via Vittorio Cuniberti, 92F, 10151 Torino TO",car2go,1505718296,942,4930,116/FF115NT,"Via Coazze, 18, 10138 Torino TO",1505716117,WME4533421K151687,true,2017-09-18T08:28:37.000Z,46,GOOD,GOOD,2017-09-18T09:04:56.000Z,CE,LineString,7.65579,45.11071,7.6533,45.07457,1922,5663,2017-09-18T09:39:11.000Z,1505720351,4020,,,,,,,,,
50,Torino,-1,-1,"Corso Cesare Correnti, 58, 10136 Torino TO",car2go,1505716223,-1,-1,543/FK206PV,"Corso Cesare Correnti, 58, 10136 Torino TO",1505716117,WME4530421Y135034,true,2017-09-18T08:28:37.000Z,50,GOOD,GOOD,2017-09-18T08:30:23.000Z,CE,LineString,7.63301,45.05111,7.63301,45.05111,-1,-1,-1,-1,0,,,,,,,,,
68,Torino,2957,3824,"Via Poliziano, 41, 10153 Torino TO",car2go,1505717543,666,3953,296/FF242SJ,"Str. del Fortino, 42, 10152 Torino TO",1505716117,WME4533421K154256,true,2017-09-18T08:28:37.000Z,68,GOOD,GOOD,2017-09-18T08:52:23.000Z,CE,LineString,7.7163,45.07658,7.67564,45.08633,2171,5428,2017-09-18T09:42:15.000Z,1505720535,3369,,,,,,,,,
31,Torino,1472,1935,"Via Buenos Aires, 72, 10137 Torino TO",car2go,1505717123,415,1952,419/FK620LX,"Corso Siracusa, 35-39, 10136 Torino TO",1505716117,WME4530421Y135099,true,2017-09-18T08:28:37.000Z,31,GOOD,GOOD,2017-09-18T08:45:23.000Z,CE,LineString,7.64053,45.03766,7.63481,45.05179,925,2452,2017-09-18T09:12:01.000Z,1505718721,1633,,,,,,,,,
56,Torino,2346,2993,"Corso Tortona, 55-57, 10153 Torino TO",car2go,1505718244,933,3771,178/FF203NT,"Via Cernaia, 30, 10122 Torino TO",1505716172,WME4533421K151741,true,2017-09-18T08:29:32.000Z,56,GOOD,GOOD,2017-09-18T09:04:04.000Z,CE,LineString,7.70468,45.07473,7.67153,45.07252,-1,-1,-1,-1,2613,,,,,,,,,
78,Torino,1715,2306,"Corso Giulio Cesare, 31A, 10152 Torino TO",enjoy,1505717199,574,2845,EZ164SE,"Corso Taranto, 44-56, 10154 Torino TO",1505716208,,,2017-09-18T08:30:08.000Z,77,,,2017-09-18T08:46:39.000Z,,LineString,7.687889,45.083508,7.7010837,45.10073,738,2347,2017-09-18T09:02:00.000Z,1505718120,2175,2,99,141,,8,1,Fiat 500,false,436484
38,Torino,4128,5321,"Corso Raffaello, 17, 10125 Torino TO",enjoy,1505721030,949,5845,EZ058TY,"Corso Enrico Tazzoli, 116, 10137 Torino TO",1505716208,,,2017-09-18T08:30:08.000Z,35,,,2017-09-18T09:50:30.000Z,,LineString,7.6779156,45.05185,7.6262493,45.035393,2406,6861,2017-09-18T10:34:14.000Z,1505723654,4449,2,99,141,,8,1,Fiat 500,false,353367
86,Torino,21,29,"Corso Giulio Cesare, 28, 10152 Torino TO",enjoy,1505716480,5,29,EZ047TY,"Corso Giulio Cesare, 30, 10152 Torino TO",1505716208,,,2017-09-18T08:30:08.000Z,86,,,2017-09-18T08:34:40.000Z,,LineString,7.6882796,45.083588,7.6884093,45.08383,-1,-1,-1,-1,28,2,99,,,8,1,Fiat 500,false,411035
84,Torino,1306,1689,"Via Vagnone, 16, 10144 Torino TO",enjoy,1505717919,491,2735,EZ226GW,"Via Nino Bixio, 45, 10138 Torino TO",1505716208,,,2017-09-18T08:30:08.000Z,82,,,2017-09-18T08:58:39.000Z,,LineString,7.664122,45.08056,7.657974,45.06784,1023,2302,2017-09-18T09:22:05.000Z,1505719325,1493,2,99,100,141,8,1,Fiat 500,false,421782
89,Torino,931,1197,"via San Pietro in Vincoli, 28, 10152 Torino TO",enjoy,1505717199,698,2684,EZ988DD,"Via Santa Maria, 81, 10122 Torino TO",1505716208,,,2017-09-18T08:30:08.000Z,87,,,2017-09-18T08:46:39.000Z,,LineString,7.6808968,45.08215,7.6761055,45.07264,934,1683,2017-09-18T09:02:06.000Z,1505718126,1121,2,99,100,141,8,1,Fiat 500,false,485396
91,Torino,1303,1698,"Via Nole, 16-30, 10149 Torino TO",enjoy,1505718155,374,2047,EZ129GW,"Via S. Donato, 38-40, 10144 Torino TO",1505716208,,,2017-09-18T08:30:08.000Z,90,,,2017-09-18T09:02:35.000Z,,LineString,7.6605625,45.091824,7.6648803,45.080235,866,2181,2017-09-18T09:21:11.000Z,1505719271,1331,2,99,100,141,8,1,Fiat 500,false,401736
43,Torino,3549,4655,"Corso Castelfidardo, 30A, 10129 Torino TO",enjoy,1505717690,738,4915,EZ096TY,"Via Cardinale Guglielmo Massaia, 75, 10147 Torino TO",1505716208,,,2017-09-18T08:30:08.000Z,42,,,2017-09-18T08:54:50.000Z,,LineString,7.66077,45.065144,7.668462,45.101467,2272,5858,2017-09-18T09:38:32.000Z,1505720312,4081,2,99,141,,8,1,Fiat 500,false,435072
44,Torino,4912,6399,"Via Michele Antonio Vibò, 21, 10147 Torino TO",enjoy,1505717690,1077,6647,EZ195TY,"Via Lesegno, 54, 10136 Torino TO",1505716208,,,2017-09-18T08:30:08.000Z,40,,,2017-09-18T08:54:50.000Z,,LineString,7.6782255,45.0945,7.6426044,45.04971,2919,9126,2017-09-18T09:50:44.000Z,1505721044,5708,2,99,141,,8,1,Fiat 500,false,453488
76,Torino,3322,4370,"Via Barletta, 5-7, 10136 Torino TO",enjoy,1505717919,1007,5505,EZ118TY,"Piazza Savoia, 6, 10122 Torino TO",1505716208,,,2017-09-18T08:30:08.000Z,74,,,2017-09-18T08:58:39.000Z,,LineString,7.6495385,45.0456,7.677623,45.07498,1588,4874,2017-09-18T09:35:48.000Z,1505720148,3939,2,99,141,,8,1,Fiat 500,false,478642
74,Torino,-1,-1,"Corso Taranto, Torino, TO, Italia",enjoy,1505716480,-1,-1,EZ104GW,"Corso Taranto, Torino, TO, Italia",1505716208,,,2017-09-18T08:30:08.000Z,74,,,2017-09-18T08:34:40.000Z,,LineString,7.706555,45.098236,7.706555,45.098236,-1,-1,-1,-1,0,2,99,100,141,8,1,Fiat 500,false,406408
75,Torino,427,565,"Via Gradisca, 105A, 10137 Torino TO",car2go,1505722982,159,606,200/EZ567NP,"Via Piscina, 11a, 10137 Torino TO",1505716223,WME4513341K750439,false,2017-09-18T08:30:23.000Z,69,GOOD,GOOD,2017-09-18T10:23:02.000Z,CE,LineString,7.64251,45.04489,7.63716,45.04259,344,580,2017-09-18T10:27:30.000Z,1505723250,491,,,,,,,,,
40,Torino,-1,-1,"Corso Eusebio Giambone, 71, 10134 Torino TO",car2go,1505718090,-1,-1,308/FF283SJ,"Via Polonghera, 52, 10138 Torino TO",1505716223,WME4533421K151551,true,2017-09-18T08:30:23.000Z,37,GOOD,GOOD,2017-09-18T09:01:30.000Z,CE,LineString,7.65484,45.03035,7.65357,45.06542,2191,8632,2017-09-18T09:39:28.000Z,1505720368,3898,,,,,,,,,
56,Torino,414,563,"Via Tollegno, 1-9, 10154 Torino TO",car2go,1505716380,156,843,174/FF199NT,"Piazza Giovanni Bottesini, 11, 10154 Torino TO",1505716223,WME4533421K151401,true,2017-09-18T08:30:23.000Z,56,GOOD,GOOD,2017-09-18T08:33:00.000Z,CE,LineString,7.69754,45.08463,7.69756,45.08814,382,1041,2017-09-18T08:42:41.000Z,1505716961,390,,,,,,,,,
100,Torino,1689,2277,"Via Amerigo Vespucci, 10, 10128 Torino TO",car2go,1505717650,644,2926,526/FK806LX,"Via Giuseppe Pomba, 18-20, 10123 Torino TO",1505716223,WME4530421Y135166,true,2017-09-18T08:30:23.000Z,100,GOOD,GOOD,2017-09-18T08:54:10.000Z,CE,LineString,7.66659,45.05477,7.68509,45.06478,1208,2602,2017-09-18T09:17:21.000Z,1505719041,1829,,,,,,,,,
28,Torino,2037,2673,"Corso Giulio Cesare, 80, 10154 Torino TO",car2go,1505717123,1116,4968,461/FK852LX,"Via S. Tommaso, 27, 10121 Torino TO",1505716223,WME4530421Y135193,true,2017-09-18T08:30:23.000Z,25,GOOD,GOOD,2017-09-18T08:45:23.000Z,CE,LineString,7.69226,45.08975,7.68097,45.06914,1126,2911,2017-09-18T09:06:08.000Z,1505718368,2455,,,,,,,,,
28,Torino,5083,6817,"Corso Siracusa, 16-18, 10136 Torino TO",car2go,1505717757,1118,7525,517/FK718LX,"Corso Grosseto, 190, 10148 Torino TO",1505716223,WME4530421Y135188,true,2017-09-18T08:30:23.000Z,25,GOOD,GOOD,2017-09-18T08:55:57.000Z,CE,LineString,7.63445,45.05371,7.67012,45.10513,2191,7131,2017-09-18T09:40:00.000Z,1505720400,6362,,,,,,,,,
62,Torino,2421,3208,"Corso Unione Sovietica, 171, 10134 Torino TO",car2go,1505717066,602,3544,421/FK622LX,"Via Massena, 6-12, 10128 Torino TO",1505716275,WME4530421Y135101,true,2017-09-18T08:31:15.000Z,59,GOOD,GOOD,2017-09-18T08:44:26.000Z,CE,LineString,7.6542,45.03946,7.6744,45.06319,1140,3520,2017-09-18T09:08:19.000Z,1505718499,3077,,,,,,,,,
43,Torino,5800,7887,"Via Valentino Carrera, 104, 10146 Torino TO",car2go,1505719251,1053,17872,466/FK857LX,"Via Federico Patetta, 10155 Torino TO",1505716328,WME4530421Y135206,true,2017-09-18T08:32:08.000Z,37,GOOD,GOOD,2017-09-18T09:20:51.000Z,CE,LineString,7.62558,45.08015,7.70028,45.10458,2148,8348,2017-09-18T10:10:37.000Z,1505722237,6458,,,,,,,,,
43,Torino,-1,-1,"Corso Potenza, 6, 10143 Torino TO",car2go,1505716434,-1,-1,160/FF185NT,"Corso Potenza, 6, 10143 Torino TO",1505716328,WME4533421K152652,true,2017-09-18T08:32:08.000Z,43,GOOD,GOOD,2017-09-18T08:33:54.000Z,CE,LineString,7.65216,45.0879,7.65216,45.0879,-1,-1,-1,-1,0,,,,,,,,,
84,Torino,185,257,"Via Nizza, 10, 10125 Torino TO",car2go,1505717595,282,924,537/FK817LX,"Via Claudio Luigi Berthollet, 5A, 10125 Torino TO",1505716328,WME4530421Y135146,true,2017-09-18T08:32:08.000Z,81,GOOD,GOOD,2017-09-18T08:53:15.000Z,CE,LineString,7.67756,45.05882,7.67974,45.05972,-1,-1,-1,-1,198,,,,,,,,,
43,Torino,1663,2166,"Via Moncalvo, 55, 10131 Torino TO",car2go,1505717230,554,2726,548/FK211PV,"Via Principe Amedeo, 13, 10123 Torino TO",1505716328,WME4530421Y135093,true,2017-09-18T08:32:08.000Z,40,GOOD,GOOD,2017-09-18T08:47:10.000Z,CE,LineString,7.7097,45.0651,7.68808,45.06759,1087,2798,2017-09-18T09:08:33.000Z,1505718513,1719,,,,,,,,,
46,Torino,2483,3273,"Via S. Marino, 133, 10137 Torino TO",car2go,1505717981,659,3842,332/FF065VV,"Via Massena, 101, 10128 Torino TO",1505716380,WME4533421K152238,true,2017-09-18T08:33:00.000Z,46,GOOD,GOOD,2017-09-18T08:59:41.000Z,CE,LineString,7.63634,45.04044,7.66752,45.05339,1394,3823,2017-09-18T09:27:02.000Z,1505719622,2839,,,,,,,,,
34,Torino,2783,3720,"Via Caraglio, 69, 10141 Torino TO",car2go,1505717818,661,3960,470/FK861LX,"Via Nole, 59-61, 10149 Torino TO",1505716380,WME4530421Y135213,true,2017-09-18T08:33:00.000Z,34,GOOD,GOOD,2017-09-18T08:56:58.000Z,CE,LineString,7.642,45.06212,7.65745,45.09156,1600,4322,2017-09-18T09:28:44.000Z,1505719724,3488,,,,,,,,,
75,Torino,2014,2711,"Via Pinerolo, 35a, 10152 Torino TO",car2go,1505718193,578,3339,264/FF157SJ,"Corso Regina Margherita, 46, 10153 Torino TO",1505716380,WME4533421K150729,true,2017-09-18T08:33:00.000Z,71,GOOD,GOOD,2017-09-18T09:03:13.000Z,CE,LineString,7.68493,45.08833,7.70082,45.07127,1518,3554,2017-09-18T09:41:41.000Z,1505720501,2269,,,,,,,,,
100,Torino,941,1289,"Via Nole, 55, 10149 Torino TO",car2go,1505716911,326,1662,164/FF189NT,"Corso Mortara, 24, 10149 Torino TO",1505716434,WME4533421K152828,true,2017-09-18T08:33:54.000Z,100,GOOD,GOOD,2017-09-18T08:41:51.000Z,CE,LineString,7.65902,45.09172,7.67426,45.09021,-1,-1,-1,-1,1207,,,,,,,,,
65,Torino,4383,5670,"Via Madonna delle Rose, 70, 10134 Torino TO",car2go,1505717923,1092,6671,059/FF025NT,"Corso Svizzera, 5, 10143 Torino TO",1505716434,WME4533421K142426,true,2017-09-18T08:33:54.000Z,62,GOOD,GOOD,2017-09-18T08:58:43.000Z,CE,LineString,7.657,45.03403,7.64872,45.07657,1970,7867,2017-09-18T09:39:45.000Z,1505720385,4771,,,,,,,,,
100,Torino,2031,2709,"Corso Enrico Gamba, 10144 Torino TO",car2go,1505718404,932,4134,127/FF136NT,"Via Po, 10, 10123 Torino TO",1505716434,WME4533421K152637,true,2017-09-18T08:33:54.000Z,100,GOOD,GOOD,2017-09-18T09:06:44.000Z,CE,LineString,7.67311,45.08462,7.68854,45.06917,1404,4067,2017-09-18T09:39:01.000Z,1505720341,2100,,,,,,,,,
96,Torino,1601,2056,"Corso Umbria, 52, 10144 Torino TO",enjoy,1505717919,291,2083,EZ053TY,"Corso Inghilterra, 13a, 10138 Torino TO",1505716480,,,2017-09-18T08:34:40.000Z,94,,,2017-09-18T08:58:39.000Z,,LineString,7.665757,45.087498,7.664373,45.071262,911,2493,2017-09-18T09:17:52.000Z,1505719072,1807,2,99,141,,8,1,Fiat 500,false,464009
61,Torino,4360,5863,"Corso Potenza, 48-56, 10149 Torino TO",enjoy,1505718393,1037,6299,EZ046TY,"Via Lessolo, 5-9, 10153 Torino TO",1505716480,,,2017-09-18T08:34:40.000Z,58,,,2017-09-18T09:06:33.000Z,,LineString,7.6553974,45.09258,7.7122016,45.07057,2466,6606,2017-09-18T09:55:45.000Z,1505721345,5084,2,99,141,,8,1,Fiat 500,false,358667
82,Torino,2118,2737,"Corso Giulio Cesare, 31A, 10152 Torino TO",enjoy,1505717199,557,2975,EZ173TY,"Corso Grosseto, 58, 10148 Torino TO",1505716480,,,2017-09-18T08:34:40.000Z,84,,,2017-09-18T08:46:39.000Z,,LineString,7.688041,45.083645,7.683989,45.104374,1532,3343,2017-09-18T09:06:40.000Z,1505718400,2325,2,99,141,,8,1,Fiat 500,false,310773
37,Torino,2830,3694,"Via Giovanni Paisiello, 27-37, 10154 Torino TO",enjoy,1505718393,1138,5627,EZ032TY,"Via Confienza, 22, 10121 Torino TO",1505716480,,,2017-09-18T08:34:40.000Z,34,,,2017-09-18T09:06:33.000Z,,LineString,7.7010784,45.091106,7.6747403,45.067337,1574,4774,2017-09-18T09:35:26.000Z,1505720126,3353,2,99,141,,8,1,Fiat 500,false,455979
90,Torino,3,5,"Via Luigi Cibrario, 4, 10143 Torino TO",enjoy,1505716934,1,5,EZ791DD,"Via Luigi Cibrario, 4, 10143 Torino TO",1505716480,,,2017-09-18T08:34:40.000Z,90,,,2017-09-18T08:42:14.000Z,,LineString,7.6681366,45.077282,7.6680613,45.07727,-1,-1,-1,-1,6,2,99,100,,8,1,Fiat 500,false,458044
47,Torino,3475,4565,"Via Pietro Mascagni, 122B, 10154 Torino TO",enjoy,1505718155,1384,6373,EZ803DF,"Corso Giacomo Matteotti, 1, 10121 Torino TO",1505716480,,,2017-09-18T08:34:40.000Z,42,,,2017-09-18T09:02:35.000Z,,LineString,7.7073383,45.09736,7.6785064,45.06504,2035,5810,2017-09-18T09:35:58.000Z,1505720158,4244,2,99,100,141,8,1,Fiat 500,false,475623
44,Torino,2378,3074,"Via Lodi, 1, 10152 Torino TO",enjoy,1505717690,570,3483,EZ131TY,"Via Viterbo, 78-90, 10149 Torino TO",1505716480,,,2017-09-18T08:34:40.000Z,42,,,2017-09-18T08:54:50.000Z,,LineString,7.689118,45.084682,7.659375,45.094715,1686,3647,2017-09-18T09:20:04.000Z,1505719204,2586,2,99,141,,8,1,Fiat 500,false,459701
44,Torino,2733,3520,"Lungo Po Alessandro Antonelli, 177, 10153 Torino TO",enjoy,1505717919,708,4037,EZ183TY,"Piazza della Repubblica, 12, 10152 Torino TO",1505716480,,,2017-09-18T08:34:40.000Z,42,,,2017-09-18T08:58:39.000Z,,LineString,7.7263904,45.074787,7.6849933,45.076756,1494,5314,2017-09-18T09:30:45.000Z,1505719845,3255,2,99,141,,8,1,Fiat 500,false,361384
75,Torino,315,416,"Via Giovanni Botero, 17, 10122 Torino TO",enjoy,1505719578,112,417,EZ114GW,"Corso Giuseppe Siccardi, 8A, 10122 Torino TO",1505716480,,,2017-09-18T08:34:40.000Z,74,,,2017-09-18T09:26:18.000Z,,LineString,7.6790953,45.07093,7.674778,45.07148,304,456,2017-09-18T09:31:38.000Z,1505719898,344,2,99,100,141,8,1,Fiat 500,false,416105
40,Torino,1605,2094,"Piazza Solferino, 7, 10121 Torino TO",enjoy,1505717690,504,2476,EZ284GW,"Largo Re Umberto, 104, 10128 Torino TO",1505716480,,,2017-09-18T08:34:40.000Z,40,,,2017-09-18T08:54:50.000Z,,LineString,7.6770215,45.06838,7.664337,45.0532,843,2236,2017-09-18T09:09:10.000Z,1505718550,1958,2,99,100,141,8,1,Fiat 500,false,348670
84,Torino,1898,2504,"Corso Castelfidardo, 10129 Torino TO",enjoy,1505717919,486,2854,EZ187TY,"Via Gaspare Saccarelli, 28, 10144 Torino TO",1505716480,,,2017-09-18T08:34:40.000Z,84,,,2017-09-18T08:58:39.000Z,,LineString,7.6586356,45.061996,7.6672373,45.08132,1693,4489,2017-09-18T09:36:59.000Z,1505720219,2250,2,99,141,,8,1,Fiat 500,false,321489
68,Torino,1344,1714,"Via Solero, 10, 10134 Torino TO",enjoy,1505720318,442,1972,EZ793DD,"Via Caprera, 35-37, 10136 Torino TO",1505716480,,,2017-09-18T08:34:40.000Z,63,,,2017-09-18T09:38:38.000Z,,LineString,7.6655684,45.048363,7.6477165,45.04999,1105,2086,2017-09-18T10:00:01.000Z,1505721601,1413,2,99,100,141,8,1,Fiat 500,false,338510
60,Torino,2382,3261,"Via Po, 10A, 10123 Torino TO",enjoy,1505718155,687,3598,EZ837DD,"Via Oslavia, 53-57, 10153 Torino TO",1505716480,,,2017-09-18T08:34:40.000Z,58,,,2017-09-18T09:02:35.000Z,,LineString,7.688358,45.069286,7.7241106,45.074066,1317,3694,2017-09-18T09:22:56.000Z,1505719376,2855,2,99,100,141,8,1,Fiat 500,false,482285
54,Torino,2949,3995,"Via Nizza, 2, 10125 Torino TO",enjoy,1505718393,832,4236,EZ051TY,"Corso Brianza, 4-8, 10153 Torino TO",1505716480,,,2017-09-18T08:34:40.000Z,52,,,2017-09-18T09:06:33.000Z,,LineString,7.679405,45.06169,7.718037,45.075005,1620,5035,2017-09-18T09:40:26.000Z,1505720426,3373,2,99,,,8,1,Fiat 500,false,414177
51,Torino,339,425,"Corso Bolzano, 8A, 10121 Torino TO",enjoy,1505716934,203,784,FD205DR,"Via Giovanni Carlo Cavalli, 5, 10138 Torino TO",1505716480,,,2017-09-18T08:34:40.000Z,51,,,2017-09-18T08:42:14.000Z,,LineString,7.664526,45.068985,7.6625586,45.07035,-1,-1,-1,-1,216,2,99,100,141,8,1,Fiat 500,false,484493
100,Torino,2448,3314,"Corso Dante, 109, 10126 Torino TO",car2go,1505717595,432,3983,539/FK819LX,"Via Ventimiglia, 203-219, 10127 Torino TO",1505716497,WME4530421Y135143,true,2017-09-18T08:34:57.000Z,100,GOOD,GOOD,2017-09-18T08:53:15.000Z,CE,LineString,7.68031,45.04611,7.6663,45.01993,1187,4825,2017-09-18T09:19:18.000Z,1505719158,3110,,,,,,,,,
37,Torino,4879,6485,"Via Gian Domenico Romagnosi, 1, 10128 Torino TO",car2go,1505718296,1213,7295,089/FF055NT,"Viale Madonna di Campagna, 5, 10147 Torino TO",1505716497,WME4533421K150229,true,2017-09-18T08:34:57.000Z,34,GOOD,GOOD,2017-09-18T09:04:56.000Z,CE,LineString,7.67101,45.05409,7.66769,45.10198,2702,6701,2017-09-18T09:51:39.000Z,1505721099,5328,,,,,,,,,
100,Torino,-1,-1,"B, 10121 Torino TO",car2go,1505717383,-1,-1,049/FF834KW,"B, 10121 Torino TO",1505716497,WME4533421K151022,true,2017-09-18T08:34:57.000Z,100,GOOD,GOOD,2017-09-18T08:49:43.000Z,CE,LineString,7.66461,45.07152,7.66461,45.07152,-1,-1,-1,-1,0,,,,,,,,,
18,Torino,2010,2579,"Corso Umbria, 33, 10144 Torino TO",car2go,1505717818,640,2764,117/FF117NT,"Via Davide Bertolotti, 4, 10121 Torino TO",1505716497,WME4533421K151806,true,2017-09-18T08:34:57.000Z,18,GOOD,GOOD,2017-09-18T08:56:58.000Z,CE,LineString,7.66745,45.08552,7.67591,45.06869,1094,2720,2017-09-18T09:14:34.000Z,1505718874,1984,,,,,,,,,
78,Torino,1146,1472,"Via Giovanni Camerana, 14-16, 10128 Torino TO",car2go,1505717178,401,1955,215/FF055SJ,"Corso Luigi Einaudi, 36-38, 10129 Torino TO",1505716497,WME4533421K151187,true,2017-09-18T08:34:57.000Z,78,GOOD,GOOD,2017-09-18T08:46:18.000Z,CE,LineString,7.67561,45.06118,7.66061,45.06056,595,1620,2017-09-18T08:58:46.000Z,1505717926,1179,,,,,,,,,
56,Torino,1202,1625,"Corso Bolzano, 24, 10121 Torino TO",car2go,1505716858,419,1633,287/FF213SJ,"Via San Domenico, 13, 10122 Torino TO",1505716497,WME4533421K152593,true,2017-09-18T08:34:57.000Z,56,GOOD,GOOD,2017-09-18T08:40:58.000Z,CE,LineString,7.66636,45.07115,7.67995,45.07482,722,1885,2017-09-18T09:01:12.000Z,1505718072,1141,,,,,,,,,
84,Torino,690,838,"Corso Potenza, 6, 10143 Torino TO",car2go,1505717066,341,1811,208/FF045SJ,"Corso Svizzera, 59, 10143 Torino TO",1505716497,WME4533421K150403,true,2017-09-18T08:34:57.000Z,84,GOOD,GOOD,2017-09-18T08:44:26.000Z,CE,LineString,7.65208,45.08774,7.65055,45.08142,665,1146,2017-09-18T08:53:26.000Z,1505717606,712,,,,,,,,,
15,Torino,5220,6941,"Via Palmiro Togliatti, 13, 10135 Torino TO",car2go,1505718404,1062,8180,118/FF120NT,"Via Bernardino Galliari, 30-32, 10125 Torino TO",1505716497,WME4533421K151860,true,2017-09-18T08:34:57.000Z,100,GOOD,GOOD,2017-09-18T09:06:44.000Z,CE,LineString,7.63411,45.01762,7.68552,45.05856,1972,8075,2017-09-18T09:42:14.000Z,1505720534,6082,,,,,,,,,
100,Torino,3579,4733,"Via Federico Menabrea, 19b, 10126 Torino TO",car2go,1505717818,1149,6148,338/FF062VY,"Via Cignaroli, 7, 10152 Torino TO",1505716548,WME4533421K150561,true,2017-09-18T08:35:48.000Z,100,GOOD,GOOD,2017-09-18T08:56:58.000Z,CE,LineString,7.67623,45.04254,7.68676,45.07913,2019,5266,2017-09-18T09:18:01.000Z,1505719081,4149,,,,,,,,,
100,Torino,946,1262,"Via delle Rosine, 2D, 10123 Torino TO",car2go,1505717336,380,1349,458/FK652LX,"Via Roma, 343, 10123 Torino TO",1505716548,WME4530421Y135073,true,2017-09-18T08:35:48.000Z,96,GOOD,GOOD,2017-09-18T08:48:56.000Z,CE,LineString,7.69241,45.06654,7.68064,45.0648,943,2140,2017-09-18T09:08:05.000Z,1505718485,943,,,,,,,,,
31,Torino,3315,4422,"Via Isonzo, 93, 10141 Torino TO",car2go,1505718611,1021,5109,508/FK911LX,"Via dei Mille, 5, 10123 Torino TO",1505716548,WME4530421Y135177,true,2017-09-18T08:35:48.000Z,28,GOOD,GOOD,2017-09-18T09:10:11.000Z,CE,LineString,7.63843,45.06195,7.68447,45.06367,1881,5431,2017-09-18T09:54:47.000Z,1505721287,3618,,,,,,,,,
100,Torino,-1,-1,"Via Roasio, 17, 10143 Torino TO",car2go,1505717981,-1,-1,498/FK901LX,"Corso Vittorio Emanuele II, 103, 10128 Torino TO",1505716548,WME4530421Y135253,true,2017-09-18T08:35:48.000Z,100,GOOD,GOOD,2017-09-18T08:59:41.000Z,CE,LineString,7.64916,45.08003,7.66722,45.06679,-1,-1,-1,-1,2042,,,,,,,,,
78,Torino,1380,1730,"Via Nizza, 1, 10125 Torino TO",car2go,1505717543,398,1922,553/FK187XH,"Corso Giovanni Lanza, 103, 10133 Torino TO",1505716548,WME4530421Y135049,true,2017-09-18T08:35:48.000Z,78,GOOD,GOOD,2017-09-18T08:52:23.000Z,CE,LineString,7.67961,45.06187,7.69291,45.05398,892,2119,2017-09-18T09:02:08.000Z,1505718128,1363,,,,,,,,,
62,Torino,632,825,"Via Don Giovanni Minzoni, 1-3, 10121 Torino TO",car2go,1505716911,208,825,538/FK818LX,"Via Vitaliano Donati, 13, 10121 Torino TO",1505716548,WME4530421Y135144,true,2017-09-18T08:35:48.000Z,62,GOOD,GOOD,2017-09-18T08:41:51.000Z,CE,LineString,7.67722,45.06715,7.66927,45.06871,463,1074,2017-09-18T08:58:08.000Z,1505717888,647,,,,,,,,,
43,Torino,-1,-1,"Corso Giambattista Beccaria, 1, 10122 Torino TO",car2go,1505718037,511,2018,244/FF119SJ,"Via Nino Bixio, 12, 10138 Torino TO",1505716603,WME4533421K152950,true,2017-09-18T08:36:43.000Z,43,GOOD,GOOD,2017-09-18T09:00:37.000Z,CE,LineString,7.67026,45.07723,7.65664,45.06815,1208,3241,2017-09-18T09:24:05.000Z,1505719445,1469,,,,,,,,,
68,Torino,-1,-1,"Via Moretta, 2, 10138 Torino TO",car2go,1505717818,-1,-1,410/FK611LX,"Via Moretta, 2, 10138 Torino TO",1505716603,WME4530421Y135079,true,2017-09-18T08:36:43.000Z,68,GOOD,GOOD,2017-09-18T08:56:58.000Z,CE,LineString,7.6546,45.06752,7.6546,45.06752,-1,-1,-1,-1,0,,,,,,,,,
18,Torino,5294,6924,"Corso Luigi Kossuth, 1-5, 10132 Torino TO",car2go,1505718509,1015,7516,242/FF115SJ,"Via Nizza, 250, 10126 Torino TO",1505716603,WME4533421K152875,true,2017-09-18T08:36:43.000Z,18,GOOD,GOOD,2017-09-18T09:08:29.000Z,CE,LineString,7.72256,45.06687,7.66745,45.03273,2643,7829,2017-09-18T10:01:09.000Z,1505721669,5754,,,,,,,,,
28,Torino,-1,-1,"Via Duino, 182Bis, 10127 Torino TO",car2go,1505717923,-1,-1,021/FF779KW,"Via Duino, 182Bis, 10127 Torino TO",1505716603,WME4533421K148838,true,2017-09-18T08:36:43.000Z,28,GOOD,GOOD,2017-09-18T08:58:43.000Z,CE,LineString,7.65595,45.01847,7.65595,45.01847,-1,-1,-1,-1,0,,,,,,,,,
56,Torino,1341,1756,"Via Giovanni Paisiello, 24, 10154 Torino TO",car2go,1505717430,384,2094,448/FK641LX,"Lungo Dora Napoli, 32, 10152 Torino TO",1505716603,WME4530421Y135053,true,2017-09-18T08:36:43.000Z,56,GOOD,GOOD,2017-09-18T08:50:30.000Z,CE,LineString,7.69956,45.08985,7.68311,45.08389,1124,2125,2017-09-18T09:10:02.000Z,1505718602,1450,,,,,,,,,
46,Torino,-1,-1,"Via Montebello, 5, 10124 Torino TO",car2go,1505717543,-1,-1,488/FK891LX,"Via Montebello, 5, 10124 Torino TO",1505716603,WME4530421Y135234,true,2017-09-18T08:36:43.000Z,46,GOOD,GOOD,2017-09-18T08:52:23.000Z,CE,LineString,7.69206,45.06801,7.69206,45.06801,-1,-1,-1,-1,0,,,,,,,,,
71,Torino,3221,4231,"Via Tempio Pausania, 24, 10137 Torino TO",car2go,1505717923,804,4716,473/FK864LX,"Corso Castelfidardo, 10128 Torino TO",1505716655,WME4530421Y135215,true,2017-09-18T08:37:35.000Z,68,GOOD,GOOD,2017-09-18T08:58:43.000Z,CE,LineString,7.63123,45.0422,7.66209,45.06667,1905,5548,2017-09-18T09:29:31.000Z,1505719771,3641,,,,,,,,,
31,Torino,1987,2541,"Via Messina, 32, 10153 Torino TO",car2go,1505717704,975,3505,490/FK893LX,"Via Confienza, 24, 10121 Torino TO",1505716655,WME4530421Y135236,true,2017-09-18T08:37:35.000Z,31,GOOD,GOOD,2017-09-18T08:55:04.000Z,CE,LineString,7.69722,45.07746,7.67453,45.06717,1499,3914,2017-09-18T09:24:31.000Z,1505719471,2116,,,,,,,,,
25,Torino,-1,-1,"Piazza Cavour, 2/A, 10123 Torino TO",car2go,1505717066,-1,-1,107/FF095NT,"Piazza Cavour, 2/A, 10123 Torino TO",1505716655,WME4533421K144545,true,2017-09-18T08:37:35.000Z,25,GOOD,GOOD,2017-09-18T08:44:26.000Z,CE,LineString,7.68917,45.06268,7.68917,45.06268,-1,-1,-1,-1,0,,,,,,,,,
43,Torino,2737,3532,"Corso Cadore, 38, 10153 Torino TO",car2go,1505717757,772,3565,446/FK639LX,"Via Pietro Egidi, 10, 10122 Torino TO",1505716655,WME4530421Y135050,true,2017-09-18T08:37:35.000Z,40,GOOD,GOOD,2017-09-18T08:55:57.000Z,CE,LineString,7.72455,45.07365,7.68395,45.0751,1368,4742,2017-09-18T09:19:33.000Z,1505719173,3190,,,,,,,,,
100,Torino,2910,3779,"Via Cocconato, 10, 10132 Torino TO",car2go,1505718876,1003,4338,408/FK609LX,"Via del Carmine, 6, 10122 Torino TO",1505716655,WME4530421Y135076,true,2017-09-18T08:37:35.000Z,100,GOOD,GOOD,2017-09-18T09:14:36.000Z,CE,LineString,7.71572,45.06765,7.67542,45.07581,1870,5041,2017-09-18T09:46:34.000Z,1505720794,3290,,,,,,,,,
87,Torino,3027,4040,"Via Ada Negri, 12-16, 10136 Torino TO",enjoy,1505718627,793,4411,EZ119TY,"Via Nizza, 280-282, 10126 Torino TO",1505716705,,,2017-09-18T08:38:25.000Z,84,,,2017-09-18T09:10:27.000Z,,LineString,7.642886,45.051678,7.666291,45.03021,2235,8476,2017-09-18T09:49:15.000Z,1505720955,3011,2,99,141,,8,1,Fiat 500,false,396208
70,Torino,3225,4270,"Via Ada Negri, 12-16, 10136 Torino TO",enjoy,1505718627,903,4843,EZ786DF,"Via Davide Bertolotti, 6-8, 10121 Torino TO",1505716705,,,2017-09-18T08:38:25.000Z,69,,,2017-09-18T09:10:27.000Z,,LineString,7.6428475,45.05169,7.675146,45.068817,1926,5580,2017-09-18T09:44:09.000Z,1505720649,3170,2,99,100,141,8,1,Fiat 500,false,393673
37,Torino,5547,7345,"Corso Bramante, 47, 10126 Torino TO",enjoy,1505718862,1383,8168,EZ203GW,"Largo Cardinal Massaia, 35, 10147 Torino TO",1505716705,,,2017-09-18T08:38:25.000Z,34,,,2017-09-18T09:14:22.000Z,,LineString,7.6696134,45.043297,7.6717052,45.09805,2232,8180,2017-09-18T09:53:30.000Z,1505721210,6086,2,99,100,141,8,1,Fiat 500,false,399346
21,Torino,4078,5463,"Corso Sebastopoli, 272, 10136 Torino TO",enjoy,1505719096,1137,6435,EZ228TY,"Via dei Mille, 26, 10123 Torino TO",1505716705,,,2017-09-18T08:38:25.000Z,20,,,2017-09-18T09:18:16.000Z,,LineString,7.6357546,45.04854,7.6873584,45.062653,2244,6673,2017-09-18T10:01:05.000Z,1505721665,4343,2,99,141,,8,1,Fiat 500,false,429993
53,Torino,-1,-1,"Corso Duca degli Abruzzi, 22, 10129 Torino TO",enjoy,1505835334,-1,-1,EZ247GW,"Via Giambattista Pergolesi, 119, 10154 Torino TO",1505716705,,,2017-09-18T08:38:25.000Z,47,,,2017-09-19T17:35:34.000Z,,LineString,7.662725,45.06285,7.7091303,45.094772,-1,-1,-1,-1,5083,2,99,100,141,8,1,Fiat 500,false,346833
75,Torino,2079,2771,"Corso Vittorio Emanuele II, 65, 10128 Torino TO",enjoy,1505718862,698,3323,EZ785DD,"Corso Regina Margherita, 46, 10153 Torino TO",1505716705,,,2017-09-18T08:38:25.000Z,73,,,2017-09-18T09:14:22.000Z,,LineString,7.675465,45.063953,7.7010603,45.07109,1440,3934,2017-09-18T09:49:21.000Z,1505720961,2159,2,99,100,141,8,1,Fiat 500,false,319230
27,Torino,2387,3171,"Via Giulio Gianelli, 162, 10135 Torino TO",enjoy,1505717919,761,4082,EZ264GW,"Via Finalmarina, 5, 10126 Torino TO",1505716705,,,2017-09-18T08:38:25.000Z,26,,,2017-09-18T08:58:39.000Z,,LineString,7.644837,45.021023,7.668665,45.032658,1557,3797,2017-09-18T09:24:17.000Z,1505719457,2274,2,99,100,141,8,1,Fiat 500,false,426125
70,Torino,2,2,"Via Giorgio Bidone, 30-32, 10125 Torino TO",enjoy,1505717199,1,2,EZ182TY,"Via Giorgio Bidone, 30-32, 10125 Torino TO",1505716705,,,2017-09-18T08:38:25.000Z,70,,,2017-09-18T08:46:39.000Z,,LineString,7.6798725,45.05227,7.679846,45.052177,-1,-1,-1,-1,10,2,99,141,,8,1,Fiat 500,false,443214
77,Torino,5415,7104,"Corso Svizzera, 164, 10149 Torino TO",enjoy,1505718393,1257,8007,EZ237TY,"Via Lamberto de Bernardi, 5, 10135 Torino TO",1505716705,,,2017-09-18T08:38:25.000Z,74,,,2017-09-18T09:06:33.000Z,,LineString,7.6595626,45.08909,7.639009,45.031624,2723,8284,2017-09-18T10:01:41.000Z,1505721701,6586,2,99,141,,8,1,Fiat 500,false,315813
41,Torino,1718,2238,"Corso Filippo Turati, 75, 10134 Torino TO",enjoy,1505718627,414,2331,EZ039TY,"Corso Galileo Ferraris, 45, 10128 Torino TO",1505716705,,,2017-09-18T08:38:25.000Z,40,,,2017-09-18T09:10:27.000Z,,LineString,7.6627593,45.04706,7.6699104,45.063923,992,2551,2017-09-18T09:30:51.000Z,1505719851,1956,2,99,,,8,1,Fiat 500,false,439444
90,Torino,5141,6720,"Via Piave, 21, 10122 Torino TO",enjoy,1505718155,1369,7822,EZ057TY,"Corso Unione Sovietica, 363, 10135 Torino TO",1505716705,,,2017-09-18T08:38:25.000Z,90,,,2017-09-18T09:02:35.000Z,,LineString,7.676909,45.077618,7.6400642,45.027317,2400,7315,2017-09-18T09:39:17.000Z,1505720357,6293,2,99,141,,8,1,Fiat 500,false,364527
80,Torino,1890,2466,"Via Francesco Azzi, 1, 10139 Torino TO",enjoy,1505717919,530,2892,EZ778DD,"Via Guido Reni, 8, 10136 Torino TO",1505716705,,,2017-09-18T08:38:25.000Z,80,,,2017-09-18T08:58:39.000Z,,LineString,7.644704,45.067886,7.6290474,45.05605,1275,3804,2017-09-18T09:34:15.000Z,1505720055,1800,2,99,100,141,8,1,Fiat 500,false,357971
72,Torino,2945,3916,"Via Giovanni Migliara, 13, 10143 Torino TO",enjoy,1505717919,829,4319,EZ139TY,"Via Giuseppe Giacosa, 5, 10125 Torino TO",1505716705,,,2017-09-18T08:38:25.000Z,70,,,2017-09-18T08:58:39.000Z,,LineString,7.6584973,45.07924,7.6777744,45.05612,1190,4797,2017-09-18T09:20:20.000Z,1505719220,2981,2,99,141,,8,1,Fiat 500,false,391630
45,Torino,4018,5348,"Via Nizza, 250-256, 10126 Torino TO",enjoy,1505718393,1104,6602,EZ069TY,"Corso Regina Margherita, 103, 10124 Torino TO",1505716705,,,2017-09-18T08:38:25.000Z,43,,,2017-09-18T09:06:33.000Z,,LineString,7.6672435,45.03223,7.690873,45.07423,2001,5802,2017-09-18T09:48:11.000Z,1505720891,5022,2,99,141,,8,1,Fiat 500,false,325782
64,Torino,3375,4346,"Corso Inghilterra, 1, 10121 Torino TO",enjoy,1505718155,815,5086,EZ112TY,"Via Boston 122, 1223, 10137 Torino TO",1505716705,,,2017-09-18T08:38:25.000Z,62,,,2017-09-18T09:02:35.000Z,,LineString,7.663567,45.068764,7.6328344,45.043785,1948,5747,2017-09-18T09:39:08.000Z,1505720348,3677,2,99,,,8,1,Fiat 500,false,318903
87,Torino,3883,5193,"Corso Sebastopoli, 288-294, 10136 Torino TO",enjoy,1505718393,901,5713,EZ041TY,"Via Pessinetto, 27a, 10149 Torino TO",1505716705,,,2017-09-18T08:38:25.000Z,82,,,2017-09-18T09:06:33.000Z,,LineString,7.6332293,45.04933,7.656525,45.08961,1817,5752,2017-09-18T09:44:19.000Z,1505720659,4835,2,99,141,,8,1,Fiat 500,false,449064
86,Torino,1229,1567,"Corso Giulio Cesare, 30, 10152 Torino TO",enjoy,1505719849,366,1934,EZ047TY,"Corso Mortara, 24, 10149 Torino TO",1505716705,,,2017-09-18T08:38:25.000Z,85,,,2017-09-18T09:30:49.000Z,,LineString,7.6884093,45.08383,7.674187,45.090305,805,2033,2017-09-18T09:44:17.000Z,1505720657,1327,2,99,,,8,1,Fiat 500,false,411035
62,Torino,1229,1616,"Via Ceres, 9, 10143 Torino TO",car2go,1505717230,458,2013,201/FF355NT,"Piazza Statuto, 17, 10122 Torino TO",1505716704,WME4533421K155724,true,2017-09-18T08:38:24.000Z,62,GOOD,GOOD,2017-09-18T08:47:10.000Z,CE,LineString,7.6527,45.08196,7.66922,45.07634,705,2163,2017-09-18T09:02:10.000Z,1505718130,1438,,,,,,,,,
43,Torino,1949,2510,"Corso Potenza, 6, 10143 Torino TO",car2go,1505717543,812,4098,160/FF185NT,"Via del Carmine, 13, 10122 Torino TO",1505716704,WME4533421K152652,true,2017-09-18T08:38:24.000Z,40,GOOD,GOOD,2017-09-18T08:52:23.000Z,CE,LineString,7.65216,45.0879,7.67473,45.07581,1220,3020,2017-09-18T09:11:17.000Z,1505718677,2222,,,,,,,,,
93,Torino,3756,5084,"Corso Toscana, 185, 10151 Torino TO",car2go,1505718982,871,5116,347/FF151VY,"Via Federico Patetta, 10155 Torino TO",1505716755,WME4533421K152155,true,2017-09-18T08:39:15.000Z,90,GOOD,GOOD,2017-09-18T09:16:22.000Z,CE,LineString,7.64091,45.10153,7.70028,45.1048,1499,5357,2017-09-18T10:02:09.000Z,1505721729,4670,,,,,,,,,
81,Torino,883,1173,"Via Pio VII, 24, 10135 Torino TO",car2go,1505717178,146,1173,113/FF109NT,"Via Melchiorre Voli, 2, 10135 Torino TO",1505716755,WME4533421K151240,true,2017-09-18T08:39:15.000Z,81,GOOD,GOOD,2017-09-18T08:46:18.000Z,CE,LineString,7.65372,45.02791,7.64287,45.02813,540,1446,2017-09-18T08:56:34.000Z,1505717794,852,,,,,,,,,
54,Torino,7743,10092,"Via Catania, 10, 10153 Torino TO",car2go,1505719402,1885,27087,194/EZ573NP,"Via Plava, 129, 10135 Torino TO",1505716755,WME4513341K751242,false,2017-09-18T08:39:15.000Z,51,GOOD,GOOD,2017-09-18T09:23:22.000Z,CE,LineString,7.69544,45.07533,7.61351,45.02104,4203,12964,2017-09-18T10:33:29.000Z,1505723609,8818,,,,,,,,,
21,Torino,8480,11167,"Corso Toscana, 54, 10149 Torino TO",car2go,1505719664,1140,17858,027/FF786KW,Aeroporto Caselle 2,1505716755,WME4533421K149376,true,2017-09-18T08:39:15.000Z,18,GOOD,GOOD,2017-09-18T09:27:44.000Z,CE,LineString,7.65727,45.09724,7.6435,45.18843,2324,11976,2017-09-18T10:14:56.000Z,1505722496,10190,,,,,,,,,
31,Torino,1411,1794,"Corso Principe Oddone, 13a, 10144 Torino TO",car2go,1505718037,478,1862,028/FF789KW,"Via S. Camillo de Lellis, 21, 10121 Torino TO",1505716755,WME4533421K150033,true,2017-09-18T08:39:15.000Z,31,GOOD,GOOD,2017-09-18T09:00:37.000Z,CE,LineString,7.66997,45.07918,7.67973,45.06954,-1,-1,-1,-1,1316,,,,,,,,,
93,Torino,1776,2322,"Via Garessio, 45, 10126 Torino TO",car2go,1505717230,289,2402,274/FF185SJ,"Corso Massimo d'Azeglio, 17, 10126 Torino TO",1505716807,WME4533421K151971,true,2017-09-18T08:40:07.000Z,90,GOOD,GOOD,2017-09-18T08:47:10.000Z,CE,LineString,7.67192,45.03066,7.68057,45.04893,942,3351,2017-09-18T09:11:41.000Z,1505718701,2140,,,,,,,,,
34,Torino,2612,3461,"Via Cenischia, 48, 10139 Torino TO",car2go,1505718144,-1,-1,198/FF352NT,"Via San Domenico, 19b, 10122 Torino TO",1505716807,WME4533421K153899,true,2017-09-18T08:40:07.000Z,34,GOOD,GOOD,2017-09-18T09:02:24.000Z,CE,LineString,7.64318,45.06858,7.67698,45.07586,1567,4207,2017-09-18T09:37:19.000Z,1505720239,2773,,,,,,,,,
68,Torino,-1,-1,"Via dell'Arcivescovado, 6-8, 10121 Torino TO",car2go,1505717066,-1,-1,040/FF812KW,"Via dell'Arcivescovado, 6-8, 10121 Torino TO",1505716807,WME4533421K150075,true,2017-09-18T08:40:07.000Z,68,GOOD,GOOD,2017-09-18T08:44:26.000Z,CE,LineString,7.67925,45.06668,7.67925,45.06668,-1,-1,-1,-1,0,,,,,,,,,
18,Torino,1282,1666,"Via Nuoro, 34, 10137 Torino TO",car2go,1505718244,455,3513,190/FF344NT,"Corso Enrico Tazzoli, 195A, 10137 Torino TO",1505716911,WME4533421K152229,true,2017-09-18T08:41:51.000Z,15,GOOD,GOOD,2017-09-18T09:04:04.000Z,CE,LineString,7.63071,45.04566,7.62215,45.03597,693,2640,2017-09-18T09:26:52.000Z,1505719612,1269,,,,,,,,,
12,Torino,-1,-1,"Via Boston, 139, 10137 Torino TO",car2go,1505718144,-1,-1,038/FF799KW,"Via Boston, 139, 10137 Torino TO",1505716911,WME4533421K148677,true,2017-09-18T08:41:51.000Z,12,GOOD,GOOD,2017-09-18T09:02:24.000Z,CE,LineString,7.62961,45.04456,7.62961,45.04456,-1,-1,-1,-1,0,,,,,,,,,
62,Torino,-1,-1,"Via Giuseppe Giusti, 6, 10121 Torino TO",car2go,1505718244,436,1971,157/FF182NT,"Via Cristoforo Colombo, 38-40, 10129 Torino TO",1505716911,WME4533421K152545,true,2017-09-18T08:41:51.000Z,62,GOOD,GOOD,2017-09-18T09:04:04.000Z,CE,LineString,7.66631,45.07003,7.65943,45.05849,734,1767,2017-09-18T09:22:15.000Z,1505719335,1391,,,,,,,,,
68,Torino,1215,1635,"Via Fratelli Calandra, 23, 10123 Torino TO",enjoy,1505717919,354,1950,EZ004TY,"Via Gabriele Chiabrera, 6, 10126 Torino TO",1505716934,,,2017-09-18T08:42:14.000Z,67,,,2017-09-18T08:58:39.000Z,,LineString,7.6880603,45.05979,7.6809406,45.047283,884,2235,2017-09-18T09:17:38.000Z,1505719058,1498,2,99,141,,8,1,Fiat 500,false,337734
75,Torino,2,2,"Corso Unione Sovietica, 385, 10135 Torino TO",enjoy,1505718155,174,749,EZ115GW,"Corso Unione Sovietica, 395, 10135 Torino TO",1505716934,,,2017-09-18T08:42:14.000Z,75,,,2017-09-18T09:02:35.000Z,,LineString,7.6375065,45.02466,7.637544,45.024612,-1,-1,-1,-1,6,2,99,100,141,8,1,Fiat 500,false,401504
26,Torino,425,564,"Via Giovanni Camerana, 2, 10128 Torino TO",enjoy,1505717690,255,832,EZ207GW,"Corso Re Umberto, 35Bis, 10128 Torino TO",1505716934,,,2017-09-18T08:42:14.000Z,25,,,2017-09-18T08:54:50.000Z,,LineString,7.676682,45.062634,7.671841,45.061512,273,575,2017-09-18T09:01:06.000Z,1505718066,399,2,99,100,141,8,1,Fiat 500,false,412718
96,Torino,4911,6652,"Via Francesco De Sanctis, 18-28, 10142 Torino TO",enjoy,1505719096,1227,7808,EZ786DD,"Via Como, 1-3, 10152 Torino TO",1505716934,,,2017-09-18T08:42:14.000Z,93,,,2017-09-18T09:18:16.000Z,,LineString,7.619071,45.072853,7.693286,45.0836,3471,8240,2017-09-18T10:28:02.000Z,1505723282,5944,2,99,100,141,8,1,Fiat 500,false,418808
56,Torino,5630,7544,"Via Vasile Alecsandri, 2-20, 10141 Torino TO",enjoy,1505718862,1137,8601,EZ002TY,"Via Negarville, 10135 Torino TO",1505716934,,,2017-09-18T08:42:14.000Z,52,,,2017-09-18T09:14:22.000Z,,LineString,7.629929,45.06985,7.6110787,45.0208,2251,8267,2017-09-18T10:08:29.000Z,1505722109,5648,2,99,141,,8,1,Fiat 500,false,336106
56,Torino,2402,3102,"Corso Inghilterra, 17, 10138 Torino TO",enjoy,1505718393,514,3064,EZ748DD,"Via Tripoli, 40, 10136 Torino TO",1505716934,,,2017-09-18T08:42:14.000Z,56,,,2017-09-18T09:06:33.000Z,,LineString,7.6650577,45.07181,7.6483665,45.049458,1599,4718,2017-09-18T09:37:20.000Z,1505720240,2808,2,99,100,141,8,1,Fiat 500,false,385523
97,Torino,1324,1700,"Via Giovanni Carlo Cavalli, 1a, 10138 Torino TO",enjoy,1505717690,356,1740,EZ984DD,"Via Paolo Braccini, 28, 10141 Torino TO",1505716934,,,2017-09-18T08:42:14.000Z,97,,,2017-09-18T08:54:50.000Z,,LineString,7.6642237,45.069714,7.652328,45.059948,1305,2460,2017-09-18T09:22:05.000Z,1505719325,1431,2,99,100,141,8,1,Fiat 500,false,451881
100,Torino,2978,4007,"Via Stelvio, 65A, 10141 Torino TO",enjoy,1505718393,669,4250,EZ255GW,"Corso Enrico Tazzoli, 131, 10135 Torino TO",1505716934,,,2017-09-18T08:42:14.000Z,100,,,2017-09-18T09:06:33.000Z,,LineString,7.626999,45.06616,7.625902,45.035095,1377,5198,2017-09-18T09:42:52.000Z,1505720572,3453,2,99,100,141,8,1,Fiat 500,false,325282
64,Torino,3042,4001,"Via Eleonora d'Arborea, 44, 10135 Torino TO",enjoy,1505718155,674,4536,EZ236TY,"Via Giuseppe Galliano, 29, 10129 Torino TO",1505716934,,,2017-09-18T08:42:14.000Z,63,,,2017-09-18T09:02:35.000Z,,LineString,7.637661,45.03165,7.664794,45.059307,1531,4414,2017-09-18T09:28:35.000Z,1505719715,3739,2,99,141,,8,1,Fiat 500,false,409036
33,Torino,1161,1565,"Via Nizza, 2, 10125 Torino TO",enjoy,1505718862,270,1522,EZ109TY,"Via Ernesto Lugaro, 27, 10126 Torino TO",1505716934,,,2017-09-18T08:42:14.000Z,33,,,2017-09-18T09:14:22.000Z,,LineString,7.6793575,45.06176,7.672104,45.050312,509,1824,2017-09-18T09:24:51.000Z,1505719491,1393,2,99,141,,8,1,Fiat 500,false,324839
94,Torino,2548,3367,"Corso Unione Sovietica, 584, 10135 Torino TO",enjoy,1505717919,447,5907,EZ807DD,"Corso Enrico Tazzoli, 131, 10135 Torino TO",1505716934,,,2017-09-18T08:42:14.000Z,93,,,2017-09-18T08:58:39.000Z,,LineString,7.62519,45.01431,7.6257806,45.035053,1431,3714,2017-09-18T09:25:39.000Z,1505719539,2305,2,99,100,141,8,1,Fiat 500,false,412990
87,Torino,-1,-1,"Corso Massimo d'Azeglio, 118, 10126 Torino TO",car2go,1505719402,-1,-1,197/FF351NT,"Corso Massimo d'Azeglio, 118, 10126 Torino TO",1505717066,WME4533421K153540,true,2017-09-18T08:44:26.000Z,87,GOOD,GOOD,2017-09-18T09:23:22.000Z,CE,LineString,7.67658,45.04208,7.67658,45.04208,-1,-1,-1,-1,0,,,,,,,,,
21,Torino,4669,6086,"Piazza Solferino, 7, 10121 Torino TO",car2go,1505718404,1140,6401,303/FF278SJ,"Corso Giovanni Agnelli, 220, 10135 Torino TO",1505717066,WME4533421K151234,true,2017-09-18T08:44:26.000Z,18,GOOD,GOOD,2017-09-18T09:06:44.000Z,CE,LineString,7.67744,45.06871,7.63634,45.02499,1323,6469,2017-09-18T09:34:35.000Z,1505720075,5832,,,,,,,,,
71,Torino,4855,6243,"Via Umberto Biancamano, 2, 10121 Torino TO",car2go,1505718460,1156,7134,259/FF148SJ,"Corso Enrico Tazzoli, 192-198, 10137 Torino TO",1505717066,WME4533421K150592,true,2017-09-18T08:44:26.000Z,68,GOOD,GOOD,2017-09-18T09:07:40.000Z,CE,LineString,7.67595,45.0665,7.6191,45.03716,2453,8781,2017-09-18T09:53:49.000Z,1505721229,5527,,,,,,,,,
12,Torino,-1,-1,"Corso Bolzano, 12, 10121 Torino TO",car2go,1505735956,-1,-1,282/FF206SJ,"Corso IV Novembre, 104, 10136 Torino TO",1505717066,WME4533421K152540,true,2017-09-18T08:44:26.000Z,100,GOOD,GOOD,2017-09-18T13:59:16.000Z,CE,LineString,7.66509,45.06933,7.65031,45.04462,-1,-1,-1,-1,2980,,,,,,,,,
100,Torino,1303,1722,"Via S. Pio V, 19-25, 10125 Torino TO",car2go,1505718664,485,1712,467/FK858LX,"Piazza Solferino, 5, 10121 Torino TO",1505717066,WME4530421Y135209,true,2017-09-18T08:44:26.000Z,100,GOOD,GOOD,2017-09-18T09:11:04.000Z,CE,LineString,7.68561,45.0594,7.67764,45.06908,676,1886,2017-09-18T09:25:20.000Z,1505719520,1244,,,,,,,,,
31,Torino,1168,1527,"Via dell'Industria, 24A, 10144 Torino TO",car2go,1505718090,356,1978,418/FK619LX,"Via Luigi Cibrario, 87-89, 10143 Torino TO",1505717066,WME4530421Y135097,true,2017-09-18T08:44:26.000Z,28,GOOD,GOOD,2017-09-18T09:01:30.000Z,CE,LineString,7.6688,45.08119,7.65343,45.08235,672,1950,2017-09-18T09:13:09.000Z,1505718789,1212,,,,,,,,,
75,Torino,-1,-1,"Via Cernaia, 22, 10122 Torino TO",car2go,1505718090,613,3227,093/FF059NT,"Via Giuseppe Piazzi, 56a, 10129 Torino TO",1505717066,WME4533421K150282,true,2017-09-18T08:44:26.000Z,71,GOOD,GOOD,2017-09-18T09:01:30.000Z,CE,LineString,7.67348,45.07187,7.65832,45.05205,988,2874,2017-09-18T09:20:30.000Z,1505719230,2503,,,,,,,,,
100,Torino,814,1048,"Via Giuseppe Maria Bonzanigo, 7-9, 10144 Torino TO",car2go,1505717981,268,1307,203/FF366NT,"Via Raffaello Morghen, 5, 10143 Torino TO",1505717066,WME4533421K151679,true,2017-09-18T08:44:26.000Z,100,GOOD,GOOD,2017-09-18T08:59:41.000Z,CE,LineString,7.6688,45.07962,7.65763,45.07701,929,2694,2017-09-18T09:14:30.000Z,1505718870,923,,,,,,,,,
46,Torino,3074,4121,"Via Luigi Cibrario, 44, 10144 Torino TO",car2go,1505718762,956,5439,502/FK905LX,"Lungo Dora Pietro Colletta, 11, 10153 Torino TO",1505717066,WME4530421Y135259,true,2017-09-18T08:44:26.000Z,46,GOOD,GOOD,2017-09-18T09:12:42.000Z,CE,LineString,7.66046,45.07992,7.7077,45.07581,2319,5409,2017-09-18T09:50:37.000Z,1505721037,3734,,,,,,,,,
53,Torino,-1,-1,"Via Antonio Canova, 39A, 10126 Torino TO",car2go,1505719402,-1,-1,444/FK637LX,"Via Antonio Canova, 39A, 10126 Torino TO",1505717066,WME4530421Y135046,true,2017-09-18T08:44:26.000Z,53,GOOD,GOOD,2017-09-18T09:23:22.000Z,CE,LineString,7.67685,45.0439,7.67685,45.0439,-1,-1,-1,-1,0,,,,,,,,,
78,Torino,-1,-1,"Via Sant'Ambrogio, 25, 10139 Torino TO",car2go,1505718353,-1,-1,124/FG348FH,"Via Sant'Ambrogio, 25, 10139 Torino TO",1505717123,WME4533421K152394,true,2017-09-18T08:45:23.000Z,78,GOOD,GOOD,2017-09-18T09:05:53.000Z,CE,LineString,7.63229,45.07234,7.63229,45.07234,-1,-1,-1,-1,0,,,,,,,,,
56,Torino,1172,1606,"Corso Vittorio Emanuele II, 42, 10123 Torino TO",car2go,1505717923,646,2996,496/FK899LX,"Corso S. Maurizio, 12, 10124 Torino TO",1505717123,WME4530421Y135250,true,2017-09-18T08:45:23.000Z,53,GOOD,GOOD,2017-09-18T08:58:43.000Z,CE,LineString,7.68304,45.06143,7.69394,45.07015,716,1753,2017-09-18T09:13:44.000Z,1505718824,1292,,,,,,,,,
50,Torino,1628,2159,"Via Rio de Janeiro, 1-5, 10141 Torino TO",car2go,1505718561,501,2628,155/FF180NT,"Via Andrea Gastaldi, 2, 10128 Torino TO",1505717123,WME4533421K152448,true,2017-09-18T08:45:23.000Z,50,GOOD,GOOD,2017-09-18T09:09:21.000Z,CE,LineString,7.65151,45.05966,7.6722,45.06473,1019,2624,2017-09-18T09:30:53.000Z,1505719853,1718,,,,,,,,,
68,Torino,1867,2418,"Via San Domenico, 29, 10122 Torino TO",car2go,1505718037,-1,-1,335/FF057VY,"Corso Castelfidardo, 10129 Torino TO",1505717178,WME4533421K150553,true,2017-09-18T08:46:18.000Z,68,GOOD,GOOD,2017-09-18T09:00:37.000Z,CE,LineString,7.67516,45.07655,7.65884,45.06214,1323,2972,2017-09-18T09:23:04.000Z,1505719384,2050,,,,,,,,,
68,Torino,1404,1858,"Via Giorgio Bidone, 27, 10125 Torino TO",car2go,1505718193,470,1952,442/FK660LX,"Via Giambattista Bogino, 18, 10123 Torino TO",1505717178,WME4530421Y135038,true,2017-09-18T08:46:18.000Z,68,GOOD,GOOD,2017-09-18T09:03:13.000Z,CE,LineString,7.68002,45.05227,7.68596,45.06617,-1,-1,-1,-1,1613,,,,,,,,,
100,Torino,-1,-1,"Via Lurisia, 14, 10141 Torino TO",car2go,1505717284,-1,-1,091/FF057NT,"Via Lurisia, 14, 10141 Torino TO",1505717178,WME4533421K150264,true,2017-09-18T08:46:18.000Z,100,GOOD,GOOD,2017-09-18T08:48:04.000Z,CE,LineString,7.64614,45.05976,7.64614,45.05976,-1,-1,-1,-1,0,,,,,,,,,
15,Torino,3338,4494,"Via Ricaldone, 36, 10136 Torino TO",car2go,1505718611,1122,5512,349/FF153VY,"Via Giambattista Bogino, 20, 10123 Torino TO",1505717178,WME4533421K152500,true,2017-09-18T08:46:18.000Z,15,GOOD,GOOD,2017-09-18T09:10:11.000Z,CE,LineString,7.64529,45.05068,7.68578,45.06592,1869,5488,2017-09-18T09:46:42.000Z,1505720802,3601,,,,,,,,,
45,Torino,2739,3588,"Via Montevideo, 2, 10134 Torino TO",enjoy,1505717919,511,3550,EZ243GW,"Via Manfredo Fanti, 8/A, 10128 Torino TO",1505717199,,,2017-09-18T08:46:39.000Z,44,,,2017-09-18T08:58:39.000Z,,LineString,7.6516004,45.036953,7.668029,45.064423,891,4264,2017-09-18T09:14:56.000Z,1505718896,3313,2,99,100,141,8,1,Fiat 500,false,391038
20,Torino,978,1324,"Via Bologna, 131, 10154 Torino TO",enjoy,1505722232,225,1498,EZ794DD,"Via Giovanni Cravero, 52, 10154 Torino TO",1505717199,,,2017-09-18T08:46:39.000Z,17,,,2017-09-18T10:10:32.000Z,,LineString,7.703772,45.0863,7.7135706,45.093857,526,1424,2017-09-18T10:24:02.000Z,1505723042,1138,2,99,100,141,8,1,Fiat 500,false,379456
48,Torino,3253,4213,"Sottopasso Michele Lanza, 10126 Torino TO",enjoy,1505718393,846,5001,EZ000TY,"Corso Unione Sovietica, 363, 10135 Torino TO",1505717199,,,2017-09-18T08:46:39.000Z,46,,,2017-09-18T09:06:33.000Z,,LineString,7.676464,45.04082,7.6399293,45.02718,1529,4488,2017-09-18T09:34:41.000Z,1505720081,3244,2,99,141,,8,1,Fiat 500,false,337021
64,Torino,2283,2953,"Corso Ottone Rosai, 38, 10144 Torino TO",enjoy,1505718155,530,3226,EZ070TY,"Via Vincenzo Vela, 18-20, 10128 Torino TO",1505717199,,,2017-09-18T08:46:39.000Z,63,,,2017-09-18T09:02:35.000Z,,LineString,7.6708317,45.08653,7.6679025,45.06492,1345,3668,2017-09-18T09:39:10.000Z,1505720350,2412,2,99,141,,8,1,Fiat 500,false,303739
60,Torino,3220,4140,"Corso Galileo Ferraris, 1966, 10128 Torino TO",enjoy,1505718393,667,4149,EZ233GW,"Corso Telesio Bernardino, 28, 10146 Torino TO",1505717199,,,2017-09-18T08:46:39.000Z,60,,,2017-09-18T09:06:33.000Z,,LineString,7.6666408,45.05935,7.625551,45.07708,1746,4488,2017-09-18T09:36:02.000Z,1505720162,3779,2,99,100,141,8,1,Fiat 500,false,447013
60,Torino,2635,3478,"Via Issiglio, 2, 10141 Torino TO",enjoy,1505718393,787,4144,EZ779DD,"Via Confienza, 10, 10121 Torino TO",1505717199,,,2017-09-18T08:46:39.000Z,60,,,2017-09-18T09:06:33.000Z,,LineString,7.6413355,45.067463,7.675847,45.069218,1645,4179,2017-09-18T09:39:57.000Z,1505720397,2715,2,99,100,141,8,1,Fiat 500,false,414193
74,Torino,-1,-1,"Corso Taranto, Torino, TO, Italia",enjoy,1505717919,-1,-1,EZ104GW,"Corso Taranto, Torino, TO, Italia",1505717199,,,2017-09-18T08:46:39.000Z,74,,,2017-09-18T08:58:39.000Z,,LineString,7.706555,45.098236,7.706555,45.098236,-1,-1,-1,-1,0,2,99,100,141,8,1,Fiat 500,false,406408
84,Torino,827,1079,"Corso Peschiera, 66-102, 10141 Torino TO",car2go,1505717704,221,1289,482/FK873LX,"Corso Peschiera, 179, 10141 Torino TO",1505717230,WME4530421Y135145,true,2017-09-18T08:47:10.000Z,84,GOOD,GOOD,2017-09-18T08:55:04.000Z,CE,LineString,7.65712,45.0618,7.64682,45.06557,568,1315,2017-09-18T09:06:38.000Z,1505718398,910,,,,,,,,,
62,Torino,-1,-1,"Corso Svizzera, 26, 10143 Torino TO",car2go,1505718037,549,2546,476/FK867LX,"Via San Domenico, 17, 10122 Torino TO",1505717230,WME4530421Y135224,true,2017-09-18T08:47:10.000Z,62,GOOD,GOOD,2017-09-18T09:00:37.000Z,CE,LineString,7.64966,45.07824,7.67861,45.0753,-1,-1,-1,-1,2295,,,,,,,,,
46,Torino,1278,1691,"Via Carso, 2-12, 10141 Torino TO",car2go,1505718353,306,1692,484/FK875LX,"Corso Siracusa, 50A, 10136 Torino TO",1505717230,WME4530421Y135179,true,2017-09-18T08:47:10.000Z,46,GOOD,GOOD,2017-09-18T09:05:53.000Z,CE,LineString,7.638,45.06407,7.63425,45.05059,650,1985,2017-09-18T09:18:26.000Z,1505719106,1526,,,,,,,,,
90,Torino,4169,5463,"Via Severino Grattoni, 8, 10121 Torino TO",car2go,1505719251,996,5594,235/FF103SJ,"Corso Giovanni Agnelli, 182-188, 10135 Torino TO",1505717230,WME4533421K152744,true,2017-09-18T08:47:10.000Z,90,GOOD,GOOD,2017-09-18T09:20:51.000Z,CE,LineString,7.66675,45.0712,7.63809,45.02822,1583,5610,2017-09-18T09:52:17.000Z,1505721137,5279,,,,,,,,,
60,Torino,-1,-1,"Via Giovanni Francesco Napione, 39-41, 10124 Torino TO",car2go,1505717284,-1,-1,195/EZ569NP,"Via Giovanni Francesco Napione, 39-41, 10124 Torino TO",1505717230,WME4513341K751040,false,2017-09-18T08:47:10.000Z,60,GOOD,GOOD,2017-09-18T08:48:04.000Z,CE,LineString,7.70296,45.06893,7.70296,45.06893,-1,-1,-1,-1,0,,,,,,,,,
100,Torino,-1,-1,"Corso Orbassano, 365, 10137 Torino TO",car2go,1505717284,-1,-1,071/FF037NT,"Corso Orbassano, 365, 10137 Torino TO",1505717230,WME4533421K149233,true,2017-09-18T08:47:10.000Z,100,GOOD,GOOD,2017-09-18T08:48:04.000Z,CE,LineString,7.62677,45.03636,7.62677,45.03636,-1,-1,-1,-1,0,,,,,,,,,
87,Torino,-1,-1,"Lungo Dora Pietro Colletta 113, 113, 10153 Torino TO",car2go,1505717430,-1,-1,319/FF294SJ,"Lungo Dora Pietro Colletta 113, 113, 10153 Torino TO",1505717230,WME4533421K152316,true,2017-09-18T08:47:10.000Z,87,GOOD,GOOD,2017-09-18T08:50:30.000Z,CE,LineString,7.71548,45.07498,7.71548,45.07498,-1,-1,-1,-1,0,,,,,,,,,
46,Torino,2713,3671,"Corso Inghilterra, 1, 10121 Torino TO",car2go,1505718353,686,4562,060/FF026NT,"Corso Novara, 114, 10152 Torino TO",1505717230,WME4533421K140524,true,2017-09-18T08:47:10.000Z,46,GOOD,GOOD,2017-09-18T09:05:53.000Z,CE,LineString,7.66413,45.06972,7.69894,45.08136,1770,4560,2017-09-18T09:34:45.000Z,1505720085,3022,,,,,,,,,
62,Torino,2265,3011,"Via Isonzo, 129, 10141 Torino TO",car2go,1505718762,548,3380,172/FF197NT,"Via Raffaello Morghen, 8, 10143 Torino TO",1505717230,WME4533421K151245,true,2017-09-18T08:47:10.000Z,62,GOOD,GOOD,2017-09-18T09:12:42.000Z,CE,LineString,7.63762,45.05963,7.65772,45.07717,1579,4445,2017-09-18T09:46:09.000Z,1505720769,2507,,,,,,,,,
81,Torino,1460,1876,"Corso Massimo d'Azeglio, 34, 10125 Torino TO",car2go,1505718296,504,2329,081/FF047NT,"Via Amerigo Vespucci, 31, 10128 Torino TO",1505717284,WME4533421K149735,true,2017-09-18T08:48:04.000Z,81,GOOD,GOOD,2017-09-18T09:04:56.000Z,CE,LineString,7.68421,45.05416,7.66433,45.05537,938,2327,2017-09-18T09:26:38.000Z,1505719598,1566,,,,,,,,,
18,Torino,2148,2899,"Largo Re Umberto, 98a, 10128 Torino TO",car2go,1505719147,898,4552,487/FK890LX,"Via Principe Amedeo, 18Bis, 10123 Torino TO",1505717336,WME4530421Y135229,true,2017-09-18T08:48:56.000Z,15,GOOD,GOOD,2017-09-18T09:19:07.000Z,CE,LineString,7.66514,45.05333,7.68708,45.06792,1300,2974,2017-09-18T09:47:46.000Z,1505720866,2365,,,,,,,,,
68,Torino,901,1153,"Via dell'Arcivescovado, 6-8, 10121 Torino TO",car2go,1505718144,-1,-1,040/FF812KW,"Corso Stati Uniti, 21-27, 10128 Torino TO",1505717336,WME4533421K150075,true,2017-09-18T08:48:56.000Z,68,GOOD,GOOD,2017-09-18T09:02:24.000Z,CE,LineString,7.67925,45.06668,7.67001,45.06313,503,1341,2017-09-18T09:08:46.000Z,1505718526,825,,,,,,,,,
90,Torino,1216,1613,"Corso Massimo d'Azeglio, 17, 10126 Torino TO",car2go,1505718561,321,1608,274/FF185SJ,"Via S. Pio V, 13, 10125 Torino TO",1505717383,WME4533421K151971,true,2017-09-18T08:49:43.000Z,90,GOOD,GOOD,2017-09-18T09:09:21.000Z,CE,LineString,7.68057,45.04893,7.68314,45.06029,689,1737,2017-09-18T09:21:07.000Z,1505719267,1278,,,,,,,,,
25,Torino,1519,2044,"Via Confienza, 9, 10121 Torino TO",car2go,1505718509,750,4060,292/FF227SJ,"Lungo Dora Agrigento, 73, 10152 Torino TO",1505717383,WME4533421K152955,true,2017-09-18T08:49:43.000Z,21,GOOD,GOOD,2017-09-18T09:08:29.000Z,CE,LineString,7.67617,45.06937,7.67983,45.0851,1445,2726,2017-09-18T09:30:21.000Z,1505719821,1771,,,,,,,,,
46,Torino,1148,1514,"Via Principi d'Acaja, 38, 10138 Torino TO",car2go,1505718037,343,1671,323/FF298SJ,"Corso Castelfidardo, 42, 10138 Torino TO",1505717383,WME4533421K152377,true,2017-09-18T08:49:43.000Z,46,GOOD,GOOD,2017-09-18T09:00:37.000Z,CE,LineString,7.66196,45.07289,7.65859,45.0622,1037,2318,2017-09-18T09:20:40.000Z,1505719240,1217,,,,,,,,,
55,Torino,4,5,"Via Felice Casorati, 1-3, 10127 Torino TO",enjoy,1505717690,1,5,EZ270GW,"Via Felice Casorati, 59, 10127 Torino TO",1505717424,,,2017-09-18T08:50:24.000Z,55,,,2017-09-18T08:54:50.000Z,,LineString,7.653446,45.02617,7.6534343,45.02626,-1,-1,-1,-1,10,2,99,100,141,8,1,Fiat 500,false,362874
45,Torino,3283,4316,"Via Gaetano Donizetti, 3, 10126 Torino TO",enjoy,1505718627,747,4341,EZ759DD,"Via Alessandro Pernati di Momo, 16A, 10135 Torino TO",1505717424,,,2017-09-18T08:50:24.000Z,44,,,2017-09-18T09:10:27.000Z,,LineString,7.675345,45.050488,7.640078,45.027477,1984,6566,2017-09-18T09:39:06.000Z,1505720346,3769,2,99,100,141,8,1,Fiat 500,false,416747
96,Torino,2131,2802,"Lungo Dora Napoli, 32, 10152 Torino TO",enjoy,1505718862,843,3778,EZ168TY,"Piazza Cavour, 10, 10123 Torino TO",1505717424,,,2017-09-18T08:50:24.000Z,94,,,2017-09-18T09:14:22.000Z,,LineString,7.6828656,45.083958,7.690734,45.06371,1454,3162,2017-09-18T09:42:35.000Z,1505720555,2333,2,99,141,,8,1,Fiat 500,false,471889
28,Torino,1078,1451,"Via S. Antonino, 8, 10139 Torino TO",enjoy,1505718862,374,1673,EZ157TY,"Via Romagnano, 6, 10145 Torino TO",1505717424,,,2017-09-18T08:50:24.000Z,28,,,2017-09-18T09:14:22.000Z,,LineString,7.6369295,45.073868,7.6431766,45.08275,619,1709,2017-09-18T09:42:43.000Z,1505720563,1102,2,99,141,,8,1,Fiat 500,false,462760
37,Torino,4169,5653,"Str. del Lionetto, 6, 10146 Torino TO",enjoy,1505719350,1159,6589,EZ156TY,"Corso S. Maurizio, 12c, 10124 Torino TO",1505717424,,,2017-09-18T08:50:24.000Z,34,,,2017-09-18T09:22:30.000Z,,LineString,7.629557,45.076332,7.6936736,45.070587,2164,7945,2017-09-18T09:58:46.000Z,1505721526,5071,2,99,141,,8,1,Fiat 500,false,475578
77,Torino,1614,2080,"Via Nicomede Bianchi, 24A, 10146 Torino TO",enjoy,1505719096,444,2805,EZ030TY,"Via Goffredo Casalis, 45-51, 10138 Torino TO",1505717424,,,2017-09-18T08:50:24.000Z,76,,,2017-09-18T09:18:16.000Z,,LineString,7.6366158,45.081936,7.6585655,45.075058,1110,2625,2017-09-18T09:38:47.000Z,1505720327,1884,2,99,141,,8,1,Fiat 500,false,349732
41,Torino,914,1241,"Via Pietro Piffetti, 49, 10143 Torino TO",enjoy,1505718155,310,1435,EZ985DD,"Corso Svizzera, 160, 10144 Torino TO",1505717424,,,2017-09-18T08:50:24.000Z,40,,,2017-09-18T09:02:35.000Z,,LineString,7.6566353,45.077023,7.6576085,45.087734,617,1613,2017-09-18T09:15:08.000Z,1505718908,1192,2,99,100,141,8,1,Fiat 500,false,381805
67,Torino,4569,5987,"Via Fratelli Calandra, 3, 10123 Torino TO",enjoy,1505719096,1026,8070,EZ196TY,"Via Felice Rignon, 12, 10135 Torino TO",1505717424,,,2017-09-18T08:50:24.000Z,68,,,2017-09-18T09:18:16.000Z,,LineString,7.689386,45.061634,7.6403527,45.02888,2713,8369,2017-09-18T10:07:56.000Z,1505722076,5298,2,99,141,,8,1,Fiat 500,false,334133
82,Torino,2867,3863,"Via Mario Pannunzio, 1, 10127 Torino TO",enjoy,1505718393,542,4226,EZ008TY,"Corso Galileo Galilei, 18a, 10126 Torino TO",1505717424,,,2017-09-18T08:50:24.000Z,82,,,2017-09-18T09:06:33.000Z,,LineString,7.6559052,45.026615,7.680173,45.043804,1756,5040,2017-09-18T09:42:52.000Z,1505720572,2698,2,99,141,,8,1,Fiat 500,false,361363
52,Torino,879,1130,"Via S. Rocchetto, 17-19, 10143 Torino TO",enjoy,1505718862,389,1445,EZ788DD,"Via Balangero, 18, 10149 Torino TO",1505717424,,,2017-09-18T08:50:24.000Z,51,,,2017-09-18T09:14:22.000Z,,LineString,7.6539783,45.08029,7.657615,45.08964,761,1248,2017-09-18T09:25:38.000Z,1505719538,1077,2,99,100,141,8,1,Fiat 500,false,420840
65,Torino,2850,3772,"Via Paolo Boselli, 33, 10146 Torino TO",enjoy,1505720799,736,4227,EZ103GW,"Corso Duca degli Abruzzi, 8, 10128 Torino TO",1505717424,,,2017-09-18T08:50:24.000Z,63,,,2017-09-18T09:46:39.000Z,,LineString,7.634676,45.0848,7.6652575,45.066113,1688,5119,2017-09-18T10:16:49.000Z,1505722609,3173,2,99,100,141,8,1,Fiat 500,false,386908
29,Torino,3165,4145,"Corso Caio Plinio, 6, 10127 Torino TO",enjoy,1505718155,666,4657,EZ810DD,"Via Plava, 74, 10135 Torino TO",1505717424,,,2017-09-18T08:50:24.000Z,27,,,2017-09-18T09:02:35.000Z,,LineString,7.6554837,45.02593,7.615672,45.020256,1611,7631,2017-09-18T09:42:15.000Z,1505720535,3189,2,99,100,141,8,1,Fiat 500,false,386440
69,Torino,4239,5482,"Corso Belgio, 107f, 10153 Torino TO",enjoy,1505718862,882,5597,EZ215GW,"Via Cardinale Guglielmo Massaia, 59-65, 10147 Torino TO",1505717424,,,2017-09-18T08:50:24.000Z,67,,,2017-09-18T09:14:22.000Z,,LineString,7.71891,45.073986,7.6700034,45.100605,1638,5724,2017-09-18T10:03:42.000Z,1505721822,4844,2,99,100,141,8,1,Fiat 500,false,430787
78,Torino,4457,5888,"Via Ventimiglia, 228, 10127 Torino TO",enjoy,1505719096,963,6766,EZ126TY,"Piazza C.L.N., 243, 10123 Torino TO",1505717424,,,2017-09-18T08:50:24.000Z,75,,,2017-09-18T09:18:16.000Z,,LineString,7.66522,45.017284,7.682059,45.066574,1861,6180,2017-09-18T09:54:15.000Z,1505721255,5634,2,99,141,,8,1,Fiat 500,false,336489
94,Torino,3925,5137,"Via Pietro Cavezzale, 1-5, 10124 Torino TO",enjoy,1505719350,1005,6202,EZ092TY,"Via Pasquale Galluppi, 12, 10134 Torino TO",1505717424,,,2017-09-18T08:50:24.000Z,90,,,2017-09-18T09:22:30.000Z,,LineString,7.703949,45.069073,7.6615353,45.044224,2443,7099,2017-09-18T10:16:28.000Z,1505722588,4325,2,99,141,,8,1,Fiat 500,false,365249
74,Torino,1088,1446,"Corso Vittorio Emanuele II, 129, 10138 Torino TO",enjoy,1505718155,357,1944,EZ797DD,"Via Carmelo Borg Pisani, 4, 10141 Torino TO",1505717424,,,2017-09-18T08:50:24.000Z,73,,,2017-09-18T09:02:35.000Z,,LineString,7.6584086,45.069992,7.65068,45.060715,1041,2117,2017-09-18T09:20:25.000Z,1505719225,1196,2,99,100,141,8,1,Fiat 500,false,405204
44,Torino,1144,1513,"Corso Regina Margherita, 160, 10152 Torino TO",enjoy,1505718393,732,2712,EZ831DD,"Piazza Solferino, 7, 10121 Torino TO",1505717424,,,2017-09-18T08:50:24.000Z,42,,,2017-09-18T09:06:33.000Z,,LineString,7.677815,45.078884,7.6772614,45.0686,925,1896,2017-09-18T09:36:39.000Z,1505720199,1143,2,99,100,141,8,1,Fiat 500,false,395297
15,Torino,1935,2432,"Corso Moncalieri, 1, 10131 Torino TO",car2go,1505718762,699,2690,016/FF774KW,"Piazza Savoia, 10122 Torino TO",1505717430,WME4533421K148718,true,2017-09-18T08:50:30.000Z,15,GOOD,GOOD,2017-09-18T09:12:42.000Z,CE,LineString,7.69813,45.06235,7.67697,45.075,1215,2867,2017-09-18T09:33:32.000Z,1505720012,2175,,,,,,,,,
37,Torino,1468,1961,"Via Belfiore, 46, 10125 Torino TO",car2go,1505719978,500,2126,299/FF249SJ,"Via Principe Amedeo, 32, 10123 Torino TO",1505717430,WME4533421K152526,true,2017-09-18T08:50:30.000Z,34,GOOD,GOOD,2017-09-18T09:32:58.000Z,CE,LineString,7.67788,45.05299,7.68957,45.06696,863,2228,2017-09-18T09:50:34.000Z,1505721034,1803,,,,,,,,,
78,Torino,1728,2293,"Via Arbe, 19, 10136 Torino TO",car2go,1505718353,405,2477,441/FK659LX,"Corso Enrico Tazzoli, 158, 10137 Torino TO",1505717489,WME4530421Y135037,true,2017-09-18T08:51:29.000Z,78,GOOD,GOOD,2017-09-18T09:05:53.000Z,CE,LineString,7.63034,45.05421,7.62511,45.03528,693,2340,2017-09-18T09:31:52.000Z,1505719912,2143,,,,,,,,,
65,Torino,2223,2932,"Via Po, 19, 10123 Torino TO",car2go,1505718296,770,3512,311/FF286SJ,"Corso Vigevano, 14b, 10155 Torino TO",1505717543,WME4533421K151683,true,2017-09-18T08:52:23.000Z,65,GOOD,GOOD,2017-09-18T09:04:56.000Z,CE,LineString,7.68886,45.06905,7.68613,45.08992,1443,3284,2017-09-18T09:26:56.000Z,1505719616,2329,,,,,,,,,
100,Torino,1550,2038,"Via Emilio Bongiovanni, 10147 Torino TO",car2go,1505718982,451,2259,278/FF194SJ,"Via S. Pancrazio, 4A, 10147 Torino TO",1505717543,WME4533421K152357,true,2017-09-18T08:52:23.000Z,100,GOOD,GOOD,2017-09-18T09:16:22.000Z,CE,LineString,7.68573,45.0994,7.66386,45.10435,943,2587,2017-09-18T09:42:22.000Z,1505720542,1801,,,,,,,,,
25,Torino,1517,1976,"Piazza Cavour, 2/A, 10123 Torino TO",car2go,1505719037,597,2485,107/FF095NT,"Corso Vinzaglio, 31, 10121 Torino TO",1505717543,WME4533421K144545,true,2017-09-18T08:52:23.000Z,25,GOOD,GOOD,2017-09-18T09:17:17.000Z,CE,LineString,7.68917,45.06268,7.66723,45.06842,1052,2592,2017-09-18T09:36:29.000Z,1505720189,1836,,,,,,,,,
37,Torino,1297,1670,"Corso Luigi Einaudi, 70, 10128 Torino TO",car2go,1505719093,418,2021,516/FK993MC,"Via Raimondo Montecuccoli, 10, 10121 Torino TO",1505717543,WME4530421Y135256,true,2017-09-18T08:52:23.000Z,37,GOOD,GOOD,2017-09-18T09:18:13.000Z,CE,LineString,7.66682,45.05782,7.67126,45.07013,799,2036,2017-09-18T09:32:08.000Z,1505719928,1411,,,,,,,,,
57,Torino,-1,-1,"Via Giovanni Ribet, 9-11, 10125 Torino TO",car2go,1505717818,-1,-1,180/EZ512NP,"Via Giovanni Ribet, 9-11, 10125 Torino TO",1505717595,WME4513341K745658,false,2017-09-18T08:53:15.000Z,57,GOOD,GOOD,2017-09-18T08:56:58.000Z,CE,LineString,7.67503,45.05465,7.67503,45.05465,-1,-1,-1,-1,0,,,,,,,,,
21,Torino,-1,-1,"Piazza Carlo Felice, 53, 10123 Torino TO",car2go,1505717981,-1,-1,478/FK869LX,"Piazza Carlo Felice, 53, 10123 Torino TO",1505717650,WME4530421Y135226,true,2017-09-18T08:54:10.000Z,21,GOOD,GOOD,2017-09-18T08:59:41.000Z,CE,LineString,7.67984,45.06329,7.67984,45.06329,-1,-1,-1,-1,0,,,,,,,,,
84,Torino,2573,3465,"Corso Dante, 251, 10134 Torino TO",car2go,1505718611,744,3796,290/FF222SJ,"Via Po, 22, 10123 Torino TO",1505717650,WME4533421K152836,true,2017-09-18T08:54:10.000Z,84,GOOD,GOOD,2017-09-18T09:10:11.000Z,CE,LineString,7.66703,45.04944,7.69087,45.0677,1801,3619,2017-09-18T09:41:50.000Z,1505720510,2760,,,,,,,,,
